<gmi:MI_Metadata xmlns:eos="http://earthdata.nasa.gov/schema/eos"
    xmlns:gco="http://www.isotc211.org/2005/gco"
    xmlns:gmd="http://www.isotc211.org/2005/gmd"
    xmlns:gmi="http://www.isotc211.org/2005/gmi"
    xmlns:gml="http://www.opengis.net/gml/3.2"
    xmlns:gmx="http://www.isotc211.org/2005/gmx"
    xmlns:gsr="http://www.isotc211.org/2005/gsr"
    xmlns:gss="http://www.isotc211.org/2005/gss"
    xmlns:gts="http://www.isotc211.org/2005/gts"
    xmlns:srv="http://www.isotc211.org/2005/srv"
    xmlns:swe="http://schemas.opengis.net/sweCommon/2.0/"
    xmlns:xlink="http://www.w3.org/1999/xlink"
    xmlns:xs="http://www.w3.org/2001/XMLSchema" xmlns:xsi="http://www.w3.org/2001/XMLSchema-instance">
    <!--Other Properties, all:0, coi:0,ii:0,si:0,pli:0,pri:0,qi:0,gi:0,ci:0,dk:0,pcc:0,icc:0,scc:0-->
    <!--Translated from ECHO using ECHOToISO.xsl Version: 1.33-->
    <gmd:fileIdentifier>
        <gco:CharacterString>gov.nasa.echo:PODAAC-RSX12-L2C11</gco:CharacterString>
    </gmd:fileIdentifier>
    <gmd:language>
        <gco:CharacterString>eng</gco:CharacterString>
    </gmd:language>
    <gmd:characterSet>
        <gmd:MD_CharacterSetCode
            codeList="http://www.ngdc.noaa.gov/metadata/published/xsd/schema/resources/Codelist/gmxCodelists.xml#MD_CharacterSetCode" codeListValue="utf8">utf8</gmd:MD_CharacterSetCode>
    </gmd:characterSet>
    <gmd:hierarchyLevel>
        <gmd:MD_ScopeCode
            codeList="http://www.ngdc.noaa.gov/metadata/published/xsd/schema/resources/Codelist/gmxCodelists.xml#MD_ScopeCode" codeListValue="series">series</gmd:MD_ScopeCode>
    </gmd:hierarchyLevel>
    <gmd:contact>
        <gmd:CI_ResponsibleParty>
            <gmd:organisationName>
                <gco:CharacterString>PO.DAAC</gco:CharacterString>
            </gmd:organisationName>
            <gmd:role>
                <gmd:CI_RoleCode
                    codeList="http://www.ngdc.noaa.gov/metadata/published/xsd/schema/resources/Codelist/gmxCodelists.xml#CI_RoleCode" codeListValue="pointOfContact">pointOfContact</gmd:CI_RoleCode>
            </gmd:role>
        </gmd:CI_ResponsibleParty>
    </gmd:contact>
    <gmd:dateStamp>
        <gco:DateTime>2016-05-06T15:17:22.659Z</gco:DateTime>
    </gmd:dateStamp>
    <gmd:metadataStandardName>
        <gco:CharacterString>ISO 19115-2 Geographic Information - Metadata Part 2 Extensions for imagery and gridded data</gco:CharacterString>
    </gmd:metadataStandardName>
    <gmd:metadataStandardVersion>
        <gco:CharacterString>ISO 19115-2:2009(E)</gco:CharacterString>
    </gmd:metadataStandardVersion>
    <gmd:referenceSystemInfo>
        <gmd:MD_ReferenceSystem>
            <gmd:referenceSystemIdentifier>
                <gmd:RS_Identifier>
                    <gmd:code>
                        <gco:CharacterString>CARTESIAN</gco:CharacterString>
                    </gmd:code>
                </gmd:RS_Identifier>
            </gmd:referenceSystemIdentifier>
        </gmd:MD_ReferenceSystem>
    </gmd:referenceSystemInfo>
    <gmd:identificationInfo>
        <gmd:MD_DataIdentification>
            <gmd:citation>
                <gmd:CI_Citation>
                    <gmd:title>
                        <gco:CharacterString>RSCAT_LEVEL_2B_OWV_CLIM_12_V1 &gt; Rapidscat Level 2B Climate Ocean Wind Vectors in 12.5km Footprints</gco:CharacterString>
                    </gmd:title>
                    <gmd:date>
                        <gmd:CI_Date>
                            <gmd:date>
                                <gco:DateTime>2016-03-23T17:57:28.340Z</gco:DateTime>
                            </gmd:date>
                            <gmd:dateType>
                                <gmd:CI_DateTypeCode
                                    codeList="http://www.ngdc.noaa.gov/metadata/published/xsd/schema/resources/Codelist/gmxCodelists.xml#CI_DateTypeCode" codeListValue="revision">revision</gmd:CI_DateTypeCode>
                            </gmd:dateType>
                        </gmd:CI_Date>
                    </gmd:date>
                    <gmd:date>
                        <gmd:CI_Date>
                            <gmd:date>
                                <gco:DateTime>2016-03-23T17:57:28.340Z</gco:DateTime>
                            </gmd:date>
                            <gmd:dateType>
                                <gmd:CI_DateTypeCode
                                    codeList="http://www.ngdc.noaa.gov/metadata/published/xsd/schema/resources/Codelist/gmxCodelists.xml#CI_DateTypeCode" codeListValue="creation">creation</gmd:CI_DateTypeCode>
                            </gmd:dateType>
                        </gmd:CI_Date>
                    </gmd:date>
                    <gmd:edition>
                        <gco:CharacterString>1</gco:CharacterString>
                    </gmd:edition>
                    <gmd:identifier>
                        <gmd:MD_Identifier>
                            <gmd:code>
                                <gco:CharacterString>RSCAT_LEVEL_2B_OWV_CLIM_12_V1</gco:CharacterString>
                            </gmd:code>
                            <gmd:description>
                                <gco:CharacterString>Rapidscat Level 2B Climate Ocean Wind Vectors in 12.5km Footprints</gco:CharacterString>
                            </gmd:description>
                        </gmd:MD_Identifier>
                    </gmd:identifier>
                    <gmd:otherCitationDetails>
                        <gco:CharacterString/>
                    </gmd:otherCitationDetails>
                </gmd:CI_Citation>
            </gmd:citation>
            <gmd:abstract>
                <gco:CharacterString>This dataset contains the RapidScat Level 2B 12.5km Version 1.0 Climate quality ocean surface wind vectors. The Level 2B wind vectors are binned on a 12.5 km Wind Vector Cell (WVC) grid and processed using the using the "full aperture" normalized radar cross-section (NRCS, a.k.a. Sigma-0) from the L1B dataset. RapidScat is a Ku-band dual beam circular rotating scatterometer retaining much of the same hardware and functionality of QuikSCAT, with exception of the antenna sub-system and digital interface to the International Space Station (ISS) Columbus module, which is where RapidScat is mounted. The NASA mission is officially referred to as ISS-RapidScat. Unlike QuikSCAT, ISS-RapidScat is not in sun-synchronous orbit, and flies at roughly half the altitude with a low inclination angle that restricts data coverage to the tropics and mid-latitude regions; the extent of latitudinal coverage stretches from approximately 56 degrees North to 56 degrees South. Furthermore, there is no consistent local time of day retrieval. This dataset is provided in netCDF-4 "classic" format and made available via FTP and OPeNDAP. For data access, please click on the "Data Access" tab above. This climate quality data set differs from the nominal "slice" L2B dataset as follows: 1) it uses full antenna footprint measurements (~20-km) without subdividing by range (~7-km) and 2) the absolute calibration has been modified for the two different low signal-to-noise ratio (SNR) mode data sets: LowSNR1 14 August 2015 to 18 September 2015; LowSNR2 6 October 2015 to 7 February 2016. The above enhancements allow this dataset to provide consistent calibration across all SNR states. As a result of the infrequent and unpredictable transition between high and low SNR states, this dataset will only be updated when new low SNR state transitions occur. The delay in updating new data to this dataset time series allows the calibration to be better controlled over longer time periods, thus resulting in a final data product that is more suitable for climate research. Low SNR periods and other key quality control (QC) issues are tracked and kept up-to-date here: ftp://podaac.jpl.nasa.gov/allData/rapidscat/ancillary/revtime.csv. If you have any questions, please visit our user forums: https://podaac.jpl.nasa.gov/forum/.</gco:CharacterString>
            </gmd:abstract>
            <gmd:purpose gco:nilReason="missing"/>
            <gmd:pointOfContact>
                <gmd:CI_ResponsibleParty>
                    <gmd:organisationName>
                        <gco:CharacterString>PO.DAAC</gco:CharacterString>
                    </gmd:organisationName>
                    <gmd:role>
                        <gmd:CI_RoleCode
                            codeList="http://www.ngdc.noaa.gov/metadata/published/xsd/schema/resources/Codelist/gmxCodelists.xml#CI_RoleCode" codeListValue="pointOfContact">pointOfContact</gmd:CI_RoleCode>
                    </gmd:role>
                </gmd:CI_ResponsibleParty>
            </gmd:pointOfContact>
            <gmd:resourceFormat>
                <gmd:MD_Format>
                    <gmd:name>
                        <gco:CharacterString>NETCDF</gco:CharacterString>
                    </gmd:name>
                    <gmd:version gco:nilReason="unknown"/>
                </gmd:MD_Format>
            </gmd:resourceFormat>
            <gmd:descriptiveKeywords>
                <gmd:MD_Keywords>
                    <gmd:keyword>
                        <gco:CharacterString>Earth Science&gt;Oceans&gt;Ocean Winds&gt;Surface Winds&gt;NONE&gt;NONE&gt;Ocean Surface Wind Vectors</gco:CharacterString>
                    </gmd:keyword>
                    <gmd:type>
                        <gmd:MD_KeywordTypeCode
                            codeList="http://www.ngdc.noaa.gov/metadata/published/xsd/schema/resources/Codelist/gmxCodelists.xml#MD_KeywordTypeCode" codeListValue="theme">theme</gmd:MD_KeywordTypeCode>
                    </gmd:type>
                    <gmd:thesaurusName>
                        <gmd:CI_Citation>
                            <gmd:title>
                                <gco:CharacterString>NASA/GCMD Science Keywords</gco:CharacterString>
                            </gmd:title>
                            <gmd:date gco:nilReason="unknown"/>
                            <gmd:citedResponsibleParty>
                                <gmd:CI_ResponsibleParty>
                                    <gmd:organisationName>
                                    <gco:CharacterString>NASA</gco:CharacterString>
                                    </gmd:organisationName>
                                    <gmd:positionName>
                                    <gco:CharacterString>GCMD User Support Office</gco:CharacterString>
                                    </gmd:positionName>
                                    <gmd:contactInfo>
                                    <gmd:CI_Contact>
                                    <gmd:address>
                                    <gmd:CI_Address>
                                    <gmd:electronicMailAddress>
                                    <gco:CharacterString>gcmduso@gcmd.gsfc.nasa.gov</gco:CharacterString>
                                    </gmd:electronicMailAddress>
                                    </gmd:CI_Address>
                                    </gmd:address>
                                    <gmd:onlineResource>
                                    <gmd:CI_OnlineResource>
                                    <gmd:linkage>
                                    <gmd:URL>http://gcmd.nasa.gov/MailComments/MailComments.jsf?rcpt=gcmduso</gmd:URL>
                                    </gmd:linkage>
                                    <gmd:name>
                                    <gco:CharacterString>GCMD Feedback Form</gco:CharacterString>
                                    </gmd:name>
                                    <gmd:description>
                                    <gco:CharacterString>Have a Comment for the GCMD?</gco:CharacterString>
                                    </gmd:description>
                                    <gmd:function>

                                    <gmd:CI_OnLineFunctionCode
                                    codeList="http://www.ngdc.noaa.gov/metadata/published/xsd/schema/resources/Codelist/gmxCodelists.xml#CI_OnLineFunctionCode" codeListValue="information">information</gmd:CI_OnLineFunctionCode>
                                    </gmd:function>
                                    </gmd:CI_OnlineResource>
                                    </gmd:onlineResource>
                                    </gmd:CI_Contact>
                                    </gmd:contactInfo>
                                    <gmd:role>
                                    <gmd:CI_RoleCode
                                    codeList="http://www.ngdc.noaa.gov/metadata/published/xsd/schema/resources/Codelist/gmxCodelists.xml#CI_RoleCode" codeListValue="custodian">custodian</gmd:CI_RoleCode>
                                    </gmd:role>
                                </gmd:CI_ResponsibleParty>
                            </gmd:citedResponsibleParty>
                            <gmd:citedResponsibleParty>
                                <gmd:CI_ResponsibleParty>
                                    <gmd:organisationName gco:nilReason="inapplicable"/>
                                    <gmd:contactInfo>
                                    <gmd:CI_Contact>
                                    <gmd:onlineResource xlink:title="GCMD Keyword Page">
                                    <gmd:CI_OnlineResource>
                                    <gmd:linkage>
                                    <gmd:URL>http://gcmd.nasa.gov/Resources/valids/</gmd:URL>
                                    </gmd:linkage>
                                    <gmd:name>
                                    <gco:CharacterString>GCMD Keywords Page</gco:CharacterString>
                                    </gmd:name>
                                    <gmd:description>
                                    <gco:CharacterString>This page describes the NASA GCMD Keywords, how to reference those keywords and provides download instructions. </gco:CharacterString>
                                    </gmd:description>
                                    <gmd:function>

                                    <gmd:CI_OnLineFunctionCode
                                    codeList="http://www.ngdc.noaa.gov/metadata/published/xsd/schema/resources/Codelist/gmxCodelists.xml#CI_OnLineFunctionCode" codeListValue="information">information</gmd:CI_OnLineFunctionCode>
                                    </gmd:function>
                                    </gmd:CI_OnlineResource>
                                    </gmd:onlineResource>
                                    </gmd:CI_Contact>
                                    </gmd:contactInfo>
                                    <gmd:role>
                                    <gmd:CI_RoleCode
                                    codeList="http://www.ngdc.noaa.gov/metadata/published/xsd/schema/resources/Codelist/gmxCodelists.xml#CI_RoleCode" codeListValue="custodian">custodian</gmd:CI_RoleCode>
                                    </gmd:role>
                                </gmd:CI_ResponsibleParty>
                            </gmd:citedResponsibleParty>
                        </gmd:CI_Citation>
                    </gmd:thesaurusName>
                </gmd:MD_Keywords>
            </gmd:descriptiveKeywords>
            <gmd:descriptiveKeywords>
                <gmd:MD_Keywords>
                    <gmd:keyword>
                        <gco:CharacterString>Global</gco:CharacterString>
                    </gmd:keyword>
                    <gmd:type>
                        <gmd:MD_KeywordTypeCode
                            codeList="http://www.ngdc.noaa.gov/metadata/published/xsd/schema/resources/Codelist/gmxCodelists.xml#MD_KeywordTypeCode" codeListValue="place">place</gmd:MD_KeywordTypeCode>
                    </gmd:type>
                    <gmd:thesaurusName>
                        <gmd:CI_Citation>
                            <gmd:title>
                                <gco:CharacterString>NASA/Global Change Master Directory (GCMD) Location Keywords</gco:CharacterString>
                            </gmd:title>
                            <gmd:date gco:nilReason="unknown"/>
                            <gmd:citedResponsibleParty>
                                <gmd:CI_ResponsibleParty>
                                    <gmd:organisationName>
                                    <gco:CharacterString>NASA Global Change Master Directory (GCMD) User Support Office</gco:CharacterString>
                                    </gmd:organisationName>
                                    <gmd:contactInfo>
                                    <gmd:CI_Contact>
                                    <gmd:phone gco:nilReason="missing"/>
                                    <gmd:address>
                                    <gmd:CI_Address>
                                    <gmd:deliveryPoint>
                                    <gco:CharacterString>NASA Global Change Master Directory, Goddard Space Flight Center</gco:CharacterString>
                                    </gmd:deliveryPoint>
                                    <gmd:city>
                                    <gco:CharacterString>Greenbelt</gco:CharacterString>
                                    </gmd:city>
                                    <gmd:administrativeArea>
                                    <gco:CharacterString>MD</gco:CharacterString>
                                    </gmd:administrativeArea>
                                    <gmd:postalCode>
                                    <gco:CharacterString>20771</gco:CharacterString>
                                    </gmd:postalCode>
                                    <gmd:country>
                                    <gco:CharacterString>USA</gco:CharacterString>
                                    </gmd:country>
                                    <gmd:electronicMailAddress>
                                    <gco:CharacterString>gcmduso@gcmd.gsfc.nasa.gov</gco:CharacterString>
                                    </gmd:electronicMailAddress>
                                    </gmd:CI_Address>
                                    </gmd:address>
                                    <gmd:onlineResource>
                                    <gmd:CI_OnlineResource>
                                    <gmd:linkage>
                                    <gmd:URL>http://gcmd.nasa.gov/index.html</gmd:URL>
                                    </gmd:linkage>
                                    <gmd:protocol>
                                    <gco:CharacterString>http</gco:CharacterString>
                                    </gmd:protocol>
                                    <gmd:applicationProfile>
                                    <gco:CharacterString>web browser</gco:CharacterString>
                                    </gmd:applicationProfile>
                                    <gmd:name>
                                    <gco:CharacterString>NASA Global Change Master Directory (GCMD)</gco:CharacterString>
                                    </gmd:name>
                                    <gmd:description>
                                    <gco:CharacterString>Home Page</gco:CharacterString>
                                    </gmd:description>
                                    <gmd:function>

                                    <gmd:CI_OnLineFunctionCode
                                    codeList="http://www.isotc211.org/2005/resources/Codelist/gmxCodelists.xml#CI_OnLineFunctionCode" codeListValue="information">information</gmd:CI_OnLineFunctionCode>
                                    </gmd:function>
                                    </gmd:CI_OnlineResource>
                                    </gmd:onlineResource>
                                    <gmd:contactInstructions>
                                    <gco:CharacterString>http://gcmd.nasa.gov/MailComments/MailComments.jsf?rcpt=gcmduso</gco:CharacterString>
                                    </gmd:contactInstructions>
                                    </gmd:CI_Contact>
                                    </gmd:contactInfo>
                                    <gmd:role>
                                    <gmd:CI_RoleCode
                                    codeList="http://www.ngdc.noaa.gov/metadata/published/xsd/schema/resources/Codelist/gmxCodelists.xml#CI_RoleCode" codeListValue="custodian">custodian</gmd:CI_RoleCode>
                                    </gmd:role>
                                </gmd:CI_ResponsibleParty>
                            </gmd:citedResponsibleParty>
                            <gmd:citedResponsibleParty>
                                <gmd:CI_ResponsibleParty>
                                    <gmd:organisationName>
                                    <gco:CharacterString>NASA Global Change Master Directory (GCMD)</gco:CharacterString>
                                    </gmd:organisationName>
                                    <gmd:contactInfo>
                                    <gmd:CI_Contact>
                                    <gmd:phone gco:nilReason="missing"/>
                                    <gmd:address>
                                    <gmd:CI_Address>
                                    <gmd:deliveryPoint>
                                    <gco:CharacterString>NASA Global Change Master Directory, Goddard Space Flight Center</gco:CharacterString>
                                    </gmd:deliveryPoint>
                                    <gmd:city>
                                    <gco:CharacterString>Greenbelt</gco:CharacterString>
                                    </gmd:city>
                                    <gmd:administrativeArea>
                                    <gco:CharacterString>MD</gco:CharacterString>
                                    </gmd:administrativeArea>
                                    <gmd:postalCode>
                                    <gco:CharacterString>20771</gco:CharacterString>
                                    </gmd:postalCode>
                                    <gmd:country>
                                    <gco:CharacterString>USA</gco:CharacterString>
                                    </gmd:country>
                                    <gmd:electronicMailAddress>
                                    <gco:CharacterString>gcmduso@gcmd.gsfc.nasa.gov</gco:CharacterString>
                                    </gmd:electronicMailAddress>
                                    </gmd:CI_Address>
                                    </gmd:address>
                                    <gmd:onlineResource>
                                    <gmd:CI_OnlineResource>
                                    <gmd:linkage>
                                    <gmd:URL>http://gcmd.nasa.gov/Resources/valids/</gmd:URL>
                                    </gmd:linkage>
                                    <gmd:protocol>
                                    <gco:CharacterString>http</gco:CharacterString>
                                    </gmd:protocol>
                                    <gmd:applicationProfile>
                                    <gco:CharacterString>web browser</gco:CharacterString>
                                    </gmd:applicationProfile>
                                    <gmd:name>
                                    <gco:CharacterString>NASA Global Change Master Directory (GCMD) Keyword Page</gco:CharacterString>
                                    </gmd:name>
                                    <gmd:description>
                                    <gco:CharacterString>This page describes the NASA GCMD Keywords, how to reference those keywords and provides download instructions.</gco:CharacterString>
                                    </gmd:description>
                                    <gmd:function>

                                    <gmd:CI_OnLineFunctionCode
                                    codeList="http://www.isotc211.org/2005/resources/Codelist/gmxCodelists.xml#CI_OnLineFunctionCode" codeListValue="download">download</gmd:CI_OnLineFunctionCode>
                                    </gmd:function>
                                    </gmd:CI_OnlineResource>
                                    </gmd:onlineResource>
                                    <gmd:contactInstructions>
                                    <gco:CharacterString>http://gcmd.nasa.gov/MailComments/MailComments.jsf?rcpt=gcmduso</gco:CharacterString>
                                    </gmd:contactInstructions>
                                    </gmd:CI_Contact>
                                    </gmd:contactInfo>
                                    <gmd:role>
                                    <gmd:CI_RoleCode
                                    codeList="http://www.ngdc.noaa.gov/metadata/published/xsd/schema/resources/Codelist/gmxCodelists.xml#CI_RoleCode" codeListValue="custodian">custodian</gmd:CI_RoleCode>
                                    </gmd:role>
                                </gmd:CI_ResponsibleParty>
                            </gmd:citedResponsibleParty>
                        </gmd:CI_Citation>
                    </gmd:thesaurusName>
                </gmd:MD_Keywords>
            </gmd:descriptiveKeywords>
            <gmd:descriptiveKeywords>
                <gmd:MD_Keywords>
                    <gmd:keyword>
                        <gco:CharacterString>PO.DAAC</gco:CharacterString>
                    </gmd:keyword>
                    <gmd:type>
                        <gmd:MD_KeywordTypeCode
                            codeList="http://www.ngdc.noaa.gov/metadata/published/xsd/schema/resources/Codelist/gmxCodelists.xml#MD_KeywordTypeCode" codeListValue="dataCenter">dataCenter</gmd:MD_KeywordTypeCode>
                    </gmd:type>
                    <gmd:thesaurusName>
                        <gmd:CI_Citation>
                            <gmd:title>
                                <gco:CharacterString> NASA/Global Change Master Directory (GCMD) Data Center Keywords </gco:CharacterString>
                            </gmd:title>
                            <gmd:date>
                                <gmd:CI_Date>
                                    <gmd:date>
                                    <gco:Date>2008-02-07</gco:Date>
                                    </gmd:date>
                                    <gmd:dateType>
                                    <gmd:CI_DateTypeCode
                                    codeList="http://www.isotc211.org/2005/resources/Codelist/gmxCodelists.xml#CI_DateTypeCode" codeListValue="publication">publication</gmd:CI_DateTypeCode>
                                    </gmd:dateType>
                                </gmd:CI_Date>
                            </gmd:date>
                            <gmd:identifier/>
                            <gmd:citedResponsibleParty>
                                <gmd:CI_ResponsibleParty>
                                    <gmd:organisationName>
                                    <gco:CharacterString>NASA</gco:CharacterString>
                                    </gmd:organisationName>
                                    <gmd:positionName>
                                    <gco:CharacterString>GCMD User Support Office</gco:CharacterString>
                                    </gmd:positionName>
                                    <gmd:contactInfo>
                                    <gmd:CI_Contact>
                                    <gmd:address>
                                    <gmd:CI_Address>
                                    <gmd:electronicMailAddress>
                                    <gco:CharacterString>gcmduso@gcmd.gsfc.nasa.gov</gco:CharacterString>
                                    </gmd:electronicMailAddress>
                                    </gmd:CI_Address>
                                    </gmd:address>
                                    <gmd:onlineResource>
                                    <gmd:CI_OnlineResource>
                                    <gmd:linkage>
                                    <gmd:URL>http://gcmd.nasa.gov/MailComments/MailComments.jsf?rcpt=gcmduso</gmd:URL>
                                    </gmd:linkage>
                                    <gmd:name>
                                    <gco:CharacterString>GCMD Feedback Form</gco:CharacterString>
                                    </gmd:name>
                                    <gmd:description>
                                    <gco:CharacterString>Have a Comment for the GCMD?</gco:CharacterString>
                                    </gmd:description>
                                    <gmd:function>

                                    <gmd:CI_OnLineFunctionCode
                                    codeList="http://www.ngdc.noaa.gov/metadata/published/xsd/schema/resources/Codelist/gmxCodelists.xml#CI_OnLineFunctionCode" codeListValue="information">information</gmd:CI_OnLineFunctionCode>
                                    </gmd:function>
                                    </gmd:CI_OnlineResource>
                                    </gmd:onlineResource>
                                    </gmd:CI_Contact>
                                    </gmd:contactInfo>
                                    <gmd:role>
                                    <gmd:CI_RoleCode
                                    codeList="http://www.ngdc.noaa.gov/metadata/published/xsd/schema/resources/Codelist/gmxCodelists.xml#CI_RoleCode" codeListValue="custodian">custodian</gmd:CI_RoleCode>
                                    </gmd:role>
                                </gmd:CI_ResponsibleParty>
                            </gmd:citedResponsibleParty>
                            <gmd:citedResponsibleParty>
                                <gmd:CI_ResponsibleParty>
                                    <gmd:organisationName gco:nilReason="inapplicable"/>
                                    <gmd:contactInfo>
                                    <gmd:CI_Contact>
                                    <gmd:onlineResource xlink:title="GCMD Keyword Page">
                                    <gmd:CI_OnlineResource>
                                    <gmd:linkage>
                                    <gmd:URL>http://gcmd.nasa.gov/Resources/valids/</gmd:URL>
                                    </gmd:linkage>
                                    <gmd:name>
                                    <gco:CharacterString>GCMD Keywords Page</gco:CharacterString>
                                    </gmd:name>
                                    <gmd:description>
                                    <gco:CharacterString>This page describes the NASA GCMD Keywords, how to reference those keywords and provides download instructions. </gco:CharacterString>
                                    </gmd:description>
                                    <gmd:function>

                                    <gmd:CI_OnLineFunctionCode
                                    codeList="http://www.ngdc.noaa.gov/metadata/published/xsd/schema/resources/Codelist/gmxCodelists.xml#CI_OnLineFunctionCode" codeListValue="information">information</gmd:CI_OnLineFunctionCode>
                                    </gmd:function>
                                    </gmd:CI_OnlineResource>
                                    </gmd:onlineResource>
                                    </gmd:CI_Contact>
                                    </gmd:contactInfo>
                                    <gmd:role>
                                    <gmd:CI_RoleCode
                                    codeList="http://www.ngdc.noaa.gov/metadata/published/xsd/schema/resources/Codelist/gmxCodelists.xml#CI_RoleCode" codeListValue="custodian">custodian</gmd:CI_RoleCode>
                                    </gmd:role>
                                </gmd:CI_ResponsibleParty>
                            </gmd:citedResponsibleParty>
                        </gmd:CI_Citation>
                    </gmd:thesaurusName>
                </gmd:MD_Keywords>
            </gmd:descriptiveKeywords>
            <gmd:descriptiveKeywords>
                <gmd:MD_Keywords>
                    <gmd:keyword>
                        <gco:CharacterString>ISS &gt; International Space Station</gco:CharacterString>
                    </gmd:keyword>
                    <gmd:type>
                        <gmd:MD_KeywordTypeCode
                            codeList="http://www.ngdc.noaa.gov/metadata/published/xsd/schema/resources/Codelist/gmxCodelists.xml#MD_KeywordTypeCode" codeListValue="platform">platform</gmd:MD_KeywordTypeCode>
                    </gmd:type>
                    <gmd:thesaurusName>
                        <gmd:CI_Citation>
                            <gmd:title>
                                <gco:CharacterString>NASA/GCMD Platform Keywords</gco:CharacterString>
                            </gmd:title>
                            <gmd:date gco:nilReason="unknown"/>
                            <gmd:citedResponsibleParty>
                                <gmd:CI_ResponsibleParty>
                                    <gmd:organisationName>
                                    <gco:CharacterString>NASA</gco:CharacterString>
                                    </gmd:organisationName>
                                    <gmd:positionName>
                                    <gco:CharacterString>GCMD User Support Office</gco:CharacterString>
                                    </gmd:positionName>
                                    <gmd:contactInfo>
                                    <gmd:CI_Contact>
                                    <gmd:address>
                                    <gmd:CI_Address>
                                    <gmd:electronicMailAddress>
                                    <gco:CharacterString>gcmduso@gcmd.gsfc.nasa.gov</gco:CharacterString>
                                    </gmd:electronicMailAddress>
                                    </gmd:CI_Address>
                                    </gmd:address>
                                    <gmd:onlineResource>
                                    <gmd:CI_OnlineResource>
                                    <gmd:linkage>
                                    <gmd:URL>http://gcmd.nasa.gov/MailComments/MailComments.jsf?rcpt=gcmduso</gmd:URL>
                                    </gmd:linkage>
                                    <gmd:name>
                                    <gco:CharacterString>GCMD Feedback Form</gco:CharacterString>
                                    </gmd:name>
                                    <gmd:description>
                                    <gco:CharacterString>Have a Comment for the GCMD?</gco:CharacterString>
                                    </gmd:description>
                                    <gmd:function>

                                    <gmd:CI_OnLineFunctionCode
                                    codeList="http://www.ngdc.noaa.gov/metadata/published/xsd/schema/resources/Codelist/gmxCodelists.xml#CI_OnLineFunctionCode" codeListValue="information">information</gmd:CI_OnLineFunctionCode>
                                    </gmd:function>
                                    </gmd:CI_OnlineResource>
                                    </gmd:onlineResource>
                                    </gmd:CI_Contact>
                                    </gmd:contactInfo>
                                    <gmd:role>
                                    <gmd:CI_RoleCode
                                    codeList="http://www.ngdc.noaa.gov/metadata/published/xsd/schema/resources/Codelist/gmxCodelists.xml#CI_RoleCode" codeListValue="custodian">custodian</gmd:CI_RoleCode>
                                    </gmd:role>
                                </gmd:CI_ResponsibleParty>
                            </gmd:citedResponsibleParty>
                            <gmd:citedResponsibleParty>
                                <gmd:CI_ResponsibleParty>
                                    <gmd:organisationName gco:nilReason="inapplicable"/>
                                    <gmd:contactInfo>
                                    <gmd:CI_Contact>
                                    <gmd:onlineResource xlink:title="GCMD Keyword Page">
                                    <gmd:CI_OnlineResource>
                                    <gmd:linkage>
                                    <gmd:URL>http://gcmd.nasa.gov/Resources/valids/</gmd:URL>
                                    </gmd:linkage>
                                    <gmd:name>
                                    <gco:CharacterString>GCMD Keywords Page</gco:CharacterString>
                                    </gmd:name>
                                    <gmd:description>
                                    <gco:CharacterString>This page describes the NASA GCMD Keywords, how to reference those keywords and provides download instructions. </gco:CharacterString>
                                    </gmd:description>
                                    <gmd:function>

                                    <gmd:CI_OnLineFunctionCode
                                    codeList="http://www.ngdc.noaa.gov/metadata/published/xsd/schema/resources/Codelist/gmxCodelists.xml#CI_OnLineFunctionCode" codeListValue="information">information</gmd:CI_OnLineFunctionCode>
                                    </gmd:function>
                                    </gmd:CI_OnlineResource>
                                    </gmd:onlineResource>
                                    </gmd:CI_Contact>
                                    </gmd:contactInfo>
                                    <gmd:role>
                                    <gmd:CI_RoleCode
                                    codeList="http://www.ngdc.noaa.gov/metadata/published/xsd/schema/resources/Codelist/gmxCodelists.xml#CI_RoleCode" codeListValue="custodian">custodian</gmd:CI_RoleCode>
                                    </gmd:role>
                                </gmd:CI_ResponsibleParty>
                            </gmd:citedResponsibleParty>
                        </gmd:CI_Citation>
                    </gmd:thesaurusName>
                </gmd:MD_Keywords>
            </gmd:descriptiveKeywords>
            <gmd:descriptiveKeywords>
                <gmd:MD_Keywords>
                    <gmd:keyword>
                        <gco:CharacterString>RapidScat &gt; Rapid Scatterometer</gco:CharacterString>
                    </gmd:keyword>
                    <gmd:type>
                        <gmd:MD_KeywordTypeCode
                            codeList="http://www.ngdc.noaa.gov/metadata/published/xsd/schema/resources/Codelist/gmxCodelists.xml#MD_KeywordTypeCode" codeListValue="instrument">instrument</gmd:MD_KeywordTypeCode>
                    </gmd:type>
                    <gmd:thesaurusName>
                        <gmd:CI_Citation>
                            <gmd:title>
                                <gco:CharacterString>NASA/GCMD Instrument Keywords</gco:CharacterString>
                            </gmd:title>
                            <gmd:date gco:nilReason="unknown"/>
                            <gmd:citedResponsibleParty>
                                <gmd:CI_ResponsibleParty>
                                    <gmd:organisationName>
                                    <gco:CharacterString>NASA</gco:CharacterString>
                                    </gmd:organisationName>
                                    <gmd:positionName>
                                    <gco:CharacterString>GCMD User Support Office</gco:CharacterString>
                                    </gmd:positionName>
                                    <gmd:contactInfo>
                                    <gmd:CI_Contact>
                                    <gmd:address>
                                    <gmd:CI_Address>
                                    <gmd:electronicMailAddress>
                                    <gco:CharacterString>gcmduso@gcmd.gsfc.nasa.gov</gco:CharacterString>
                                    </gmd:electronicMailAddress>
                                    </gmd:CI_Address>
                                    </gmd:address>
                                    <gmd:onlineResource>
                                    <gmd:CI_OnlineResource>
                                    <gmd:linkage>
                                    <gmd:URL>http://gcmd.nasa.gov/MailComments/MailComments.jsf?rcpt=gcmduso</gmd:URL>
                                    </gmd:linkage>
                                    <gmd:name>
                                    <gco:CharacterString>GCMD Feedback Form</gco:CharacterString>
                                    </gmd:name>
                                    <gmd:description>
                                    <gco:CharacterString>Have a Comment for the GCMD?</gco:CharacterString>
                                    </gmd:description>
                                    <gmd:function>

                                    <gmd:CI_OnLineFunctionCode
                                    codeList="http://www.ngdc.noaa.gov/metadata/published/xsd/schema/resources/Codelist/gmxCodelists.xml#CI_OnLineFunctionCode" codeListValue="information">information</gmd:CI_OnLineFunctionCode>
                                    </gmd:function>
                                    </gmd:CI_OnlineResource>
                                    </gmd:onlineResource>
                                    </gmd:CI_Contact>
                                    </gmd:contactInfo>
                                    <gmd:role>
                                    <gmd:CI_RoleCode
                                    codeList="http://www.ngdc.noaa.gov/metadata/published/xsd/schema/resources/Codelist/gmxCodelists.xml#CI_RoleCode" codeListValue="custodian">custodian</gmd:CI_RoleCode>
                                    </gmd:role>
                                </gmd:CI_ResponsibleParty>
                            </gmd:citedResponsibleParty>
                            <gmd:citedResponsibleParty>
                                <gmd:CI_ResponsibleParty>
                                    <gmd:organisationName gco:nilReason="inapplicable"/>
                                    <gmd:contactInfo>
                                    <gmd:CI_Contact>
                                    <gmd:onlineResource>
                                    <gmd:CI_OnlineResource>
                                    <gmd:linkage>
                                    <gmd:URL>http://gcmd.nasa.gov/Resources/valids/</gmd:URL>
                                    </gmd:linkage>
                                    <gmd:name>
                                    <gco:CharacterString>GCMD Keywords Page</gco:CharacterString>
                                    </gmd:name>
                                    <gmd:description>
                                    <gco:CharacterString>This page describes the NASA GCMD Keywords, how to reference those keywords and provides download instructions. </gco:CharacterString>
                                    </gmd:description>
                                    <gmd:function>

                                    <gmd:CI_OnLineFunctionCode
                                    codeList="http://www.ngdc.noaa.gov/metadata/published/xsd/schema/resources/Codelist/gmxCodelists.xml#CI_OnLineFunctionCode" codeListValue="information">information</gmd:CI_OnLineFunctionCode>
                                    </gmd:function>
                                    </gmd:CI_OnlineResource>
                                    </gmd:onlineResource>
                                    </gmd:CI_Contact>
                                    </gmd:contactInfo>
                                    <gmd:role>
                                    <gmd:CI_RoleCode
                                    codeList="http://www.ngdc.noaa.gov/metadata/published/xsd/schema/resources/Codelist/gmxCodelists.xml#CI_RoleCode" codeListValue="custodian">custodian</gmd:CI_RoleCode>
                                    </gmd:role>
                                </gmd:CI_ResponsibleParty>
                            </gmd:citedResponsibleParty>
                        </gmd:CI_Citation>
                    </gmd:thesaurusName>
                </gmd:MD_Keywords>
            </gmd:descriptiveKeywords>
            <gmd:language>
                <gco:CharacterString>eng</gco:CharacterString>
            </gmd:language>
            <gmd:characterSet>
                <gmd:MD_CharacterSetCode
                    codeList="http://www.ngdc.noaa.gov/metadata/published/xsd/schema/resources/Codelist/gmxCodelists.xml#MD_CharacterSetCode" codeListValue="utf8">utf8</gmd:MD_CharacterSetCode>
            </gmd:characterSet>
            <gmd:extent>
                <gmd:EX_Extent id="boundingExtent">
                    <gmd:description>
                        <gco:CharacterString>SpatialCoverageType=HORIZONTAL, SpatialGranuleSpatialRepresentation=CARTESIAN</gco:CharacterString>
                    </gmd:description>
                    <gmd:geographicElement>
                        <!--Bounding Rectangle-->
                        <gmd:EX_GeographicBoundingBox>
                            <gmd:westBoundLongitude>
                                <gco:Decimal>-180</gco:Decimal>
                            </gmd:westBoundLongitude>
                            <gmd:eastBoundLongitude>
                                <gco:Decimal>180</gco:Decimal>
                            </gmd:eastBoundLongitude>
                            <gmd:southBoundLatitude>
                                <gco:Decimal>-56</gco:Decimal>
                            </gmd:southBoundLatitude>
                            <gmd:northBoundLatitude>
                                <gco:Decimal>56</gco:Decimal>
                            </gmd:northBoundLatitude>
                        </gmd:EX_GeographicBoundingBox>
                    </gmd:geographicElement>
                    <gmd:temporalElement>
                        <!--RangeDateTime-->
                        <gmd:EX_TemporalExtent id="boundingTemporalExtent">
                            <gmd:extent>
                                <gml:TimePeriod gml:id="d9317e35">
                                    <gml:beginPosition>2014-10-03T00:00:00.000Z</gml:beginPosition>
                                    <gml:endPosition/>
                                </gml:TimePeriod>
                            </gmd:extent>
                        </gmd:EX_TemporalExtent>
                    </gmd:temporalElement>
                </gmd:EX_Extent>
            </gmd:extent>
            <gmd:supplementalInformation/>
            <gmd:processingLevel>
                <gmd:MD_Identifier>
                    <gmd:code>
                        <gco:CharacterString>2</gco:CharacterString>
                    </gmd:code>
                    <gmd:description>
                        <gco:CharacterString/>
                    </gmd:description>
                </gmd:MD_Identifier>
            </gmd:processingLevel>
        </gmd:MD_DataIdentification>
    </gmd:identificationInfo>
    <gmd:contentInfo>
        <gmd:MD_ImageDescription>
            <gmd:attributeDescription/>
            <gmd:contentType/>
            <gmd:processingLevelCode>
                <gmd:MD_Identifier>
                    <gmd:code>
                        <gco:CharacterString>2</gco:CharacterString>
                    </gmd:code>
                    <gmd:description>
                        <gco:CharacterString/>
                    </gmd:description>
                </gmd:MD_Identifier>
            </gmd:processingLevelCode>
        </gmd:MD_ImageDescription>
    </gmd:contentInfo>
    <gmd:distributionInfo>
        <gmd:MD_Distribution>
            <gmd:distributor>
                <gmd:MD_Distributor>
                    <gmd:distributorContact>
                        <gmd:CI_ResponsibleParty>
                            <gmd:individualName>
                                <gco:CharacterString>David Moroni</gco:CharacterString>
                            </gmd:individualName>
                            <gmd:organisationName>
                                <gco:CharacterString>Physical Oceanography Distributed Active Archive Center, Jet Propulsion Laboratory, NASA</gco:CharacterString>
                            </gmd:organisationName>
                            <gmd:positionName>
                                <gco:CharacterString>Technical Contact</gco:CharacterString>
                            </gmd:positionName>
                            <gmd:contactInfo>
                                <gmd:CI_Contact>
                                    <gmd:phone>
                                    <gmd:CI_Telephone>
                                    <gmd:voice>
                                    <gco:CharacterString>818-354-2038</gco:CharacterString>
                                    </gmd:voice>
                                    </gmd:CI_Telephone>
                                    </gmd:phone>
                                    <gmd:address>
                                    <gmd:CI_Address>
                                    <gmd:deliveryPoint gco:nilReason="missing"/>
                                    <gmd:city gco:nilReason="missing"/>
                                    <gmd:administrativeArea gco:nilReason="missing"/>
                                    <gmd:postalCode gco:nilReason="missing"/>
                                    <gmd:country gco:nilReason="missing"/>
                                    <gmd:electronicMailAddress>
                                    <gco:CharacterString>David.F.Moroni@jpl.nasa.gov</gco:CharacterString>
                                    </gmd:electronicMailAddress>
                                    </gmd:CI_Address>
                                    </gmd:address>
                                    <gmd:hoursOfService gco:nilReason="missing"/>
                                    <gmd:contactInstructions gco:nilReason="missing"/>
                                </gmd:CI_Contact>
                            </gmd:contactInfo>
                            <gmd:role>
                                <gmd:CI_RoleCode
                                    codeList="http://www.ngdc.noaa.gov/metadata/published/xsd/schema/resources/Codelist/gmxCodelists.xml#CI_RoleCode" codeListValue="distributor">distributor</gmd:CI_RoleCode>
                            </gmd:role>
                        </gmd:CI_ResponsibleParty>
                    </gmd:distributorContact>
                    <gmd:distributionOrderProcess>
                        <gmd:MD_StandardOrderProcess>
                            <gmd:fees gco:nilReason="missing"/>
                        </gmd:MD_StandardOrderProcess>
                    </gmd:distributionOrderProcess>
                    <gmd:distributorFormat>
                        <gmd:MD_Format>
                            <gmd:name>
                                <gco:CharacterString>NETCDF</gco:CharacterString>
                            </gmd:name>
                            <gmd:version gco:nilReason="unknown"/>
                        </gmd:MD_Format>
                    </gmd:distributorFormat>
                    <gmd:distributorTransferOptions>
                        <gmd:MD_DigitalTransferOptions>
                            <gmd:onLine>
                                <gmd:CI_OnlineResource>
                                    <gmd:linkage>
                                    <gmd:URL>http://podaac-opendap.jpl.nasa.gov/opendap/allData/rapidscat/L2B12/clim_v1.0/</gmd:URL>
                                    </gmd:linkage>
                                    <gmd:applicationProfile gco:nilReason="missing"/>
                                    <gmd:description>
                                    <gco:CharacterString>The OPeNDAP base directory location for the collection.</gco:CharacterString>
                                    </gmd:description>
                                    <gmd:function>
                                    <gmd:CI_OnLineFunctionCode
                                    codeList="http://www.ngdc.noaa.gov/metadata/published/xsd/schema/resources/Codelist/gmxCodelists.xml#CI_OnLineFunctionCode" codeListValue="download">download</gmd:CI_OnLineFunctionCode>
                                    </gmd:function>
                                </gmd:CI_OnlineResource>
                            </gmd:onLine>
                            <gmd:onLine>
                                <gmd:CI_OnlineResource>
                                    <gmd:linkage>
                                    <gmd:URL>ftp://podaac-ftp.jpl.nasa.gov/allData/rapidscat/L2B12/clim_v1.0</gmd:URL>
                                    </gmd:linkage>
                                    <gmd:applicationProfile gco:nilReason="missing"/>
                                    <gmd:description>
                                    <gco:CharacterString>The FTP base directory location for the collection.</gco:CharacterString>
                                    </gmd:description>
                                    <gmd:function>
                                    <gmd:CI_OnLineFunctionCode
                                    codeList="http://www.ngdc.noaa.gov/metadata/published/xsd/schema/resources/Codelist/gmxCodelists.xml#CI_OnLineFunctionCode" codeListValue="download">download</gmd:CI_OnLineFunctionCode>
                                    </gmd:function>
                                </gmd:CI_OnlineResource>
                            </gmd:onLine>
                            <gmd:onLine>
                                <gmd:CI_OnlineResource>
                                    <gmd:linkage>
                                    <gmd:URL>http://manati.star.nesdis.noaa.gov/rscat_images/monitor/RapidScat_Scheduled_Outages.txt</gmd:URL>
                                    </gmd:linkage>
                                    <gmd:applicationProfile gco:nilReason="missing"/>
                                    <gmd:name>
                                    <gco:CharacterString>PORTAL_DOC_KNOWN_ISSUES</gco:CharacterString>
                                    </gmd:name>
                                    <gmd:description>
                                    <gco:CharacterString>Text file containing reverse chronological list of future scheduled outages and past outages. A start/stop date/time and description is provided for each outage. This list is maintained by NOAA/NESDIS to service near-real-time data users.</gco:CharacterString>
                                    </gmd:description>
                                    <gmd:function>
                                    <gmd:CI_OnLineFunctionCode
                                    codeList="http://www.ngdc.noaa.gov/metadata/published/xsd/schema/resources/Codelist/gmxCodelists.xml#CI_OnLineFunctionCode" codeListValue=""/>
                                    </gmd:function>
                                </gmd:CI_OnlineResource>
                            </gmd:onLine>
                            <gmd:onLine>
                                <gmd:CI_OnlineResource>
                                    <gmd:linkage>
                                    <gmd:URL>ftp://podaac.jpl.nasa.gov/allData/rapidscat/L2B12/sw/R</gmd:URL>
                                    </gmd:linkage>
                                    <gmd:applicationProfile gco:nilReason="missing"/>
                                    <gmd:name>
                                    <gco:CharacterString>PORTAL_DA_READ_SOFTWARE</gco:CharacterString>
                                    </gmd:name>
                                    <gmd:description>
                                    <gco:CharacterString>Generic netCDF Reader</gco:CharacterString>
                                    </gmd:description>
                                    <gmd:function>
                                    <gmd:CI_OnLineFunctionCode
                                    codeList="http://www.ngdc.noaa.gov/metadata/published/xsd/schema/resources/Codelist/gmxCodelists.xml#CI_OnLineFunctionCode" codeListValue=""/>
                                    </gmd:function>
                                </gmd:CI_OnlineResource>
                            </gmd:onLine>
                            <gmd:onLine>
                                <gmd:CI_OnlineResource>
                                    <gmd:linkage>
                                    <gmd:URL>ftp://podaac.jpl.nasa.gov/allData/rapidscat/L2B12/sw/IDL</gmd:URL>
                                    </gmd:linkage>
                                    <gmd:applicationProfile gco:nilReason="missing"/>
                                    <gmd:name>
                                    <gco:CharacterString>PORTAL_DA_READ_SOFTWARE</gco:CharacterString>
                                    </gmd:name>
                                    <gmd:description>
                                    <gco:CharacterString>Generic netCDF Reader</gco:CharacterString>
                                    </gmd:description>
                                    <gmd:function>
                                    <gmd:CI_OnLineFunctionCode
                                    codeList="http://www.ngdc.noaa.gov/metadata/published/xsd/schema/resources/Codelist/gmxCodelists.xml#CI_OnLineFunctionCode" codeListValue=""/>
                                    </gmd:function>
                                </gmd:CI_OnlineResource>
                            </gmd:onLine>
                            <gmd:onLine>
                                <gmd:CI_OnlineResource>
                                    <gmd:linkage>
                                    <gmd:URL>http://www.jpl.nasa.gov/news/fact_sheets/issrapidscat_factsheet.pdf</gmd:URL>
                                    </gmd:linkage>
                                    <gmd:applicationProfile gco:nilReason="missing"/>
                                    <gmd:name>
                                    <gco:CharacterString>PORTAL_DOC_PROJECT_MATERIALS</gco:CharacterString>
                                    </gmd:name>
                                    <gmd:description>
                                    <gco:CharacterString>Summary of Facts on the ISS-RapidScat Mission</gco:CharacterString>
                                    </gmd:description>
                                    <gmd:function>
                                    <gmd:CI_OnLineFunctionCode
                                    codeList="http://www.ngdc.noaa.gov/metadata/published/xsd/schema/resources/Codelist/gmxCodelists.xml#CI_OnLineFunctionCode" codeListValue=""/>
                                    </gmd:function>
                                </gmd:CI_OnlineResource>
                            </gmd:onLine>
                            <gmd:onLine>
                                <gmd:CI_OnlineResource>
                                    <gmd:linkage>
                                    <gmd:URL>https://directory.eoportal.org/web/eoportal/satellite-missions/i/iss-rapidscat</gmd:URL>
                                    </gmd:linkage>
                                    <gmd:applicationProfile gco:nilReason="missing"/>
                                    <gmd:name>
                                    <gco:CharacterString>PORTAL_DOC_ADDITIONAL_SITES</gco:CharacterString>
                                    </gmd:name>
                                    <gmd:description>
                                    <gco:CharacterString>Detailed background information on the ISS-RapidScat mission published by the eoPortal.</gco:CharacterString>
                                    </gmd:description>
                                    <gmd:function>
                                    <gmd:CI_OnLineFunctionCode
                                    codeList="http://www.ngdc.noaa.gov/metadata/published/xsd/schema/resources/Codelist/gmxCodelists.xml#CI_OnLineFunctionCode" codeListValue=""/>
                                    </gmd:function>
                                </gmd:CI_OnlineResource>
                            </gmd:onLine>
                            <gmd:onLine>
                                <gmd:CI_OnlineResource>
                                    <gmd:linkage>
                                    <gmd:URL>ftp://podaac.jpl.nasa.gov/allData/rapidscat/L2B12/sw/MATLAB</gmd:URL>
                                    </gmd:linkage>
                                    <gmd:applicationProfile gco:nilReason="missing"/>
                                    <gmd:name>
                                    <gco:CharacterString>PORTAL_DA_READ_SOFTWARE</gco:CharacterString>
                                    </gmd:name>
                                    <gmd:description>
                                    <gco:CharacterString>Generic netCDF Reader</gco:CharacterString>
                                    </gmd:description>
                                    <gmd:function>
                                    <gmd:CI_OnLineFunctionCode
                                    codeList="http://www.ngdc.noaa.gov/metadata/published/xsd/schema/resources/Codelist/gmxCodelists.xml#CI_OnLineFunctionCode" codeListValue=""/>
                                    </gmd:function>
                                </gmd:CI_OnlineResource>
                            </gmd:onLine>
                            <gmd:onLine>
                                <gmd:CI_OnlineResource>
                                    <gmd:linkage>
                                    <gmd:URL>ftp://podaac.jpl.nasa.gov/allData/rapidscat/ancillary/revtime.csv</gmd:URL>
                                    </gmd:linkage>
                                    <gmd:applicationProfile gco:nilReason="missing"/>
                                    <gmd:name>
                                    <gco:CharacterString>PORTAL_DOC_KNOWN_ISSUES</gco:CharacterString>
                                    </gmd:name>
                                    <gmd:description>
                                    <gco:CharacterString>ASCII CSV orbital revolution time tables with quality assurance information.</gco:CharacterString>
                                    </gmd:description>
                                    <gmd:function>
                                    <gmd:CI_OnLineFunctionCode
                                    codeList="http://www.ngdc.noaa.gov/metadata/published/xsd/schema/resources/Codelist/gmxCodelists.xml#CI_OnLineFunctionCode" codeListValue=""/>
                                    </gmd:function>
                                </gmd:CI_OnlineResource>
                            </gmd:onLine>
                            <gmd:onLine>
                                <gmd:CI_OnlineResource>
                                    <gmd:linkage>
                                    <gmd:URL>ftp://podaac.jpl.nasa.gov/allData/rapidscat/L2B12/sw/Python</gmd:URL>
                                    </gmd:linkage>
                                    <gmd:applicationProfile gco:nilReason="missing"/>
                                    <gmd:name>
                                    <gco:CharacterString>PORTAL_DA_READ_SOFTWARE</gco:CharacterString>
                                    </gmd:name>
                                    <gmd:description>
                                    <gco:CharacterString>Generic netCDF Reader</gco:CharacterString>
                                    </gmd:description>
                                    <gmd:function>
                                    <gmd:CI_OnLineFunctionCode
                                    codeList="http://www.ngdc.noaa.gov/metadata/published/xsd/schema/resources/Codelist/gmxCodelists.xml#CI_OnLineFunctionCode" codeListValue=""/>
                                    </gmd:function>
                                </gmd:CI_OnlineResource>
                            </gmd:onLine>
                            <gmd:onLine>
                                <gmd:CI_OnlineResource>
                                    <gmd:linkage>
                                    <gmd:URL>ftp://podaac.jpl.nasa.gov/allData/rapidscat/L2B12/docs/rscat_l2b_user_guide_v1.pdf</gmd:URL>
                                    </gmd:linkage>
                                    <gmd:applicationProfile gco:nilReason="missing"/>
                                    <gmd:name>
                                    <gco:CharacterString>PORTAL_DOC_USERS_GUIDE</gco:CharacterString>
                                    </gmd:name>
                                    <gmd:description>
                                    <gco:CharacterString>User Guide</gco:CharacterString>
                                    </gmd:description>
                                    <gmd:function>
                                    <gmd:CI_OnLineFunctionCode
                                    codeList="http://www.ngdc.noaa.gov/metadata/published/xsd/schema/resources/Codelist/gmxCodelists.xml#CI_OnLineFunctionCode" codeListValue=""/>
                                    </gmd:function>
                                </gmd:CI_OnlineResource>
                            </gmd:onLine>
                            <gmd:onLine>
                                <gmd:CI_OnlineResource>
                                    <gmd:linkage>
                                    <gmd:URL>https://winds.jpl.nasa.gov/missions/RapidScat/</gmd:URL>
                                    </gmd:linkage>
                                    <gmd:applicationProfile gco:nilReason="missing"/>
                                    <gmd:name>
                                    <gco:CharacterString>PORTAL_DOC_PROJECT_MATERIALS</gco:CharacterString>
                                    </gmd:name>
                                    <gmd:description>
                                    <gco:CharacterString>Website providing more detailed information about the ISS-RapidScat Mission.</gco:CharacterString>
                                    </gmd:description>
                                    <gmd:function>
                                    <gmd:CI_OnLineFunctionCode
                                    codeList="http://www.ngdc.noaa.gov/metadata/published/xsd/schema/resources/Codelist/gmxCodelists.xml#CI_OnLineFunctionCode" codeListValue=""/>
                                    </gmd:function>
                                </gmd:CI_OnlineResource>
                            </gmd:onLine>
                        </gmd:MD_DigitalTransferOptions>
                    </gmd:distributorTransferOptions>
                </gmd:MD_Distributor>
            </gmd:distributor>
            <gmd:distributor>
                <gmd:MD_Distributor>
                    <gmd:distributorContact>
                        <gmd:CI_ResponsibleParty>
                            <gmd:individualName>
                                <gco:CharacterString>Bryan Stiles</gco:CharacterString>
                            </gmd:individualName>
                            <gmd:organisationName>
                                <gco:CharacterString>SeaWinds Processing and Analysis Center (SeaPAC)</gco:CharacterString>
                            </gmd:organisationName>
                            <gmd:positionName>
                                <gco:CharacterString>Science Data Systems Lead</gco:CharacterString>
                            </gmd:positionName>
                            <gmd:contactInfo>
                                <gmd:CI_Contact>
                                    <gmd:phone>
                                    <gmd:CI_Telephone>
                                    <gmd:voice>
                                    <gco:CharacterString>(818) 354-5329</gco:CharacterString>
                                    </gmd:voice>
                                    </gmd:CI_Telephone>
                                    </gmd:phone>
                                    <gmd:address>
                                    <gmd:CI_Address>
                                    <gmd:deliveryPoint gco:nilReason="missing"/>
                                    <gmd:city gco:nilReason="missing"/>
                                    <gmd:administrativeArea gco:nilReason="missing"/>
                                    <gmd:postalCode gco:nilReason="missing"/>
                                    <gmd:country gco:nilReason="missing"/>
                                    <gmd:electronicMailAddress>
                                    <gco:CharacterString>Bryan.W.Stiles@jpl.nasa.gov</gco:CharacterString>
                                    </gmd:electronicMailAddress>
                                    </gmd:CI_Address>
                                    </gmd:address>
                                    <gmd:hoursOfService gco:nilReason="missing"/>
                                    <gmd:contactInstructions gco:nilReason="missing"/>
                                </gmd:CI_Contact>
                            </gmd:contactInfo>
                            <gmd:role>
                                <gmd:CI_RoleCode
                                    codeList="http://www.ngdc.noaa.gov/metadata/published/xsd/schema/resources/Codelist/gmxCodelists.xml#CI_RoleCode" codeListValue="distributor">distributor</gmd:CI_RoleCode>
                            </gmd:role>
                        </gmd:CI_ResponsibleParty>
                    </gmd:distributorContact>
                </gmd:MD_Distributor>
            </gmd:distributor>
        </gmd:MD_Distribution>
    </gmd:distributionInfo>
    <gmd:dataQualityInfo>
        <gmd:DQ_DataQuality>
            <gmd:scope>
                <gmd:DQ_Scope>
                    <gmd:level>
                        <gmd:MD_ScopeCode
                            codeList="http://www.ngdc.noaa.gov/metadata/published/xsd/schema/resources/Codelist/gmxCodelists.xml#MD_ScopeCode" codeListValue="series">series</gmd:MD_ScopeCode>
                    </gmd:level>
                </gmd:DQ_Scope>
            </gmd:scope>
            <gmd:lineage>
                <gmd:LI_Lineage>
                    <gmd:processStep>
                        <gmi:LE_ProcessStep>
                            <gmd:description gco:nilReason="unknown"/>
                            <gmd:processor>
                                <gmd:CI_ResponsibleParty>
                                    <gmd:organisationName>
                                    <gco:CharacterString>ISS-RapidScat</gco:CharacterString>
                                    </gmd:organisationName>
                                    <gmd:role>
                                    <gmd:CI_RoleCode
                                    codeList="http://www.ngdc.noaa.gov/metadata/published/xsd/schema/resources/Codelist/gmxCodelists.xml#CI_RoleCode" codeListValue="processor">processor</gmd:CI_RoleCode>
                                    </gmd:role>
                                </gmd:CI_ResponsibleParty>
                            </gmd:processor>
                        </gmi:LE_ProcessStep>
                    </gmd:processStep>
                </gmd:LI_Lineage>
            </gmd:lineage>
        </gmd:DQ_DataQuality>
    </gmd:dataQualityInfo>
    <gmd:metadataMaintenance>
        <gmd:MD_MaintenanceInformation>
            <gmd:maintenanceAndUpdateFrequency>
                <gmd:MD_MaintenanceFrequencyCode
                    codeList="http://www.ngdc.noaa.gov/metadata/published/xsd/schema/resources/Codelist/gmxCodelists.xml#MD_MaintenanceFrequencyCode" codeListValue="irregular">irregular</gmd:MD_MaintenanceFrequencyCode>
            </gmd:maintenanceAndUpdateFrequency>
        </gmd:MD_MaintenanceInformation>
    </gmd:metadataMaintenance>
    <gmi:acquisitionInformation>
        <gmi:MI_AcquisitionInformation>
            <gmi:instrument>
                <eos:EOS_Instrument id="d9317e105">
                    <gmi:citation>
                        <gmd:CI_Citation>
                            <gmd:title>
                                <gco:CharacterString>RapidScat &gt; Rapid Scatterometer</gco:CharacterString>
                            </gmd:title>
                            <gmd:date gco:nilReason="unknown"/>
                        </gmd:CI_Citation>
                    </gmi:citation>
                    <gmi:identifier>
                        <gmd:MD_Identifier>
                            <gmd:code>
                                <gco:CharacterString>RapidScat</gco:CharacterString>
                            </gmd:code>
                            <gmd:description>
                                <gco:CharacterString>Rapid Scatterometer</gco:CharacterString>
                            </gmd:description>
                        </gmd:MD_Identifier>
                    </gmi:identifier>
                    <gmi:type>
                        <gco:CharacterString/>
                    </gmi:type>
                    <gmi:description gco:nilReason="missing"/>
                    <gmi:mountedOn xlink:href="#d9317e97"/>
                    <eos:sensor>
                        <eos:EOS_Sensor id="d9317e111">
                            <eos:citation>
                                <gmd:CI_Citation>
                                    <gmd:title>
                                    <gco:CharacterString>RapidScat&gt;Rapid Scatterometer</gco:CharacterString>
                                    </gmd:title>
                                    <gmd:date gco:nilReason="unknown"/>
                                </gmd:CI_Citation>
                            </eos:citation>
                            <eos:identifier>
                                <gmd:MD_Identifier>
                                    <gmd:code>
                                    <gco:CharacterString>RapidScat</gco:CharacterString>
                                    </gmd:code>
                                    <gmd:description>
                                    <gco:CharacterString>Rapid Scatterometer</gco:CharacterString>
                                    </gmd:description>
                                </gmd:MD_Identifier>
                            </eos:identifier>
                            <eos:type gco:nilReason="missing"/>
                            <eos:mountedOn xlink:href="#d9317e105"/>
                        </eos:EOS_Sensor>
                    </eos:sensor>
                </eos:EOS_Instrument>
            </gmi:instrument>
            <gmi:platform>
                <eos:EOS_Platform id="d9317e97">
                    <gmi:identifier>
                        <gmd:MD_Identifier>
                            <gmd:code>
                                <gco:CharacterString>ISS</gco:CharacterString>
                            </gmd:code>
                            <gmd:description>
                                <gco:CharacterString>International Space Station</gco:CharacterString>
                            </gmd:description>
                        </gmd:MD_Identifier>
                    </gmi:identifier>
                    <gmi:description>
                        <gco:CharacterString>SPACECRAFT</gco:CharacterString>
                    </gmi:description>
                    <gmi:instrument xlink:href="#d9317e105"/>
                </eos:EOS_Platform>
            </gmi:platform>
        </gmi:MI_AcquisitionInformation>
    </gmi:acquisitionInformation>
</gmi:MI_Metadata>
