<gmi:MI_Metadata xmlns:eos="http://earthdata.nasa.gov/schema/eos"
    xmlns:gco="http://www.isotc211.org/2005/gco"
    xmlns:gmd="http://www.isotc211.org/2005/gmd"
    xmlns:gmi="http://www.isotc211.org/2005/gmi"
    xmlns:gml="http://www.opengis.net/gml/3.2"
    xmlns:gmx="http://www.isotc211.org/2005/gmx"
    xmlns:gsr="http://www.isotc211.org/2005/gsr"
    xmlns:gss="http://www.isotc211.org/2005/gss"
    xmlns:gts="http://www.isotc211.org/2005/gts"
    xmlns:srv="http://www.isotc211.org/2005/srv"
    xmlns:swe="http://schemas.opengis.net/sweCommon/2.0/"
    xmlns:xlink="http://www.w3.org/1999/xlink"
    xmlns:xs="http://www.w3.org/2001/XMLSchema" xmlns:xsi="http://www.w3.org/2001/XMLSchema-instance">
    <!--Other Properties, all:0, coi:0,ii:0,si:0,pli:0,pri:0,qi:0,gi:0,ci:0,dk:0,pcc:0,icc:0,scc:0-->
    <!--Translated from ECHO using ECHOToISO.xsl Version: 1.33-->
    <gmd:fileIdentifier>
        <gco:CharacterString>gov.nasa.echo:PODAAC-GHVRS-2PN02</gco:CharacterString>
    </gmd:fileIdentifier>
    <gmd:language>
        <gco:CharacterString>eng</gco:CharacterString>
    </gmd:language>
    <gmd:characterSet>
        <gmd:MD_CharacterSetCode
            codeList="http://www.ngdc.noaa.gov/metadata/published/xsd/schema/resources/Codelist/gmxCodelists.xml#MD_CharacterSetCode" codeListValue="utf8">utf8</gmd:MD_CharacterSetCode>
    </gmd:characterSet>
    <gmd:hierarchyLevel>
        <gmd:MD_ScopeCode
            codeList="http://www.ngdc.noaa.gov/metadata/published/xsd/schema/resources/Codelist/gmxCodelists.xml#MD_ScopeCode" codeListValue="series">series</gmd:MD_ScopeCode>
    </gmd:hierarchyLevel>
    <gmd:contact>
        <gmd:CI_ResponsibleParty>
            <gmd:organisationName>
                <gco:CharacterString>PO.DAAC</gco:CharacterString>
            </gmd:organisationName>
            <gmd:role>
                <gmd:CI_RoleCode
                    codeList="http://www.ngdc.noaa.gov/metadata/published/xsd/schema/resources/Codelist/gmxCodelists.xml#CI_RoleCode" codeListValue="pointOfContact">pointOfContact</gmd:CI_RoleCode>
            </gmd:role>
        </gmd:CI_ResponsibleParty>
    </gmd:contact>
    <gmd:dateStamp>
        <gco:DateTime>2016-10-06T13:30:21.900Z</gco:DateTime>
    </gmd:dateStamp>
    <gmd:metadataStandardName>
        <gco:CharacterString>ISO 19115-2 Geographic Information - Metadata Part 2 Extensions for imagery and gridded data</gco:CharacterString>
    </gmd:metadataStandardName>
    <gmd:metadataStandardVersion>
        <gco:CharacterString>ISO 19115-2:2009(E)</gco:CharacterString>
    </gmd:metadataStandardVersion>
    <gmd:referenceSystemInfo>
        <gmd:MD_ReferenceSystem>
            <gmd:referenceSystemIdentifier>
                <gmd:RS_Identifier>
                    <gmd:code>
                        <gco:CharacterString>CARTESIAN</gco:CharacterString>
                    </gmd:code>
                </gmd:RS_Identifier>
            </gmd:referenceSystemIdentifier>
        </gmd:MD_ReferenceSystem>
    </gmd:referenceSystemInfo>
    <gmd:identificationInfo>
        <gmd:MD_DataIdentification>
            <gmd:citation>
                <gmd:CI_Citation>
                    <gmd:title>
                        <gco:CharacterString>VIIRS_NPP-NAVO-L2P-v1.0 &gt; GHRSST Level 2P Global 1 meter Sea Surface Temperature from the Visible Infrared Imaging Radiometer Suite (VIIRS) on the Suomi NPP satellite (GDS version 2)</gco:CharacterString>
                    </gmd:title>
                    <gmd:date>
                        <gmd:CI_Date>
                            <gmd:date>
                                <gco:DateTime>2013-07-17T19:03:30.000Z</gco:DateTime>
                            </gmd:date>
                            <gmd:dateType>
                                <gmd:CI_DateTypeCode
                                    codeList="http://www.ngdc.noaa.gov/metadata/published/xsd/schema/resources/Codelist/gmxCodelists.xml#CI_DateTypeCode" codeListValue="revision">revision</gmd:CI_DateTypeCode>
                            </gmd:dateType>
                        </gmd:CI_Date>
                    </gmd:date>
                    <gmd:date>
                        <gmd:CI_Date>
                            <gmd:date>
                                <gco:DateTime>2013-04-02T00:39:17.738Z</gco:DateTime>
                            </gmd:date>
                            <gmd:dateType>
                                <gmd:CI_DateTypeCode
                                    codeList="http://www.ngdc.noaa.gov/metadata/published/xsd/schema/resources/Codelist/gmxCodelists.xml#CI_DateTypeCode" codeListValue="creation">creation</gmd:CI_DateTypeCode>
                            </gmd:dateType>
                        </gmd:CI_Date>
                    </gmd:date>
                    <gmd:edition>
                        <gco:CharacterString>1</gco:CharacterString>
                    </gmd:edition>
                    <gmd:identifier>
                        <gmd:MD_Identifier>
                            <gmd:code>
                                <gco:CharacterString>VIIRS_NPP-NAVO-L2P-v1.0</gco:CharacterString>
                            </gmd:code>
                            <gmd:description>
                                <gco:CharacterString>GHRSST Level 2P Global 1 meter Sea Surface Temperature from the Visible Infrared Imaging Radiometer Suite (VIIRS) on the Suomi NPP satellite (GDS version 2)</gco:CharacterString>
                            </gmd:description>
                        </gmd:MD_Identifier>
                    </gmd:identifier>
                    <gmd:otherCitationDetails>
                        <gco:CharacterString/>
                    </gmd:otherCitationDetails>
                </gmd:CI_Citation>
            </gmd:citation>
            <gmd:abstract>
                <gco:CharacterString>A global Group for High Resolution Sea Surface Temperature (GHRSST) Level 2P dataset based on retrievals from the Visible Infrared Imaging Radiometer Suite (VIIRS). This sensor resides on the Suomi National Polar-orbiting Operational Environmental Satellite System (NPOESS) Preparatory Project (NPP) satellite launched on 28 October 2011.
The VIIRS instrument is a a 22-band, multi-spectral scanning radiometer with a 3040-km swath width that builds on the heritage of the MODIS , AVHRR and SeaWIFS sensors for sea surface temperature (SST) and ocean color. For the infrared bands for SST the effective pixel size is 740 meters at nadir and the pixel size variation across the swath is constrained to no more than 1600 meters at the edge of the swath.  However, the processing of this dataset aggregates two pixels into one so the resolution is 1500 meters at nadir. This dataset adheres to the GHRSST Data Processing Specification (GDS) version 2 format specifications.</gco:CharacterString>
            </gmd:abstract>
            <gmd:purpose gco:nilReason="missing"/>
            <gmd:pointOfContact>
                <gmd:CI_ResponsibleParty>
                    <gmd:organisationName>
                        <gco:CharacterString>PO.DAAC</gco:CharacterString>
                    </gmd:organisationName>
                    <gmd:role>
                        <gmd:CI_RoleCode
                            codeList="http://www.ngdc.noaa.gov/metadata/published/xsd/schema/resources/Codelist/gmxCodelists.xml#CI_RoleCode" codeListValue="pointOfContact">pointOfContact</gmd:CI_RoleCode>
                    </gmd:role>
                </gmd:CI_ResponsibleParty>
            </gmd:pointOfContact>
            <gmd:resourceFormat>
                <gmd:MD_Format>
                    <gmd:name>
                        <gco:CharacterString>NETCDF</gco:CharacterString>
                    </gmd:name>
                    <gmd:version gco:nilReason="unknown"/>
                </gmd:MD_Format>
            </gmd:resourceFormat>
            <gmd:descriptiveKeywords>
                <gmd:MD_Keywords>
                    <gmd:keyword>
                        <gco:CharacterString>Earth Science&gt;Oceans&gt;Ocean Temperature&gt;Sea Surface Temperature&gt;NONE&gt;NONE&gt;Skin Sea Surface Temperature</gco:CharacterString>
                    </gmd:keyword>
                    <gmd:type>
                        <gmd:MD_KeywordTypeCode
                            codeList="http://www.ngdc.noaa.gov/metadata/published/xsd/schema/resources/Codelist/gmxCodelists.xml#MD_KeywordTypeCode" codeListValue="theme">theme</gmd:MD_KeywordTypeCode>
                    </gmd:type>
                    <gmd:thesaurusName>
                        <gmd:CI_Citation>
                            <gmd:title>
                                <gco:CharacterString>NASA/GCMD Science Keywords</gco:CharacterString>
                            </gmd:title>
                            <gmd:date gco:nilReason="unknown"/>
                            <gmd:citedResponsibleParty>
                                <gmd:CI_ResponsibleParty>
                                    <gmd:organisationName>
                                    <gco:CharacterString>NASA</gco:CharacterString>
                                    </gmd:organisationName>
                                    <gmd:positionName>
                                    <gco:CharacterString>GCMD User Support Office</gco:CharacterString>
                                    </gmd:positionName>
                                    <gmd:contactInfo>
                                    <gmd:CI_Contact>
                                    <gmd:address>
                                    <gmd:CI_Address>
                                    <gmd:electronicMailAddress>
                                    <gco:CharacterString>gcmduso@gcmd.gsfc.nasa.gov</gco:CharacterString>
                                    </gmd:electronicMailAddress>
                                    </gmd:CI_Address>
                                    </gmd:address>
                                    <gmd:onlineResource>
                                    <gmd:CI_OnlineResource>
                                    <gmd:linkage>
                                    <gmd:URL>http://gcmd.nasa.gov/MailComments/MailComments.jsf?rcpt=gcmduso</gmd:URL>
                                    </gmd:linkage>
                                    <gmd:name>
                                    <gco:CharacterString>GCMD Feedback Form</gco:CharacterString>
                                    </gmd:name>
                                    <gmd:description>
                                    <gco:CharacterString>Have a Comment for the GCMD?</gco:CharacterString>
                                    </gmd:description>
                                    <gmd:function>

                                    <gmd:CI_OnLineFunctionCode
                                    codeList="http://www.ngdc.noaa.gov/metadata/published/xsd/schema/resources/Codelist/gmxCodelists.xml#CI_OnLineFunctionCode" codeListValue="information">information</gmd:CI_OnLineFunctionCode>
                                    </gmd:function>
                                    </gmd:CI_OnlineResource>
                                    </gmd:onlineResource>
                                    </gmd:CI_Contact>
                                    </gmd:contactInfo>
                                    <gmd:role>
                                    <gmd:CI_RoleCode
                                    codeList="http://www.ngdc.noaa.gov/metadata/published/xsd/schema/resources/Codelist/gmxCodelists.xml#CI_RoleCode" codeListValue="custodian">custodian</gmd:CI_RoleCode>
                                    </gmd:role>
                                </gmd:CI_ResponsibleParty>
                            </gmd:citedResponsibleParty>
                            <gmd:citedResponsibleParty>
                                <gmd:CI_ResponsibleParty>
                                    <gmd:organisationName gco:nilReason="inapplicable"/>
                                    <gmd:contactInfo>
                                    <gmd:CI_Contact>
                                    <gmd:onlineResource xlink:title="GCMD Keyword Page">
                                    <gmd:CI_OnlineResource>
                                    <gmd:linkage>
                                    <gmd:URL>http://gcmd.nasa.gov/Resources/valids/</gmd:URL>
                                    </gmd:linkage>
                                    <gmd:name>
                                    <gco:CharacterString>GCMD Keywords Page</gco:CharacterString>
                                    </gmd:name>
                                    <gmd:description>
                                    <gco:CharacterString>This page describes the NASA GCMD Keywords, how to reference those keywords and provides download instructions. </gco:CharacterString>
                                    </gmd:description>
                                    <gmd:function>

                                    <gmd:CI_OnLineFunctionCode
                                    codeList="http://www.ngdc.noaa.gov/metadata/published/xsd/schema/resources/Codelist/gmxCodelists.xml#CI_OnLineFunctionCode" codeListValue="information">information</gmd:CI_OnLineFunctionCode>
                                    </gmd:function>
                                    </gmd:CI_OnlineResource>
                                    </gmd:onlineResource>
                                    </gmd:CI_Contact>
                                    </gmd:contactInfo>
                                    <gmd:role>
                                    <gmd:CI_RoleCode
                                    codeList="http://www.ngdc.noaa.gov/metadata/published/xsd/schema/resources/Codelist/gmxCodelists.xml#CI_RoleCode" codeListValue="custodian">custodian</gmd:CI_RoleCode>
                                    </gmd:role>
                                </gmd:CI_ResponsibleParty>
                            </gmd:citedResponsibleParty>
                        </gmd:CI_Citation>
                    </gmd:thesaurusName>
                </gmd:MD_Keywords>
            </gmd:descriptiveKeywords>
            <gmd:descriptiveKeywords>
                <gmd:MD_Keywords>
                    <gmd:keyword>
                        <gco:CharacterString>Global</gco:CharacterString>
                    </gmd:keyword>
                    <gmd:type>
                        <gmd:MD_KeywordTypeCode
                            codeList="http://www.ngdc.noaa.gov/metadata/published/xsd/schema/resources/Codelist/gmxCodelists.xml#MD_KeywordTypeCode" codeListValue="place">place</gmd:MD_KeywordTypeCode>
                    </gmd:type>
                    <gmd:thesaurusName>
                        <gmd:CI_Citation>
                            <gmd:title>
                                <gco:CharacterString>NASA/Global Change Master Directory (GCMD) Location Keywords</gco:CharacterString>
                            </gmd:title>
                            <gmd:date gco:nilReason="unknown"/>
                            <gmd:citedResponsibleParty>
                                <gmd:CI_ResponsibleParty>
                                    <gmd:organisationName>
                                    <gco:CharacterString>NASA Global Change Master Directory (GCMD) User Support Office</gco:CharacterString>
                                    </gmd:organisationName>
                                    <gmd:contactInfo>
                                    <gmd:CI_Contact>
                                    <gmd:phone gco:nilReason="missing"/>
                                    <gmd:address>
                                    <gmd:CI_Address>
                                    <gmd:deliveryPoint>
                                    <gco:CharacterString>NASA Global Change Master Directory, Goddard Space Flight Center</gco:CharacterString>
                                    </gmd:deliveryPoint>
                                    <gmd:city>
                                    <gco:CharacterString>Greenbelt</gco:CharacterString>
                                    </gmd:city>
                                    <gmd:administrativeArea>
                                    <gco:CharacterString>MD</gco:CharacterString>
                                    </gmd:administrativeArea>
                                    <gmd:postalCode>
                                    <gco:CharacterString>20771</gco:CharacterString>
                                    </gmd:postalCode>
                                    <gmd:country>
                                    <gco:CharacterString>USA</gco:CharacterString>
                                    </gmd:country>
                                    <gmd:electronicMailAddress>
                                    <gco:CharacterString>gcmduso@gcmd.gsfc.nasa.gov</gco:CharacterString>
                                    </gmd:electronicMailAddress>
                                    </gmd:CI_Address>
                                    </gmd:address>
                                    <gmd:onlineResource>
                                    <gmd:CI_OnlineResource>
                                    <gmd:linkage>
                                    <gmd:URL>http://gcmd.nasa.gov/index.html</gmd:URL>
                                    </gmd:linkage>
                                    <gmd:protocol>
                                    <gco:CharacterString>http</gco:CharacterString>
                                    </gmd:protocol>
                                    <gmd:applicationProfile>
                                    <gco:CharacterString>web browser</gco:CharacterString>
                                    </gmd:applicationProfile>
                                    <gmd:name>
                                    <gco:CharacterString>NASA Global Change Master Directory (GCMD)</gco:CharacterString>
                                    </gmd:name>
                                    <gmd:description>
                                    <gco:CharacterString>Home Page</gco:CharacterString>
                                    </gmd:description>
                                    <gmd:function>

                                    <gmd:CI_OnLineFunctionCode
                                    codeList="http://www.isotc211.org/2005/resources/Codelist/gmxCodelists.xml#CI_OnLineFunctionCode" codeListValue="information">information</gmd:CI_OnLineFunctionCode>
                                    </gmd:function>
                                    </gmd:CI_OnlineResource>
                                    </gmd:onlineResource>
                                    <gmd:contactInstructions>
                                    <gco:CharacterString>http://gcmd.nasa.gov/MailComments/MailComments.jsf?rcpt=gcmduso</gco:CharacterString>
                                    </gmd:contactInstructions>
                                    </gmd:CI_Contact>
                                    </gmd:contactInfo>
                                    <gmd:role>
                                    <gmd:CI_RoleCode
                                    codeList="http://www.ngdc.noaa.gov/metadata/published/xsd/schema/resources/Codelist/gmxCodelists.xml#CI_RoleCode" codeListValue="custodian">custodian</gmd:CI_RoleCode>
                                    </gmd:role>
                                </gmd:CI_ResponsibleParty>
                            </gmd:citedResponsibleParty>
                            <gmd:citedResponsibleParty>
                                <gmd:CI_ResponsibleParty>
                                    <gmd:organisationName>
                                    <gco:CharacterString>NASA Global Change Master Directory (GCMD)</gco:CharacterString>
                                    </gmd:organisationName>
                                    <gmd:contactInfo>
                                    <gmd:CI_Contact>
                                    <gmd:phone gco:nilReason="missing"/>
                                    <gmd:address>
                                    <gmd:CI_Address>
                                    <gmd:deliveryPoint>
                                    <gco:CharacterString>NASA Global Change Master Directory, Goddard Space Flight Center</gco:CharacterString>
                                    </gmd:deliveryPoint>
                                    <gmd:city>
                                    <gco:CharacterString>Greenbelt</gco:CharacterString>
                                    </gmd:city>
                                    <gmd:administrativeArea>
                                    <gco:CharacterString>MD</gco:CharacterString>
                                    </gmd:administrativeArea>
                                    <gmd:postalCode>
                                    <gco:CharacterString>20771</gco:CharacterString>
                                    </gmd:postalCode>
                                    <gmd:country>
                                    <gco:CharacterString>USA</gco:CharacterString>
                                    </gmd:country>
                                    <gmd:electronicMailAddress>
                                    <gco:CharacterString>gcmduso@gcmd.gsfc.nasa.gov</gco:CharacterString>
                                    </gmd:electronicMailAddress>
                                    </gmd:CI_Address>
                                    </gmd:address>
                                    <gmd:onlineResource>
                                    <gmd:CI_OnlineResource>
                                    <gmd:linkage>
                                    <gmd:URL>http://gcmd.nasa.gov/Resources/valids/</gmd:URL>
                                    </gmd:linkage>
                                    <gmd:protocol>
                                    <gco:CharacterString>http</gco:CharacterString>
                                    </gmd:protocol>
                                    <gmd:applicationProfile>
                                    <gco:CharacterString>web browser</gco:CharacterString>
                                    </gmd:applicationProfile>
                                    <gmd:name>
                                    <gco:CharacterString>NASA Global Change Master Directory (GCMD) Keyword Page</gco:CharacterString>
                                    </gmd:name>
                                    <gmd:description>
                                    <gco:CharacterString>This page describes the NASA GCMD Keywords, how to reference those keywords and provides download instructions.</gco:CharacterString>
                                    </gmd:description>
                                    <gmd:function>

                                    <gmd:CI_OnLineFunctionCode
                                    codeList="http://www.isotc211.org/2005/resources/Codelist/gmxCodelists.xml#CI_OnLineFunctionCode" codeListValue="download">download</gmd:CI_OnLineFunctionCode>
                                    </gmd:function>
                                    </gmd:CI_OnlineResource>
                                    </gmd:onlineResource>
                                    <gmd:contactInstructions>
                                    <gco:CharacterString>http://gcmd.nasa.gov/MailComments/MailComments.jsf?rcpt=gcmduso</gco:CharacterString>
                                    </gmd:contactInstructions>
                                    </gmd:CI_Contact>
                                    </gmd:contactInfo>
                                    <gmd:role>
                                    <gmd:CI_RoleCode
                                    codeList="http://www.ngdc.noaa.gov/metadata/published/xsd/schema/resources/Codelist/gmxCodelists.xml#CI_RoleCode" codeListValue="custodian">custodian</gmd:CI_RoleCode>
                                    </gmd:role>
                                </gmd:CI_ResponsibleParty>
                            </gmd:citedResponsibleParty>
                        </gmd:CI_Citation>
                    </gmd:thesaurusName>
                </gmd:MD_Keywords>
            </gmd:descriptiveKeywords>
            <gmd:descriptiveKeywords>
                <gmd:MD_Keywords>
                    <gmd:keyword>
                        <gco:CharacterString>PO.DAAC</gco:CharacterString>
                    </gmd:keyword>
                    <gmd:type>
                        <gmd:MD_KeywordTypeCode
                            codeList="http://www.ngdc.noaa.gov/metadata/published/xsd/schema/resources/Codelist/gmxCodelists.xml#MD_KeywordTypeCode" codeListValue="dataCenter">dataCenter</gmd:MD_KeywordTypeCode>
                    </gmd:type>
                    <gmd:thesaurusName>
                        <gmd:CI_Citation>
                            <gmd:title>
                                <gco:CharacterString> NASA/Global Change Master Directory (GCMD) Data Center Keywords </gco:CharacterString>
                            </gmd:title>
                            <gmd:date>
                                <gmd:CI_Date>
                                    <gmd:date>
                                    <gco:Date>2008-02-07</gco:Date>
                                    </gmd:date>
                                    <gmd:dateType>
                                    <gmd:CI_DateTypeCode
                                    codeList="http://www.isotc211.org/2005/resources/Codelist/gmxCodelists.xml#CI_DateTypeCode" codeListValue="publication">publication</gmd:CI_DateTypeCode>
                                    </gmd:dateType>
                                </gmd:CI_Date>
                            </gmd:date>
                            <gmd:identifier/>
                            <gmd:citedResponsibleParty>
                                <gmd:CI_ResponsibleParty>
                                    <gmd:organisationName>
                                    <gco:CharacterString>NASA</gco:CharacterString>
                                    </gmd:organisationName>
                                    <gmd:positionName>
                                    <gco:CharacterString>GCMD User Support Office</gco:CharacterString>
                                    </gmd:positionName>
                                    <gmd:contactInfo>
                                    <gmd:CI_Contact>
                                    <gmd:address>
                                    <gmd:CI_Address>
                                    <gmd:electronicMailAddress>
                                    <gco:CharacterString>gcmduso@gcmd.gsfc.nasa.gov</gco:CharacterString>
                                    </gmd:electronicMailAddress>
                                    </gmd:CI_Address>
                                    </gmd:address>
                                    <gmd:onlineResource>
                                    <gmd:CI_OnlineResource>
                                    <gmd:linkage>
                                    <gmd:URL>http://gcmd.nasa.gov/MailComments/MailComments.jsf?rcpt=gcmduso</gmd:URL>
                                    </gmd:linkage>
                                    <gmd:name>
                                    <gco:CharacterString>GCMD Feedback Form</gco:CharacterString>
                                    </gmd:name>
                                    <gmd:description>
                                    <gco:CharacterString>Have a Comment for the GCMD?</gco:CharacterString>
                                    </gmd:description>
                                    <gmd:function>

                                    <gmd:CI_OnLineFunctionCode
                                    codeList="http://www.ngdc.noaa.gov/metadata/published/xsd/schema/resources/Codelist/gmxCodelists.xml#CI_OnLineFunctionCode" codeListValue="information">information</gmd:CI_OnLineFunctionCode>
                                    </gmd:function>
                                    </gmd:CI_OnlineResource>
                                    </gmd:onlineResource>
                                    </gmd:CI_Contact>
                                    </gmd:contactInfo>
                                    <gmd:role>
                                    <gmd:CI_RoleCode
                                    codeList="http://www.ngdc.noaa.gov/metadata/published/xsd/schema/resources/Codelist/gmxCodelists.xml#CI_RoleCode" codeListValue="custodian">custodian</gmd:CI_RoleCode>
                                    </gmd:role>
                                </gmd:CI_ResponsibleParty>
                            </gmd:citedResponsibleParty>
                            <gmd:citedResponsibleParty>
                                <gmd:CI_ResponsibleParty>
                                    <gmd:organisationName gco:nilReason="inapplicable"/>
                                    <gmd:contactInfo>
                                    <gmd:CI_Contact>
                                    <gmd:onlineResource xlink:title="GCMD Keyword Page">
                                    <gmd:CI_OnlineResource>
                                    <gmd:linkage>
                                    <gmd:URL>http://gcmd.nasa.gov/Resources/valids/</gmd:URL>
                                    </gmd:linkage>
                                    <gmd:name>
                                    <gco:CharacterString>GCMD Keywords Page</gco:CharacterString>
                                    </gmd:name>
                                    <gmd:description>
                                    <gco:CharacterString>This page describes the NASA GCMD Keywords, how to reference those keywords and provides download instructions. </gco:CharacterString>
                                    </gmd:description>
                                    <gmd:function>

                                    <gmd:CI_OnLineFunctionCode
                                    codeList="http://www.ngdc.noaa.gov/metadata/published/xsd/schema/resources/Codelist/gmxCodelists.xml#CI_OnLineFunctionCode" codeListValue="information">information</gmd:CI_OnLineFunctionCode>
                                    </gmd:function>
                                    </gmd:CI_OnlineResource>
                                    </gmd:onlineResource>
                                    </gmd:CI_Contact>
                                    </gmd:contactInfo>
                                    <gmd:role>
                                    <gmd:CI_RoleCode
                                    codeList="http://www.ngdc.noaa.gov/metadata/published/xsd/schema/resources/Codelist/gmxCodelists.xml#CI_RoleCode" codeListValue="custodian">custodian</gmd:CI_RoleCode>
                                    </gmd:role>
                                </gmd:CI_ResponsibleParty>
                            </gmd:citedResponsibleParty>
                        </gmd:CI_Citation>
                    </gmd:thesaurusName>
                </gmd:MD_Keywords>
            </gmd:descriptiveKeywords>
            <gmd:descriptiveKeywords>
                <gmd:MD_Keywords>
                    <gmd:keyword>
                        <gco:CharacterString>Suomi NPP &gt; Suomi Suomi National Polar-orbiting Partnership</gco:CharacterString>
                    </gmd:keyword>
                    <gmd:type>
                        <gmd:MD_KeywordTypeCode
                            codeList="http://www.ngdc.noaa.gov/metadata/published/xsd/schema/resources/Codelist/gmxCodelists.xml#MD_KeywordTypeCode" codeListValue="platform">platform</gmd:MD_KeywordTypeCode>
                    </gmd:type>
                    <gmd:thesaurusName>
                        <gmd:CI_Citation>
                            <gmd:title>
                                <gco:CharacterString>NASA/GCMD Platform Keywords</gco:CharacterString>
                            </gmd:title>
                            <gmd:date gco:nilReason="unknown"/>
                            <gmd:citedResponsibleParty>
                                <gmd:CI_ResponsibleParty>
                                    <gmd:organisationName>
                                    <gco:CharacterString>NASA</gco:CharacterString>
                                    </gmd:organisationName>
                                    <gmd:positionName>
                                    <gco:CharacterString>GCMD User Support Office</gco:CharacterString>
                                    </gmd:positionName>
                                    <gmd:contactInfo>
                                    <gmd:CI_Contact>
                                    <gmd:address>
                                    <gmd:CI_Address>
                                    <gmd:electronicMailAddress>
                                    <gco:CharacterString>gcmduso@gcmd.gsfc.nasa.gov</gco:CharacterString>
                                    </gmd:electronicMailAddress>
                                    </gmd:CI_Address>
                                    </gmd:address>
                                    <gmd:onlineResource>
                                    <gmd:CI_OnlineResource>
                                    <gmd:linkage>
                                    <gmd:URL>http://gcmd.nasa.gov/MailComments/MailComments.jsf?rcpt=gcmduso</gmd:URL>
                                    </gmd:linkage>
                                    <gmd:name>
                                    <gco:CharacterString>GCMD Feedback Form</gco:CharacterString>
                                    </gmd:name>
                                    <gmd:description>
                                    <gco:CharacterString>Have a Comment for the GCMD?</gco:CharacterString>
                                    </gmd:description>
                                    <gmd:function>

                                    <gmd:CI_OnLineFunctionCode
                                    codeList="http://www.ngdc.noaa.gov/metadata/published/xsd/schema/resources/Codelist/gmxCodelists.xml#CI_OnLineFunctionCode" codeListValue="information">information</gmd:CI_OnLineFunctionCode>
                                    </gmd:function>
                                    </gmd:CI_OnlineResource>
                                    </gmd:onlineResource>
                                    </gmd:CI_Contact>
                                    </gmd:contactInfo>
                                    <gmd:role>
                                    <gmd:CI_RoleCode
                                    codeList="http://www.ngdc.noaa.gov/metadata/published/xsd/schema/resources/Codelist/gmxCodelists.xml#CI_RoleCode" codeListValue="custodian">custodian</gmd:CI_RoleCode>
                                    </gmd:role>
                                </gmd:CI_ResponsibleParty>
                            </gmd:citedResponsibleParty>
                            <gmd:citedResponsibleParty>
                                <gmd:CI_ResponsibleParty>
                                    <gmd:organisationName gco:nilReason="inapplicable"/>
                                    <gmd:contactInfo>
                                    <gmd:CI_Contact>
                                    <gmd:onlineResource xlink:title="GCMD Keyword Page">
                                    <gmd:CI_OnlineResource>
                                    <gmd:linkage>
                                    <gmd:URL>http://gcmd.nasa.gov/Resources/valids/</gmd:URL>
                                    </gmd:linkage>
                                    <gmd:name>
                                    <gco:CharacterString>GCMD Keywords Page</gco:CharacterString>
                                    </gmd:name>
                                    <gmd:description>
                                    <gco:CharacterString>This page describes the NASA GCMD Keywords, how to reference those keywords and provides download instructions. </gco:CharacterString>
                                    </gmd:description>
                                    <gmd:function>

                                    <gmd:CI_OnLineFunctionCode
                                    codeList="http://www.ngdc.noaa.gov/metadata/published/xsd/schema/resources/Codelist/gmxCodelists.xml#CI_OnLineFunctionCode" codeListValue="information">information</gmd:CI_OnLineFunctionCode>
                                    </gmd:function>
                                    </gmd:CI_OnlineResource>
                                    </gmd:onlineResource>
                                    </gmd:CI_Contact>
                                    </gmd:contactInfo>
                                    <gmd:role>
                                    <gmd:CI_RoleCode
                                    codeList="http://www.ngdc.noaa.gov/metadata/published/xsd/schema/resources/Codelist/gmxCodelists.xml#CI_RoleCode" codeListValue="custodian">custodian</gmd:CI_RoleCode>
                                    </gmd:role>
                                </gmd:CI_ResponsibleParty>
                            </gmd:citedResponsibleParty>
                        </gmd:CI_Citation>
                    </gmd:thesaurusName>
                </gmd:MD_Keywords>
            </gmd:descriptiveKeywords>
            <gmd:descriptiveKeywords>
                <gmd:MD_Keywords>
                    <gmd:keyword>
                        <gco:CharacterString>VIIRS &gt; Visible Infrared Imaging Radiometer Suite</gco:CharacterString>
                    </gmd:keyword>
                    <gmd:type>
                        <gmd:MD_KeywordTypeCode
                            codeList="http://www.ngdc.noaa.gov/metadata/published/xsd/schema/resources/Codelist/gmxCodelists.xml#MD_KeywordTypeCode" codeListValue="instrument">instrument</gmd:MD_KeywordTypeCode>
                    </gmd:type>
                    <gmd:thesaurusName>
                        <gmd:CI_Citation>
                            <gmd:title>
                                <gco:CharacterString>NASA/GCMD Instrument Keywords</gco:CharacterString>
                            </gmd:title>
                            <gmd:date gco:nilReason="unknown"/>
                            <gmd:citedResponsibleParty>
                                <gmd:CI_ResponsibleParty>
                                    <gmd:organisationName>
                                    <gco:CharacterString>NASA</gco:CharacterString>
                                    </gmd:organisationName>
                                    <gmd:positionName>
                                    <gco:CharacterString>GCMD User Support Office</gco:CharacterString>
                                    </gmd:positionName>
                                    <gmd:contactInfo>
                                    <gmd:CI_Contact>
                                    <gmd:address>
                                    <gmd:CI_Address>
                                    <gmd:electronicMailAddress>
                                    <gco:CharacterString>gcmduso@gcmd.gsfc.nasa.gov</gco:CharacterString>
                                    </gmd:electronicMailAddress>
                                    </gmd:CI_Address>
                                    </gmd:address>
                                    <gmd:onlineResource>
                                    <gmd:CI_OnlineResource>
                                    <gmd:linkage>
                                    <gmd:URL>http://gcmd.nasa.gov/MailComments/MailComments.jsf?rcpt=gcmduso</gmd:URL>
                                    </gmd:linkage>
                                    <gmd:name>
                                    <gco:CharacterString>GCMD Feedback Form</gco:CharacterString>
                                    </gmd:name>
                                    <gmd:description>
                                    <gco:CharacterString>Have a Comment for the GCMD?</gco:CharacterString>
                                    </gmd:description>
                                    <gmd:function>

                                    <gmd:CI_OnLineFunctionCode
                                    codeList="http://www.ngdc.noaa.gov/metadata/published/xsd/schema/resources/Codelist/gmxCodelists.xml#CI_OnLineFunctionCode" codeListValue="information">information</gmd:CI_OnLineFunctionCode>
                                    </gmd:function>
                                    </gmd:CI_OnlineResource>
                                    </gmd:onlineResource>
                                    </gmd:CI_Contact>
                                    </gmd:contactInfo>
                                    <gmd:role>
                                    <gmd:CI_RoleCode
                                    codeList="http://www.ngdc.noaa.gov/metadata/published/xsd/schema/resources/Codelist/gmxCodelists.xml#CI_RoleCode" codeListValue="custodian">custodian</gmd:CI_RoleCode>
                                    </gmd:role>
                                </gmd:CI_ResponsibleParty>
                            </gmd:citedResponsibleParty>
                            <gmd:citedResponsibleParty>
                                <gmd:CI_ResponsibleParty>
                                    <gmd:organisationName gco:nilReason="inapplicable"/>
                                    <gmd:contactInfo>
                                    <gmd:CI_Contact>
                                    <gmd:onlineResource>
                                    <gmd:CI_OnlineResource>
                                    <gmd:linkage>
                                    <gmd:URL>http://gcmd.nasa.gov/Resources/valids/</gmd:URL>
                                    </gmd:linkage>
                                    <gmd:name>
                                    <gco:CharacterString>GCMD Keywords Page</gco:CharacterString>
                                    </gmd:name>
                                    <gmd:description>
                                    <gco:CharacterString>This page describes the NASA GCMD Keywords, how to reference those keywords and provides download instructions. </gco:CharacterString>
                                    </gmd:description>
                                    <gmd:function>

                                    <gmd:CI_OnLineFunctionCode
                                    codeList="http://www.ngdc.noaa.gov/metadata/published/xsd/schema/resources/Codelist/gmxCodelists.xml#CI_OnLineFunctionCode" codeListValue="information">information</gmd:CI_OnLineFunctionCode>
                                    </gmd:function>
                                    </gmd:CI_OnlineResource>
                                    </gmd:onlineResource>
                                    </gmd:CI_Contact>
                                    </gmd:contactInfo>
                                    <gmd:role>
                                    <gmd:CI_RoleCode
                                    codeList="http://www.ngdc.noaa.gov/metadata/published/xsd/schema/resources/Codelist/gmxCodelists.xml#CI_RoleCode" codeListValue="custodian">custodian</gmd:CI_RoleCode>
                                    </gmd:role>
                                </gmd:CI_ResponsibleParty>
                            </gmd:citedResponsibleParty>
                        </gmd:CI_Citation>
                    </gmd:thesaurusName>
                </gmd:MD_Keywords>
            </gmd:descriptiveKeywords>
            <gmd:language>
                <gco:CharacterString>eng</gco:CharacterString>
            </gmd:language>
            <gmd:characterSet>
                <gmd:MD_CharacterSetCode
                    codeList="http://www.ngdc.noaa.gov/metadata/published/xsd/schema/resources/Codelist/gmxCodelists.xml#MD_CharacterSetCode" codeListValue="utf8">utf8</gmd:MD_CharacterSetCode>
            </gmd:characterSet>
            <gmd:extent>
                <gmd:EX_Extent id="boundingExtent">
                    <gmd:description>
                        <gco:CharacterString>SpatialCoverageType=HORIZONTAL, SpatialGranuleSpatialRepresentation=CARTESIAN</gco:CharacterString>
                    </gmd:description>
                    <gmd:geographicElement>
                        <!--Bounding Rectangle-->
                        <gmd:EX_GeographicBoundingBox>
                            <gmd:westBoundLongitude>
                                <gco:Decimal>-180.0</gco:Decimal>
                            </gmd:westBoundLongitude>
                            <gmd:eastBoundLongitude>
                                <gco:Decimal>180.0</gco:Decimal>
                            </gmd:eastBoundLongitude>
                            <gmd:southBoundLatitude>
                                <gco:Decimal>-90</gco:Decimal>
                            </gmd:southBoundLatitude>
                            <gmd:northBoundLatitude>
                                <gco:Decimal>90</gco:Decimal>
                            </gmd:northBoundLatitude>
                        </gmd:EX_GeographicBoundingBox>
                    </gmd:geographicElement>
                    <gmd:temporalElement>
                        <!--RangeDateTime-->
                        <gmd:EX_TemporalExtent id="boundingTemporalExtent">
                            <gmd:extent>
                                <gml:TimePeriod gml:id="d7851e35">
                                    <gml:beginPosition>2013-05-20T17:28:00.000Z</gml:beginPosition>
                                    <gml:endPosition/>
                                </gml:TimePeriod>
                            </gmd:extent>
                        </gmd:EX_TemporalExtent>
                    </gmd:temporalElement>
                </gmd:EX_Extent>
            </gmd:extent>
            <gmd:supplementalInformation/>
            <gmd:processingLevel>
                <gmd:MD_Identifier>
                    <gmd:code>
                        <gco:CharacterString>2P</gco:CharacterString>
                    </gmd:code>
                    <gmd:description>
                        <gco:CharacterString/>
                    </gmd:description>
                </gmd:MD_Identifier>
            </gmd:processingLevel>
        </gmd:MD_DataIdentification>
    </gmd:identificationInfo>
    <gmd:contentInfo>
        <gmd:MD_ImageDescription>
            <gmd:attributeDescription/>
            <gmd:contentType/>
            <gmd:processingLevelCode>
                <gmd:MD_Identifier>
                    <gmd:code>
                        <gco:CharacterString>2P</gco:CharacterString>
                    </gmd:code>
                    <gmd:description>
                        <gco:CharacterString/>
                    </gmd:description>
                </gmd:MD_Identifier>
            </gmd:processingLevelCode>
        </gmd:MD_ImageDescription>
    </gmd:contentInfo>
    <gmd:distributionInfo>
        <gmd:MD_Distribution>
            <gmd:distributor>
                <gmd:MD_Distributor>
                    <gmd:distributorContact>
                        <gmd:CI_ResponsibleParty>
                            <gmd:individualName>
                                <gco:CharacterString>Keith null Willis</gco:CharacterString>
                            </gmd:individualName>
                            <gmd:organisationName>
                                <gco:CharacterString>Naval Oceanographic Office (NAVOCEANO)</gco:CharacterString>
                            </gmd:organisationName>
                            <gmd:positionName>
                                <gco:CharacterString>Primary Contact</gco:CharacterString>
                            </gmd:positionName>
                            <gmd:contactInfo>
                                <gmd:CI_Contact>
                                    <gmd:phone>
                                    <gmd:CI_Telephone>
                                    <gmd:voice>
                                    <gco:CharacterString>null</gco:CharacterString>
                                    </gmd:voice>
                                    </gmd:CI_Telephone>
                                    </gmd:phone>
                                    <gmd:address>
                                    <gmd:CI_Address>
                                    <gmd:deliveryPoint gco:nilReason="missing"/>
                                    <gmd:city gco:nilReason="missing"/>
                                    <gmd:administrativeArea gco:nilReason="missing"/>
                                    <gmd:postalCode gco:nilReason="missing"/>
                                    <gmd:country gco:nilReason="missing"/>
                                    <gmd:electronicMailAddress>
                                    <gco:CharacterString>keith.d.willis@navy.mil</gco:CharacterString>
                                    </gmd:electronicMailAddress>
                                    </gmd:CI_Address>
                                    </gmd:address>
                                    <gmd:hoursOfService gco:nilReason="missing"/>
                                    <gmd:contactInstructions gco:nilReason="missing"/>
                                </gmd:CI_Contact>
                            </gmd:contactInfo>
                            <gmd:role>
                                <gmd:CI_RoleCode
                                    codeList="http://www.ngdc.noaa.gov/metadata/published/xsd/schema/resources/Codelist/gmxCodelists.xml#CI_RoleCode" codeListValue="distributor">distributor</gmd:CI_RoleCode>
                            </gmd:role>
                        </gmd:CI_ResponsibleParty>
                    </gmd:distributorContact>
                    <gmd:distributionOrderProcess>
                        <gmd:MD_StandardOrderProcess>
                            <gmd:fees gco:nilReason="missing"/>
                        </gmd:MD_StandardOrderProcess>
                    </gmd:distributionOrderProcess>
                    <gmd:distributorFormat>
                        <gmd:MD_Format>
                            <gmd:name>
                                <gco:CharacterString>NETCDF</gco:CharacterString>
                            </gmd:name>
                            <gmd:version gco:nilReason="unknown"/>
                        </gmd:MD_Format>
                    </gmd:distributorFormat>
                    <gmd:distributorTransferOptions>
                        <gmd:MD_DigitalTransferOptions>
                            <gmd:onLine>
                                <gmd:CI_OnlineResource>
                                    <gmd:linkage>
                                    <gmd:URL>http://podaac-opendap.jpl.nasa.gov/opendap/allData/ghrsst/data/GDS2/L2P/VIIRS_NPP/NAVO/v1/</gmd:URL>
                                    </gmd:linkage>
                                    <gmd:applicationProfile gco:nilReason="missing"/>
                                    <gmd:description>
                                    <gco:CharacterString>The OPeNDAP base directory location for the collection.</gco:CharacterString>
                                    </gmd:description>
                                    <gmd:function>
                                    <gmd:CI_OnLineFunctionCode
                                    codeList="http://www.ngdc.noaa.gov/metadata/published/xsd/schema/resources/Codelist/gmxCodelists.xml#CI_OnLineFunctionCode" codeListValue="download">download</gmd:CI_OnLineFunctionCode>
                                    </gmd:function>
                                </gmd:CI_OnlineResource>
                            </gmd:onLine>
                            <gmd:onLine>
                                <gmd:CI_OnlineResource>
                                    <gmd:linkage>
                                    <gmd:URL>ftp://podaac-ftp.jpl.nasa.gov/allData/ghrsst/data/GDS2/L2P/VIIRS_NPP/NAVO/v1</gmd:URL>
                                    </gmd:linkage>
                                    <gmd:applicationProfile gco:nilReason="missing"/>
                                    <gmd:description>
                                    <gco:CharacterString>The FTP base directory location for the collection.</gco:CharacterString>
                                    </gmd:description>
                                    <gmd:function>
                                    <gmd:CI_OnLineFunctionCode
                                    codeList="http://www.ngdc.noaa.gov/metadata/published/xsd/schema/resources/Codelist/gmxCodelists.xml#CI_OnLineFunctionCode" codeListValue="download">download</gmd:CI_OnLineFunctionCode>
                                    </gmd:function>
                                </gmd:CI_OnlineResource>
                            </gmd:onLine>
                            <gmd:onLine>
                                <gmd:CI_OnlineResource>
                                    <gmd:linkage>
                                    <gmd:URL>ftp://ftp.nodc.noaa.gov/pub/data.nodc/ghrsst/GDS2/L2P/VIIRS_NPP/NAVO/v1</gmd:URL>
                                    </gmd:linkage>
                                    <gmd:applicationProfile gco:nilReason="missing"/>
                                    <gmd:description>
                                    <gco:CharacterString>The FTP base directory location for the collection.</gco:CharacterString>
                                    </gmd:description>
                                    <gmd:function>
                                    <gmd:CI_OnLineFunctionCode
                                    codeList="http://www.ngdc.noaa.gov/metadata/published/xsd/schema/resources/Codelist/gmxCodelists.xml#CI_OnLineFunctionCode" codeListValue="download">download</gmd:CI_OnLineFunctionCode>
                                    </gmd:function>
                                </gmd:CI_OnlineResource>
                            </gmd:onLine>
                            <gmd:onLine>
                                <gmd:CI_OnlineResource>
                                    <gmd:linkage>
                                    <gmd:URL>http://data.nodc.noaa.gov/cgi-bin/nph-dods/ghrsst/L2P/VIIRS_NPP/NAVO/v1/</gmd:URL>
                                    </gmd:linkage>
                                    <gmd:applicationProfile gco:nilReason="missing"/>
                                    <gmd:description>
                                    <gco:CharacterString>The OPeNDAP base directory location for the collection.</gco:CharacterString>
                                    </gmd:description>
                                    <gmd:function>
                                    <gmd:CI_OnLineFunctionCode
                                    codeList="http://www.ngdc.noaa.gov/metadata/published/xsd/schema/resources/Codelist/gmxCodelists.xml#CI_OnLineFunctionCode" codeListValue="download">download</gmd:CI_OnLineFunctionCode>
                                    </gmd:function>
                                </gmd:CI_OnlineResource>
                            </gmd:onLine>
                            <gmd:onLine>
                                <gmd:CI_OnlineResource>
                                    <gmd:linkage>
                                    <gmd:URL>ftp://podaac.jpl.nasa.gov/OceanTemperature/ghrsst/docs/GDS20r5.pdf</gmd:URL>
                                    </gmd:linkage>
                                    <gmd:applicationProfile gco:nilReason="missing"/>
                                    <gmd:name>
                                    <gco:CharacterString>PORTAL_DOC_USERS_GUIDE</gco:CharacterString>
                                    </gmd:name>
                                    <gmd:description>
                                    <gco:CharacterString>Documentation on the GDS version 2 format specification</gco:CharacterString>
                                    </gmd:description>
                                    <gmd:function>
                                    <gmd:CI_OnLineFunctionCode
                                    codeList="http://www.ngdc.noaa.gov/metadata/published/xsd/schema/resources/Codelist/gmxCodelists.xml#CI_OnLineFunctionCode" codeListValue=""/>
                                    </gmd:function>
                                </gmd:CI_OnlineResource>
                            </gmd:onLine>
                            <gmd:onLine>
                                <gmd:CI_OnlineResource>
                                    <gmd:linkage>
                                    <gmd:URL>http://ghrsst.jpl.nasa.gov</gmd:URL>
                                    </gmd:linkage>
                                    <gmd:applicationProfile gco:nilReason="missing"/>
                                    <gmd:name>
                                    <gco:CharacterString>Get Data</gco:CharacterString>
                                    </gmd:name>
                                    <gmd:description>
                                    <gco:CharacterString>Portal to the GHRSST Global Data Assembly Center and data access</gco:CharacterString>
                                    </gmd:description>
                                    <gmd:function>
                                    <gmd:CI_OnLineFunctionCode
                                    codeList="http://www.ngdc.noaa.gov/metadata/published/xsd/schema/resources/Codelist/gmxCodelists.xml#CI_OnLineFunctionCode" codeListValue=""/>
                                    </gmd:function>
                                </gmd:CI_OnlineResource>
                            </gmd:onLine>
                            <gmd:onLine>
                                <gmd:CI_OnlineResource>
                                    <gmd:linkage>
                                    <gmd:URL>http://podaac.jpl.nasa.gov/ws/search/granule/?datasetId=PODAAC-GHVRS-2PN02&amp;apidoc</gmd:URL>
                                    </gmd:linkage>
                                    <gmd:applicationProfile gco:nilReason="missing"/>
                                    <gmd:name>
                                    <gco:CharacterString>PORTAL_DA_DIRECT_ACCESS</gco:CharacterString>
                                    </gmd:name>
                                    <gmd:description>
                                    <gco:CharacterString>(Search Granule)</gco:CharacterString>
                                    </gmd:description>
                                    <gmd:function>
                                    <gmd:CI_OnLineFunctionCode
                                    codeList="http://www.ngdc.noaa.gov/metadata/published/xsd/schema/resources/Codelist/gmxCodelists.xml#CI_OnLineFunctionCode" codeListValue=""/>
                                    </gmd:function>
                                </gmd:CI_OnlineResource>
                            </gmd:onLine>
                            <gmd:onLine>
                                <gmd:CI_OnlineResource>
                                    <gmd:linkage>
                                    <gmd:URL>ftp://podaac.jpl.nasa.gov/OceanTemperature/ghrsst/sw/IDL/</gmd:URL>
                                    </gmd:linkage>
                                    <gmd:applicationProfile gco:nilReason="missing"/>
                                    <gmd:name>
                                    <gco:CharacterString>EXTRACT_NETCDF4</gco:CharacterString>
                                    </gmd:name>
                                    <gmd:description>
                                    <gco:CharacterString>Read software</gco:CharacterString>
                                    </gmd:description>
                                    <gmd:function>
                                    <gmd:CI_OnLineFunctionCode
                                    codeList="http://www.ngdc.noaa.gov/metadata/published/xsd/schema/resources/Codelist/gmxCodelists.xml#CI_OnLineFunctionCode" codeListValue=""/>
                                    </gmd:function>
                                </gmd:CI_OnlineResource>
                            </gmd:onLine>
                        </gmd:MD_DigitalTransferOptions>
                    </gmd:distributorTransferOptions>
                </gmd:MD_Distributor>
            </gmd:distributor>
        </gmd:MD_Distribution>
    </gmd:distributionInfo>
    <gmd:dataQualityInfo>
        <gmd:DQ_DataQuality>
            <gmd:scope>
                <gmd:DQ_Scope>
                    <gmd:level>
                        <gmd:MD_ScopeCode
                            codeList="http://www.ngdc.noaa.gov/metadata/published/xsd/schema/resources/Codelist/gmxCodelists.xml#MD_ScopeCode" codeListValue="series">series</gmd:MD_ScopeCode>
                    </gmd:level>
                </gmd:DQ_Scope>
            </gmd:scope>
            <gmd:lineage>
                <gmd:LI_Lineage>
                    <gmd:processStep>
                        <gmi:LE_ProcessStep>
                            <gmd:description gco:nilReason="unknown"/>
                            <gmd:processor>
                                <gmd:CI_ResponsibleParty>
                                    <gmd:organisationName>
                                    <gco:CharacterString>Naval Oceanographic Office</gco:CharacterString>
                                    </gmd:organisationName>
                                    <gmd:role>
                                    <gmd:CI_RoleCode
                                    codeList="http://www.ngdc.noaa.gov/metadata/published/xsd/schema/resources/Codelist/gmxCodelists.xml#CI_RoleCode" codeListValue="processor">processor</gmd:CI_RoleCode>
                                    </gmd:role>
                                </gmd:CI_ResponsibleParty>
                            </gmd:processor>
                        </gmi:LE_ProcessStep>
                    </gmd:processStep>
                </gmd:LI_Lineage>
            </gmd:lineage>
        </gmd:DQ_DataQuality>
    </gmd:dataQualityInfo>
    <gmd:metadataMaintenance>
        <gmd:MD_MaintenanceInformation>
            <gmd:maintenanceAndUpdateFrequency>
                <gmd:MD_MaintenanceFrequencyCode
                    codeList="http://www.ngdc.noaa.gov/metadata/published/xsd/schema/resources/Codelist/gmxCodelists.xml#MD_MaintenanceFrequencyCode" codeListValue="irregular">irregular</gmd:MD_MaintenanceFrequencyCode>
            </gmd:maintenanceAndUpdateFrequency>
        </gmd:MD_MaintenanceInformation>
    </gmd:metadataMaintenance>
    <gmi:acquisitionInformation>
        <gmi:MI_AcquisitionInformation>
            <gmi:instrument>
                <eos:EOS_Instrument id="d7851e85">
                    <gmi:citation>
                        <gmd:CI_Citation>
                            <gmd:title>
                                <gco:CharacterString>VIIRS &gt; Visible Infrared Imaging Radiometer Suite</gco:CharacterString>
                            </gmd:title>
                            <gmd:date gco:nilReason="unknown"/>
                        </gmd:CI_Citation>
                    </gmi:citation>
                    <gmi:identifier>
                        <gmd:MD_Identifier>
                            <gmd:code>
                                <gco:CharacterString>VIIRS</gco:CharacterString>
                            </gmd:code>
                            <gmd:description>
                                <gco:CharacterString>Visible Infrared Imaging Radiometer Suite</gco:CharacterString>
                            </gmd:description>
                        </gmd:MD_Identifier>
                    </gmi:identifier>
                    <gmi:type>
                        <gco:CharacterString/>
                    </gmi:type>
                    <gmi:description gco:nilReason="missing"/>
                    <gmi:mountedOn xlink:href="#d7851e77"/>
                    <eos:sensor>
                        <eos:EOS_Sensor id="d7851e91">
                            <eos:citation>
                                <gmd:CI_Citation>
                                    <gmd:title>
                                    <gco:CharacterString>VIIRS&gt;Visible Infrared Imaging Radiometer Suite</gco:CharacterString>
                                    </gmd:title>
                                    <gmd:date gco:nilReason="unknown"/>
                                </gmd:CI_Citation>
                            </eos:citation>
                            <eos:identifier>
                                <gmd:MD_Identifier>
                                    <gmd:code>
                                    <gco:CharacterString>VIIRS</gco:CharacterString>
                                    </gmd:code>
                                    <gmd:description>
                                    <gco:CharacterString>Visible Infrared Imaging Radiometer Suite</gco:CharacterString>
                                    </gmd:description>
                                </gmd:MD_Identifier>
                            </eos:identifier>
                            <eos:type gco:nilReason="missing"/>
                            <eos:mountedOn xlink:href="#d7851e85"/>
                        </eos:EOS_Sensor>
                    </eos:sensor>
                </eos:EOS_Instrument>
            </gmi:instrument>
            <gmi:platform>
                <eos:EOS_Platform id="d7851e77">
                    <gmi:identifier>
                        <gmd:MD_Identifier>
                            <gmd:code>
                                <gco:CharacterString>Suomi NPP</gco:CharacterString>
                            </gmd:code>
                            <gmd:description>
                                <gco:CharacterString>Suomi Suomi National Polar-orbiting Partnership</gco:CharacterString>
                            </gmd:description>
                        </gmd:MD_Identifier>
                    </gmi:identifier>
                    <gmi:description>
                        <gco:CharacterString>spacecraft</gco:CharacterString>
                    </gmi:description>
                    <gmi:instrument xlink:href="#d7851e85"/>
                </eos:EOS_Platform>
            </gmi:platform>
        </gmi:MI_AcquisitionInformation>
    </gmi:acquisitionInformation>
</gmi:MI_Metadata>
