<gmi:MI_Metadata xmlns:eos="http://earthdata.nasa.gov/schema/eos"
    xmlns:gco="http://www.isotc211.org/2005/gco"
    xmlns:gmd="http://www.isotc211.org/2005/gmd"
    xmlns:gmi="http://www.isotc211.org/2005/gmi"
    xmlns:gml="http://www.opengis.net/gml/3.2"
    xmlns:gmx="http://www.isotc211.org/2005/gmx"
    xmlns:gsr="http://www.isotc211.org/2005/gsr"
    xmlns:gss="http://www.isotc211.org/2005/gss"
    xmlns:gts="http://www.isotc211.org/2005/gts"
    xmlns:srv="http://www.isotc211.org/2005/srv"
    xmlns:swe="http://schemas.opengis.net/sweCommon/2.0/"
    xmlns:xlink="http://www.w3.org/1999/xlink"
    xmlns:xs="http://www.w3.org/2001/XMLSchema" xmlns:xsi="http://www.w3.org/2001/XMLSchema-instance">
    <!--Other Properties, all:0, coi:0,ii:0,si:0,pli:0,pri:0,qi:0,gi:0,ci:0,dk:0,pcc:0,icc:0,scc:0-->
    <!--Translated from ECHO using ECHOToISO.xsl Version: 1.33-->
    <gmd:fileIdentifier>
        <gco:CharacterString>gov.nasa.echo:PODAAC-GHAM2-3UR72</gco:CharacterString>
    </gmd:fileIdentifier>
    <gmd:language>
        <gco:CharacterString>eng</gco:CharacterString>
    </gmd:language>
    <gmd:characterSet>
        <gmd:MD_CharacterSetCode
            codeList="http://www.ngdc.noaa.gov/metadata/published/xsd/schema/resources/Codelist/gmxCodelists.xml#MD_CharacterSetCode" codeListValue="utf8">utf8</gmd:MD_CharacterSetCode>
    </gmd:characterSet>
    <gmd:hierarchyLevel>
        <gmd:MD_ScopeCode
            codeList="http://www.ngdc.noaa.gov/metadata/published/xsd/schema/resources/Codelist/gmxCodelists.xml#MD_ScopeCode" codeListValue="series">series</gmd:MD_ScopeCode>
    </gmd:hierarchyLevel>
    <gmd:contact>
        <gmd:CI_ResponsibleParty>
            <gmd:organisationName>
                <gco:CharacterString>PO.DAAC</gco:CharacterString>
            </gmd:organisationName>
            <gmd:role>
                <gmd:CI_RoleCode
                    codeList="http://www.ngdc.noaa.gov/metadata/published/xsd/schema/resources/Codelist/gmxCodelists.xml#CI_RoleCode" codeListValue="pointOfContact">pointOfContact</gmd:CI_RoleCode>
            </gmd:role>
        </gmd:CI_ResponsibleParty>
    </gmd:contact>
    <gmd:dateStamp>
        <gco:DateTime>2016-10-05T17:52:58.686Z</gco:DateTime>
    </gmd:dateStamp>
    <gmd:metadataStandardName>
        <gco:CharacterString>ISO 19115-2 Geographic Information - Metadata Part 2 Extensions for imagery and gridded data</gco:CharacterString>
    </gmd:metadataStandardName>
    <gmd:metadataStandardVersion>
        <gco:CharacterString>ISO 19115-2:2009(E)</gco:CharacterString>
    </gmd:metadataStandardVersion>
    <gmd:referenceSystemInfo>
        <gmd:MD_ReferenceSystem>
            <gmd:referenceSystemIdentifier>
                <gmd:RS_Identifier>
                    <gmd:code>
                        <gco:CharacterString>CARTESIAN</gco:CharacterString>
                    </gmd:code>
                </gmd:RS_Identifier>
            </gmd:referenceSystemIdentifier>
        </gmd:MD_ReferenceSystem>
    </gmd:referenceSystemInfo>
    <gmd:identificationInfo>
        <gmd:MD_DataIdentification>
            <gmd:citation>
                <gmd:CI_Citation>
                    <gmd:title>
                        <gco:CharacterString>AMSR2-REMSS-L3U-v07.2 &gt; GHRSST Level 3U Global Subskin Sea Surface Temperature from the Advanced Microwave Scanning Radiometer 2 on the GCOM-W satellite</gco:CharacterString>
                    </gmd:title>
                    <gmd:date>
                        <gmd:CI_Date>
                            <gmd:date>
                                <gco:DateTime>2014-12-04T23:04:55.606Z</gco:DateTime>
                            </gmd:date>
                            <gmd:dateType>
                                <gmd:CI_DateTypeCode
                                    codeList="http://www.ngdc.noaa.gov/metadata/published/xsd/schema/resources/Codelist/gmxCodelists.xml#CI_DateTypeCode" codeListValue="revision">revision</gmd:CI_DateTypeCode>
                            </gmd:dateType>
                        </gmd:CI_Date>
                    </gmd:date>
                    <gmd:date>
                        <gmd:CI_Date>
                            <gmd:date>
                                <gco:DateTime>2014-12-04T23:04:55.606Z</gco:DateTime>
                            </gmd:date>
                            <gmd:dateType>
                                <gmd:CI_DateTypeCode
                                    codeList="http://www.ngdc.noaa.gov/metadata/published/xsd/schema/resources/Codelist/gmxCodelists.xml#CI_DateTypeCode" codeListValue="creation">creation</gmd:CI_DateTypeCode>
                            </gmd:dateType>
                        </gmd:CI_Date>
                    </gmd:date>
                    <gmd:edition>
                        <gco:CharacterString>1</gco:CharacterString>
                    </gmd:edition>
                    <gmd:identifier>
                        <gmd:MD_Identifier>
                            <gmd:code>
                                <gco:CharacterString>AMSR2-REMSS-L3U-v07.2</gco:CharacterString>
                            </gmd:code>
                            <gmd:description>
                                <gco:CharacterString>GHRSST Level 3U Global Subskin Sea Surface Temperature from the Advanced Microwave Scanning Radiometer 2 on the GCOM-W satellite</gco:CharacterString>
                            </gmd:description>
                        </gmd:MD_Identifier>
                    </gmd:identifier>
                    <gmd:otherCitationDetails>
                        <gco:CharacterString/>
                    </gmd:otherCitationDetails>
                </gmd:CI_Citation>
            </gmd:citation>
            <gmd:abstract>
                <gco:CharacterString>GDS2 Version -The Advanced Microwave Scanning Radiometer 2 (AMSR2) was launched on 18 May 2012, onboard the Golbal Change Observation Mission - Water (GCOM-W) satellite developed by the Japan Aerospace Exploration Agency (JAXA). The GCOM-W mission aims to establish the global and long-term observation system to collect data, which is needed to understand mechanisms of climate and water cycle variations, and demonstrate its utilization. AMSR2 onboard the first generation of the GCOM-W satellite will continue Aqua/AMSR-E observations of water vapor, cloud liquid water, precipitation, SST, sea surface wind speed, sea ice concentration, snow depth, and soil moisture. AMSR2 is a remote sensing instrument for measuring weak microwave emission from the surface and the atmosphere of the Earth. From about 700 km above the Earth, AMSR2 will provide us highly accurate measurements of the intensity of microwave emission and scattering. The antenna of AMSR2 rotates once per 1.5 seconds and obtains data over a 1450 km swath. This conical scan mechanism enables AMSR2 to acquire a set of daytime and nighttime data with more than 99% coverage of the Earth every 2 days. Remote Sensing Systems (RSS, or REMSS), providers of these SST data for the Group for High Resolution Sea Surface Temperature (GHRSST) Project, performs a detailed processing of AMSR-E instrument data in two stages. The first stage produces a near-real-time (NRT) product (identified by "rt" within the file name) which is made as available as soon as possible. This is generally within 3 hours of when the data are recorded. Although suitable for many timely uses the NRT products are not intended to be archive quality. "Final" data (currently identified by "v5" within the file name) are processed when RSS receives the atmospheric mode NCEP FNL analysis. The NCEP wind directions are particularly useful for retrieving more accurate SSTs and wind speeds. The final "v5" products will continue to accumulate new swaths (half orbits) until the maps are full, generally within 2 days.</gco:CharacterString>
            </gmd:abstract>
            <gmd:purpose gco:nilReason="missing"/>
            <gmd:pointOfContact>
                <gmd:CI_ResponsibleParty>
                    <gmd:organisationName>
                        <gco:CharacterString>PO.DAAC</gco:CharacterString>
                    </gmd:organisationName>
                    <gmd:role>
                        <gmd:CI_RoleCode
                            codeList="http://www.ngdc.noaa.gov/metadata/published/xsd/schema/resources/Codelist/gmxCodelists.xml#CI_RoleCode" codeListValue="pointOfContact">pointOfContact</gmd:CI_RoleCode>
                    </gmd:role>
                </gmd:CI_ResponsibleParty>
            </gmd:pointOfContact>
            <gmd:resourceFormat>
                <gmd:MD_Format>
                    <gmd:name>
                        <gco:CharacterString>NETCDF</gco:CharacterString>
                    </gmd:name>
                    <gmd:version gco:nilReason="unknown"/>
                </gmd:MD_Format>
            </gmd:resourceFormat>
            <gmd:descriptiveKeywords>
                <gmd:MD_Keywords>
                    <gmd:keyword>
                        <gco:CharacterString>Earth Science&gt;Oceans&gt;Ocean Temperature&gt;Sea Surface Temperature&gt;NONE&gt;NONE&gt;Sub-skin Sea Surface Temperature</gco:CharacterString>
                    </gmd:keyword>
                    <gmd:type>
                        <gmd:MD_KeywordTypeCode
                            codeList="http://www.ngdc.noaa.gov/metadata/published/xsd/schema/resources/Codelist/gmxCodelists.xml#MD_KeywordTypeCode" codeListValue="theme">theme</gmd:MD_KeywordTypeCode>
                    </gmd:type>
                    <gmd:thesaurusName>
                        <gmd:CI_Citation>
                            <gmd:title>
                                <gco:CharacterString>NASA/GCMD Science Keywords</gco:CharacterString>
                            </gmd:title>
                            <gmd:date gco:nilReason="unknown"/>
                            <gmd:citedResponsibleParty>
                                <gmd:CI_ResponsibleParty>
                                    <gmd:organisationName>
                                    <gco:CharacterString>NASA</gco:CharacterString>
                                    </gmd:organisationName>
                                    <gmd:positionName>
                                    <gco:CharacterString>GCMD User Support Office</gco:CharacterString>
                                    </gmd:positionName>
                                    <gmd:contactInfo>
                                    <gmd:CI_Contact>
                                    <gmd:address>
                                    <gmd:CI_Address>
                                    <gmd:electronicMailAddress>
                                    <gco:CharacterString>gcmduso@gcmd.gsfc.nasa.gov</gco:CharacterString>
                                    </gmd:electronicMailAddress>
                                    </gmd:CI_Address>
                                    </gmd:address>
                                    <gmd:onlineResource>
                                    <gmd:CI_OnlineResource>
                                    <gmd:linkage>
                                    <gmd:URL>http://gcmd.nasa.gov/MailComments/MailComments.jsf?rcpt=gcmduso</gmd:URL>
                                    </gmd:linkage>
                                    <gmd:name>
                                    <gco:CharacterString>GCMD Feedback Form</gco:CharacterString>
                                    </gmd:name>
                                    <gmd:description>
                                    <gco:CharacterString>Have a Comment for the GCMD?</gco:CharacterString>
                                    </gmd:description>
                                    <gmd:function>

                                    <gmd:CI_OnLineFunctionCode
                                    codeList="http://www.ngdc.noaa.gov/metadata/published/xsd/schema/resources/Codelist/gmxCodelists.xml#CI_OnLineFunctionCode" codeListValue="information">information</gmd:CI_OnLineFunctionCode>
                                    </gmd:function>
                                    </gmd:CI_OnlineResource>
                                    </gmd:onlineResource>
                                    </gmd:CI_Contact>
                                    </gmd:contactInfo>
                                    <gmd:role>
                                    <gmd:CI_RoleCode
                                    codeList="http://www.ngdc.noaa.gov/metadata/published/xsd/schema/resources/Codelist/gmxCodelists.xml#CI_RoleCode" codeListValue="custodian">custodian</gmd:CI_RoleCode>
                                    </gmd:role>
                                </gmd:CI_ResponsibleParty>
                            </gmd:citedResponsibleParty>
                            <gmd:citedResponsibleParty>
                                <gmd:CI_ResponsibleParty>
                                    <gmd:organisationName gco:nilReason="inapplicable"/>
                                    <gmd:contactInfo>
                                    <gmd:CI_Contact>
                                    <gmd:onlineResource xlink:title="GCMD Keyword Page">
                                    <gmd:CI_OnlineResource>
                                    <gmd:linkage>
                                    <gmd:URL>http://gcmd.nasa.gov/Resources/valids/</gmd:URL>
                                    </gmd:linkage>
                                    <gmd:name>
                                    <gco:CharacterString>GCMD Keywords Page</gco:CharacterString>
                                    </gmd:name>
                                    <gmd:description>
                                    <gco:CharacterString>This page describes the NASA GCMD Keywords, how to reference those keywords and provides download instructions. </gco:CharacterString>
                                    </gmd:description>
                                    <gmd:function>

                                    <gmd:CI_OnLineFunctionCode
                                    codeList="http://www.ngdc.noaa.gov/metadata/published/xsd/schema/resources/Codelist/gmxCodelists.xml#CI_OnLineFunctionCode" codeListValue="information">information</gmd:CI_OnLineFunctionCode>
                                    </gmd:function>
                                    </gmd:CI_OnlineResource>
                                    </gmd:onlineResource>
                                    </gmd:CI_Contact>
                                    </gmd:contactInfo>
                                    <gmd:role>
                                    <gmd:CI_RoleCode
                                    codeList="http://www.ngdc.noaa.gov/metadata/published/xsd/schema/resources/Codelist/gmxCodelists.xml#CI_RoleCode" codeListValue="custodian">custodian</gmd:CI_RoleCode>
                                    </gmd:role>
                                </gmd:CI_ResponsibleParty>
                            </gmd:citedResponsibleParty>
                        </gmd:CI_Citation>
                    </gmd:thesaurusName>
                </gmd:MD_Keywords>
            </gmd:descriptiveKeywords>
            <gmd:descriptiveKeywords>
                <gmd:MD_Keywords>
                    <gmd:keyword>
                        <gco:CharacterString>Global</gco:CharacterString>
                    </gmd:keyword>
                    <gmd:type>
                        <gmd:MD_KeywordTypeCode
                            codeList="http://www.ngdc.noaa.gov/metadata/published/xsd/schema/resources/Codelist/gmxCodelists.xml#MD_KeywordTypeCode" codeListValue="place">place</gmd:MD_KeywordTypeCode>
                    </gmd:type>
                    <gmd:thesaurusName>
                        <gmd:CI_Citation>
                            <gmd:title>
                                <gco:CharacterString>NASA/Global Change Master Directory (GCMD) Location Keywords</gco:CharacterString>
                            </gmd:title>
                            <gmd:date gco:nilReason="unknown"/>
                            <gmd:citedResponsibleParty>
                                <gmd:CI_ResponsibleParty>
                                    <gmd:organisationName>
                                    <gco:CharacterString>NASA Global Change Master Directory (GCMD) User Support Office</gco:CharacterString>
                                    </gmd:organisationName>
                                    <gmd:contactInfo>
                                    <gmd:CI_Contact>
                                    <gmd:phone gco:nilReason="missing"/>
                                    <gmd:address>
                                    <gmd:CI_Address>
                                    <gmd:deliveryPoint>
                                    <gco:CharacterString>NASA Global Change Master Directory, Goddard Space Flight Center</gco:CharacterString>
                                    </gmd:deliveryPoint>
                                    <gmd:city>
                                    <gco:CharacterString>Greenbelt</gco:CharacterString>
                                    </gmd:city>
                                    <gmd:administrativeArea>
                                    <gco:CharacterString>MD</gco:CharacterString>
                                    </gmd:administrativeArea>
                                    <gmd:postalCode>
                                    <gco:CharacterString>20771</gco:CharacterString>
                                    </gmd:postalCode>
                                    <gmd:country>
                                    <gco:CharacterString>USA</gco:CharacterString>
                                    </gmd:country>
                                    <gmd:electronicMailAddress>
                                    <gco:CharacterString>gcmduso@gcmd.gsfc.nasa.gov</gco:CharacterString>
                                    </gmd:electronicMailAddress>
                                    </gmd:CI_Address>
                                    </gmd:address>
                                    <gmd:onlineResource>
                                    <gmd:CI_OnlineResource>
                                    <gmd:linkage>
                                    <gmd:URL>http://gcmd.nasa.gov/index.html</gmd:URL>
                                    </gmd:linkage>
                                    <gmd:protocol>
                                    <gco:CharacterString>http</gco:CharacterString>
                                    </gmd:protocol>
                                    <gmd:applicationProfile>
                                    <gco:CharacterString>web browser</gco:CharacterString>
                                    </gmd:applicationProfile>
                                    <gmd:name>
                                    <gco:CharacterString>NASA Global Change Master Directory (GCMD)</gco:CharacterString>
                                    </gmd:name>
                                    <gmd:description>
                                    <gco:CharacterString>Home Page</gco:CharacterString>
                                    </gmd:description>
                                    <gmd:function>

                                    <gmd:CI_OnLineFunctionCode
                                    codeList="http://www.isotc211.org/2005/resources/Codelist/gmxCodelists.xml#CI_OnLineFunctionCode" codeListValue="information">information</gmd:CI_OnLineFunctionCode>
                                    </gmd:function>
                                    </gmd:CI_OnlineResource>
                                    </gmd:onlineResource>
                                    <gmd:contactInstructions>
                                    <gco:CharacterString>http://gcmd.nasa.gov/MailComments/MailComments.jsf?rcpt=gcmduso</gco:CharacterString>
                                    </gmd:contactInstructions>
                                    </gmd:CI_Contact>
                                    </gmd:contactInfo>
                                    <gmd:role>
                                    <gmd:CI_RoleCode
                                    codeList="http://www.ngdc.noaa.gov/metadata/published/xsd/schema/resources/Codelist/gmxCodelists.xml#CI_RoleCode" codeListValue="custodian">custodian</gmd:CI_RoleCode>
                                    </gmd:role>
                                </gmd:CI_ResponsibleParty>
                            </gmd:citedResponsibleParty>
                            <gmd:citedResponsibleParty>
                                <gmd:CI_ResponsibleParty>
                                    <gmd:organisationName>
                                    <gco:CharacterString>NASA Global Change Master Directory (GCMD)</gco:CharacterString>
                                    </gmd:organisationName>
                                    <gmd:contactInfo>
                                    <gmd:CI_Contact>
                                    <gmd:phone gco:nilReason="missing"/>
                                    <gmd:address>
                                    <gmd:CI_Address>
                                    <gmd:deliveryPoint>
                                    <gco:CharacterString>NASA Global Change Master Directory, Goddard Space Flight Center</gco:CharacterString>
                                    </gmd:deliveryPoint>
                                    <gmd:city>
                                    <gco:CharacterString>Greenbelt</gco:CharacterString>
                                    </gmd:city>
                                    <gmd:administrativeArea>
                                    <gco:CharacterString>MD</gco:CharacterString>
                                    </gmd:administrativeArea>
                                    <gmd:postalCode>
                                    <gco:CharacterString>20771</gco:CharacterString>
                                    </gmd:postalCode>
                                    <gmd:country>
                                    <gco:CharacterString>USA</gco:CharacterString>
                                    </gmd:country>
                                    <gmd:electronicMailAddress>
                                    <gco:CharacterString>gcmduso@gcmd.gsfc.nasa.gov</gco:CharacterString>
                                    </gmd:electronicMailAddress>
                                    </gmd:CI_Address>
                                    </gmd:address>
                                    <gmd:onlineResource>
                                    <gmd:CI_OnlineResource>
                                    <gmd:linkage>
                                    <gmd:URL>http://gcmd.nasa.gov/Resources/valids/</gmd:URL>
                                    </gmd:linkage>
                                    <gmd:protocol>
                                    <gco:CharacterString>http</gco:CharacterString>
                                    </gmd:protocol>
                                    <gmd:applicationProfile>
                                    <gco:CharacterString>web browser</gco:CharacterString>
                                    </gmd:applicationProfile>
                                    <gmd:name>
                                    <gco:CharacterString>NASA Global Change Master Directory (GCMD) Keyword Page</gco:CharacterString>
                                    </gmd:name>
                                    <gmd:description>
                                    <gco:CharacterString>This page describes the NASA GCMD Keywords, how to reference those keywords and provides download instructions.</gco:CharacterString>
                                    </gmd:description>
                                    <gmd:function>

                                    <gmd:CI_OnLineFunctionCode
                                    codeList="http://www.isotc211.org/2005/resources/Codelist/gmxCodelists.xml#CI_OnLineFunctionCode" codeListValue="download">download</gmd:CI_OnLineFunctionCode>
                                    </gmd:function>
                                    </gmd:CI_OnlineResource>
                                    </gmd:onlineResource>
                                    <gmd:contactInstructions>
                                    <gco:CharacterString>http://gcmd.nasa.gov/MailComments/MailComments.jsf?rcpt=gcmduso</gco:CharacterString>
                                    </gmd:contactInstructions>
                                    </gmd:CI_Contact>
                                    </gmd:contactInfo>
                                    <gmd:role>
                                    <gmd:CI_RoleCode
                                    codeList="http://www.ngdc.noaa.gov/metadata/published/xsd/schema/resources/Codelist/gmxCodelists.xml#CI_RoleCode" codeListValue="custodian">custodian</gmd:CI_RoleCode>
                                    </gmd:role>
                                </gmd:CI_ResponsibleParty>
                            </gmd:citedResponsibleParty>
                        </gmd:CI_Citation>
                    </gmd:thesaurusName>
                </gmd:MD_Keywords>
            </gmd:descriptiveKeywords>
            <gmd:descriptiveKeywords>
                <gmd:MD_Keywords>
                    <gmd:keyword>
                        <gco:CharacterString>PO.DAAC</gco:CharacterString>
                    </gmd:keyword>
                    <gmd:type>
                        <gmd:MD_KeywordTypeCode
                            codeList="http://www.ngdc.noaa.gov/metadata/published/xsd/schema/resources/Codelist/gmxCodelists.xml#MD_KeywordTypeCode" codeListValue="dataCenter">dataCenter</gmd:MD_KeywordTypeCode>
                    </gmd:type>
                    <gmd:thesaurusName>
                        <gmd:CI_Citation>
                            <gmd:title>
                                <gco:CharacterString> NASA/Global Change Master Directory (GCMD) Data Center Keywords </gco:CharacterString>
                            </gmd:title>
                            <gmd:date>
                                <gmd:CI_Date>
                                    <gmd:date>
                                    <gco:Date>2008-02-07</gco:Date>
                                    </gmd:date>
                                    <gmd:dateType>
                                    <gmd:CI_DateTypeCode
                                    codeList="http://www.isotc211.org/2005/resources/Codelist/gmxCodelists.xml#CI_DateTypeCode" codeListValue="publication">publication</gmd:CI_DateTypeCode>
                                    </gmd:dateType>
                                </gmd:CI_Date>
                            </gmd:date>
                            <gmd:identifier/>
                            <gmd:citedResponsibleParty>
                                <gmd:CI_ResponsibleParty>
                                    <gmd:organisationName>
                                    <gco:CharacterString>NASA</gco:CharacterString>
                                    </gmd:organisationName>
                                    <gmd:positionName>
                                    <gco:CharacterString>GCMD User Support Office</gco:CharacterString>
                                    </gmd:positionName>
                                    <gmd:contactInfo>
                                    <gmd:CI_Contact>
                                    <gmd:address>
                                    <gmd:CI_Address>
                                    <gmd:electronicMailAddress>
                                    <gco:CharacterString>gcmduso@gcmd.gsfc.nasa.gov</gco:CharacterString>
                                    </gmd:electronicMailAddress>
                                    </gmd:CI_Address>
                                    </gmd:address>
                                    <gmd:onlineResource>
                                    <gmd:CI_OnlineResource>
                                    <gmd:linkage>
                                    <gmd:URL>http://gcmd.nasa.gov/MailComments/MailComments.jsf?rcpt=gcmduso</gmd:URL>
                                    </gmd:linkage>
                                    <gmd:name>
                                    <gco:CharacterString>GCMD Feedback Form</gco:CharacterString>
                                    </gmd:name>
                                    <gmd:description>
                                    <gco:CharacterString>Have a Comment for the GCMD?</gco:CharacterString>
                                    </gmd:description>
                                    <gmd:function>

                                    <gmd:CI_OnLineFunctionCode
                                    codeList="http://www.ngdc.noaa.gov/metadata/published/xsd/schema/resources/Codelist/gmxCodelists.xml#CI_OnLineFunctionCode" codeListValue="information">information</gmd:CI_OnLineFunctionCode>
                                    </gmd:function>
                                    </gmd:CI_OnlineResource>
                                    </gmd:onlineResource>
                                    </gmd:CI_Contact>
                                    </gmd:contactInfo>
                                    <gmd:role>
                                    <gmd:CI_RoleCode
                                    codeList="http://www.ngdc.noaa.gov/metadata/published/xsd/schema/resources/Codelist/gmxCodelists.xml#CI_RoleCode" codeListValue="custodian">custodian</gmd:CI_RoleCode>
                                    </gmd:role>
                                </gmd:CI_ResponsibleParty>
                            </gmd:citedResponsibleParty>
                            <gmd:citedResponsibleParty>
                                <gmd:CI_ResponsibleParty>
                                    <gmd:organisationName gco:nilReason="inapplicable"/>
                                    <gmd:contactInfo>
                                    <gmd:CI_Contact>
                                    <gmd:onlineResource xlink:title="GCMD Keyword Page">
                                    <gmd:CI_OnlineResource>
                                    <gmd:linkage>
                                    <gmd:URL>http://gcmd.nasa.gov/Resources/valids/</gmd:URL>
                                    </gmd:linkage>
                                    <gmd:name>
                                    <gco:CharacterString>GCMD Keywords Page</gco:CharacterString>
                                    </gmd:name>
                                    <gmd:description>
                                    <gco:CharacterString>This page describes the NASA GCMD Keywords, how to reference those keywords and provides download instructions. </gco:CharacterString>
                                    </gmd:description>
                                    <gmd:function>

                                    <gmd:CI_OnLineFunctionCode
                                    codeList="http://www.ngdc.noaa.gov/metadata/published/xsd/schema/resources/Codelist/gmxCodelists.xml#CI_OnLineFunctionCode" codeListValue="information">information</gmd:CI_OnLineFunctionCode>
                                    </gmd:function>
                                    </gmd:CI_OnlineResource>
                                    </gmd:onlineResource>
                                    </gmd:CI_Contact>
                                    </gmd:contactInfo>
                                    <gmd:role>
                                    <gmd:CI_RoleCode
                                    codeList="http://www.ngdc.noaa.gov/metadata/published/xsd/schema/resources/Codelist/gmxCodelists.xml#CI_RoleCode" codeListValue="custodian">custodian</gmd:CI_RoleCode>
                                    </gmd:role>
                                </gmd:CI_ResponsibleParty>
                            </gmd:citedResponsibleParty>
                        </gmd:CI_Citation>
                    </gmd:thesaurusName>
                </gmd:MD_Keywords>
            </gmd:descriptiveKeywords>
            <gmd:descriptiveKeywords>
                <gmd:MD_Keywords>
                    <gmd:keyword>
                        <gco:CharacterString>GCOM-W1 &gt; Global Change Observation Mission 1st - Water (SHIZUKU)</gco:CharacterString>
                    </gmd:keyword>
                    <gmd:type>
                        <gmd:MD_KeywordTypeCode
                            codeList="http://www.ngdc.noaa.gov/metadata/published/xsd/schema/resources/Codelist/gmxCodelists.xml#MD_KeywordTypeCode" codeListValue="platform">platform</gmd:MD_KeywordTypeCode>
                    </gmd:type>
                    <gmd:thesaurusName>
                        <gmd:CI_Citation>
                            <gmd:title>
                                <gco:CharacterString>NASA/GCMD Platform Keywords</gco:CharacterString>
                            </gmd:title>
                            <gmd:date gco:nilReason="unknown"/>
                            <gmd:citedResponsibleParty>
                                <gmd:CI_ResponsibleParty>
                                    <gmd:organisationName>
                                    <gco:CharacterString>NASA</gco:CharacterString>
                                    </gmd:organisationName>
                                    <gmd:positionName>
                                    <gco:CharacterString>GCMD User Support Office</gco:CharacterString>
                                    </gmd:positionName>
                                    <gmd:contactInfo>
                                    <gmd:CI_Contact>
                                    <gmd:address>
                                    <gmd:CI_Address>
                                    <gmd:electronicMailAddress>
                                    <gco:CharacterString>gcmduso@gcmd.gsfc.nasa.gov</gco:CharacterString>
                                    </gmd:electronicMailAddress>
                                    </gmd:CI_Address>
                                    </gmd:address>
                                    <gmd:onlineResource>
                                    <gmd:CI_OnlineResource>
                                    <gmd:linkage>
                                    <gmd:URL>http://gcmd.nasa.gov/MailComments/MailComments.jsf?rcpt=gcmduso</gmd:URL>
                                    </gmd:linkage>
                                    <gmd:name>
                                    <gco:CharacterString>GCMD Feedback Form</gco:CharacterString>
                                    </gmd:name>
                                    <gmd:description>
                                    <gco:CharacterString>Have a Comment for the GCMD?</gco:CharacterString>
                                    </gmd:description>
                                    <gmd:function>

                                    <gmd:CI_OnLineFunctionCode
                                    codeList="http://www.ngdc.noaa.gov/metadata/published/xsd/schema/resources/Codelist/gmxCodelists.xml#CI_OnLineFunctionCode" codeListValue="information">information</gmd:CI_OnLineFunctionCode>
                                    </gmd:function>
                                    </gmd:CI_OnlineResource>
                                    </gmd:onlineResource>
                                    </gmd:CI_Contact>
                                    </gmd:contactInfo>
                                    <gmd:role>
                                    <gmd:CI_RoleCode
                                    codeList="http://www.ngdc.noaa.gov/metadata/published/xsd/schema/resources/Codelist/gmxCodelists.xml#CI_RoleCode" codeListValue="custodian">custodian</gmd:CI_RoleCode>
                                    </gmd:role>
                                </gmd:CI_ResponsibleParty>
                            </gmd:citedResponsibleParty>
                            <gmd:citedResponsibleParty>
                                <gmd:CI_ResponsibleParty>
                                    <gmd:organisationName gco:nilReason="inapplicable"/>
                                    <gmd:contactInfo>
                                    <gmd:CI_Contact>
                                    <gmd:onlineResource xlink:title="GCMD Keyword Page">
                                    <gmd:CI_OnlineResource>
                                    <gmd:linkage>
                                    <gmd:URL>http://gcmd.nasa.gov/Resources/valids/</gmd:URL>
                                    </gmd:linkage>
                                    <gmd:name>
                                    <gco:CharacterString>GCMD Keywords Page</gco:CharacterString>
                                    </gmd:name>
                                    <gmd:description>
                                    <gco:CharacterString>This page describes the NASA GCMD Keywords, how to reference those keywords and provides download instructions. </gco:CharacterString>
                                    </gmd:description>
                                    <gmd:function>

                                    <gmd:CI_OnLineFunctionCode
                                    codeList="http://www.ngdc.noaa.gov/metadata/published/xsd/schema/resources/Codelist/gmxCodelists.xml#CI_OnLineFunctionCode" codeListValue="information">information</gmd:CI_OnLineFunctionCode>
                                    </gmd:function>
                                    </gmd:CI_OnlineResource>
                                    </gmd:onlineResource>
                                    </gmd:CI_Contact>
                                    </gmd:contactInfo>
                                    <gmd:role>
                                    <gmd:CI_RoleCode
                                    codeList="http://www.ngdc.noaa.gov/metadata/published/xsd/schema/resources/Codelist/gmxCodelists.xml#CI_RoleCode" codeListValue="custodian">custodian</gmd:CI_RoleCode>
                                    </gmd:role>
                                </gmd:CI_ResponsibleParty>
                            </gmd:citedResponsibleParty>
                        </gmd:CI_Citation>
                    </gmd:thesaurusName>
                </gmd:MD_Keywords>
            </gmd:descriptiveKeywords>
            <gmd:descriptiveKeywords>
                <gmd:MD_Keywords>
                    <gmd:keyword>
                        <gco:CharacterString>AMSR2 &gt; Advanced Microwave Scanning Radiometer 2</gco:CharacterString>
                    </gmd:keyword>
                    <gmd:type>
                        <gmd:MD_KeywordTypeCode
                            codeList="http://www.ngdc.noaa.gov/metadata/published/xsd/schema/resources/Codelist/gmxCodelists.xml#MD_KeywordTypeCode" codeListValue="instrument">instrument</gmd:MD_KeywordTypeCode>
                    </gmd:type>
                    <gmd:thesaurusName>
                        <gmd:CI_Citation>
                            <gmd:title>
                                <gco:CharacterString>NASA/GCMD Instrument Keywords</gco:CharacterString>
                            </gmd:title>
                            <gmd:date gco:nilReason="unknown"/>
                            <gmd:citedResponsibleParty>
                                <gmd:CI_ResponsibleParty>
                                    <gmd:organisationName>
                                    <gco:CharacterString>NASA</gco:CharacterString>
                                    </gmd:organisationName>
                                    <gmd:positionName>
                                    <gco:CharacterString>GCMD User Support Office</gco:CharacterString>
                                    </gmd:positionName>
                                    <gmd:contactInfo>
                                    <gmd:CI_Contact>
                                    <gmd:address>
                                    <gmd:CI_Address>
                                    <gmd:electronicMailAddress>
                                    <gco:CharacterString>gcmduso@gcmd.gsfc.nasa.gov</gco:CharacterString>
                                    </gmd:electronicMailAddress>
                                    </gmd:CI_Address>
                                    </gmd:address>
                                    <gmd:onlineResource>
                                    <gmd:CI_OnlineResource>
                                    <gmd:linkage>
                                    <gmd:URL>http://gcmd.nasa.gov/MailComments/MailComments.jsf?rcpt=gcmduso</gmd:URL>
                                    </gmd:linkage>
                                    <gmd:name>
                                    <gco:CharacterString>GCMD Feedback Form</gco:CharacterString>
                                    </gmd:name>
                                    <gmd:description>
                                    <gco:CharacterString>Have a Comment for the GCMD?</gco:CharacterString>
                                    </gmd:description>
                                    <gmd:function>

                                    <gmd:CI_OnLineFunctionCode
                                    codeList="http://www.ngdc.noaa.gov/metadata/published/xsd/schema/resources/Codelist/gmxCodelists.xml#CI_OnLineFunctionCode" codeListValue="information">information</gmd:CI_OnLineFunctionCode>
                                    </gmd:function>
                                    </gmd:CI_OnlineResource>
                                    </gmd:onlineResource>
                                    </gmd:CI_Contact>
                                    </gmd:contactInfo>
                                    <gmd:role>
                                    <gmd:CI_RoleCode
                                    codeList="http://www.ngdc.noaa.gov/metadata/published/xsd/schema/resources/Codelist/gmxCodelists.xml#CI_RoleCode" codeListValue="custodian">custodian</gmd:CI_RoleCode>
                                    </gmd:role>
                                </gmd:CI_ResponsibleParty>
                            </gmd:citedResponsibleParty>
                            <gmd:citedResponsibleParty>
                                <gmd:CI_ResponsibleParty>
                                    <gmd:organisationName gco:nilReason="inapplicable"/>
                                    <gmd:contactInfo>
                                    <gmd:CI_Contact>
                                    <gmd:onlineResource>
                                    <gmd:CI_OnlineResource>
                                    <gmd:linkage>
                                    <gmd:URL>http://gcmd.nasa.gov/Resources/valids/</gmd:URL>
                                    </gmd:linkage>
                                    <gmd:name>
                                    <gco:CharacterString>GCMD Keywords Page</gco:CharacterString>
                                    </gmd:name>
                                    <gmd:description>
                                    <gco:CharacterString>This page describes the NASA GCMD Keywords, how to reference those keywords and provides download instructions. </gco:CharacterString>
                                    </gmd:description>
                                    <gmd:function>

                                    <gmd:CI_OnLineFunctionCode
                                    codeList="http://www.ngdc.noaa.gov/metadata/published/xsd/schema/resources/Codelist/gmxCodelists.xml#CI_OnLineFunctionCode" codeListValue="information">information</gmd:CI_OnLineFunctionCode>
                                    </gmd:function>
                                    </gmd:CI_OnlineResource>
                                    </gmd:onlineResource>
                                    </gmd:CI_Contact>
                                    </gmd:contactInfo>
                                    <gmd:role>
                                    <gmd:CI_RoleCode
                                    codeList="http://www.ngdc.noaa.gov/metadata/published/xsd/schema/resources/Codelist/gmxCodelists.xml#CI_RoleCode" codeListValue="custodian">custodian</gmd:CI_RoleCode>
                                    </gmd:role>
                                </gmd:CI_ResponsibleParty>
                            </gmd:citedResponsibleParty>
                        </gmd:CI_Citation>
                    </gmd:thesaurusName>
                </gmd:MD_Keywords>
            </gmd:descriptiveKeywords>
            <gmd:language>
                <gco:CharacterString>eng</gco:CharacterString>
            </gmd:language>
            <gmd:characterSet>
                <gmd:MD_CharacterSetCode
                    codeList="http://www.ngdc.noaa.gov/metadata/published/xsd/schema/resources/Codelist/gmxCodelists.xml#MD_CharacterSetCode" codeListValue="utf8">utf8</gmd:MD_CharacterSetCode>
            </gmd:characterSet>
            <gmd:extent>
                <gmd:EX_Extent id="boundingExtent">
                    <gmd:description>
                        <gco:CharacterString>SpatialCoverageType=HORIZONTAL, SpatialGranuleSpatialRepresentation=CARTESIAN</gco:CharacterString>
                    </gmd:description>
                    <gmd:geographicElement>
                        <!--Bounding Rectangle-->
                        <gmd:EX_GeographicBoundingBox>
                            <gmd:westBoundLongitude>
                                <gco:Decimal>-180.0</gco:Decimal>
                            </gmd:westBoundLongitude>
                            <gmd:eastBoundLongitude>
                                <gco:Decimal>180.0</gco:Decimal>
                            </gmd:eastBoundLongitude>
                            <gmd:southBoundLatitude>
                                <gco:Decimal>-90</gco:Decimal>
                            </gmd:southBoundLatitude>
                            <gmd:northBoundLatitude>
                                <gco:Decimal>90</gco:Decimal>
                            </gmd:northBoundLatitude>
                        </gmd:EX_GeographicBoundingBox>
                    </gmd:geographicElement>
                    <gmd:temporalElement>
                        <!--RangeDateTime-->
                        <gmd:EX_TemporalExtent id="boundingTemporalExtent">
                            <gmd:extent>
                                <gml:TimePeriod gml:id="d9017e35">
                                    <gml:beginPosition>2002-06-01T19:00:44.000Z</gml:beginPosition>
                                    <gml:endPosition/>
                                </gml:TimePeriod>
                            </gmd:extent>
                        </gmd:EX_TemporalExtent>
                    </gmd:temporalElement>
                </gmd:EX_Extent>
            </gmd:extent>
            <gmd:supplementalInformation/>
            <gmd:processingLevel>
                <gmd:MD_Identifier>
                    <gmd:code>
                        <gco:CharacterString>3</gco:CharacterString>
                    </gmd:code>
                    <gmd:description>
                        <gco:CharacterString/>
                    </gmd:description>
                </gmd:MD_Identifier>
            </gmd:processingLevel>
        </gmd:MD_DataIdentification>
    </gmd:identificationInfo>
    <gmd:contentInfo>
        <gmd:MD_ImageDescription>
            <gmd:attributeDescription/>
            <gmd:contentType/>
            <gmd:processingLevelCode>
                <gmd:MD_Identifier>
                    <gmd:code>
                        <gco:CharacterString>3</gco:CharacterString>
                    </gmd:code>
                    <gmd:description>
                        <gco:CharacterString/>
                    </gmd:description>
                </gmd:MD_Identifier>
            </gmd:processingLevelCode>
        </gmd:MD_ImageDescription>
    </gmd:contentInfo>
    <gmd:distributionInfo>
        <gmd:MD_Distribution>
            <gmd:distributor>
                <gmd:MD_Distributor>
                    <gmd:distributorContact>
                        <gmd:CI_ResponsibleParty>
                            <gmd:individualName>
                                <gco:CharacterString>Sharon none Tremble</gco:CharacterString>
                            </gmd:individualName>
                            <gmd:organisationName>
                                <gco:CharacterString>Remote Sensing Systems</gco:CharacterString>
                            </gmd:organisationName>
                            <gmd:positionName>
                                <gco:CharacterString>Primary Contact</gco:CharacterString>
                            </gmd:positionName>
                            <gmd:contactInfo>
                                <gmd:CI_Contact>
                                    <gmd:phone>
                                    <gmd:CI_Telephone>
                                    <gmd:voice>
                                    <gco:CharacterString>001 707 545 2904</gco:CharacterString>
                                    </gmd:voice>
                                    </gmd:CI_Telephone>
                                    </gmd:phone>
                                    <gmd:address>
                                    <gmd:CI_Address>
                                    <gmd:deliveryPoint gco:nilReason="missing"/>
                                    <gmd:city gco:nilReason="missing"/>
                                    <gmd:administrativeArea gco:nilReason="missing"/>
                                    <gmd:postalCode gco:nilReason="missing"/>
                                    <gmd:country gco:nilReason="missing"/>
                                    <gmd:electronicMailAddress>
                                    <gco:CharacterString>tremble@remss.com</gco:CharacterString>
                                    </gmd:electronicMailAddress>
                                    </gmd:CI_Address>
                                    </gmd:address>
                                    <gmd:hoursOfService gco:nilReason="missing"/>
                                    <gmd:contactInstructions gco:nilReason="missing"/>
                                </gmd:CI_Contact>
                            </gmd:contactInfo>
                            <gmd:role>
                                <gmd:CI_RoleCode
                                    codeList="http://www.ngdc.noaa.gov/metadata/published/xsd/schema/resources/Codelist/gmxCodelists.xml#CI_RoleCode" codeListValue="distributor">distributor</gmd:CI_RoleCode>
                            </gmd:role>
                        </gmd:CI_ResponsibleParty>
                    </gmd:distributorContact>
                    <gmd:distributionOrderProcess>
                        <gmd:MD_StandardOrderProcess>
                            <gmd:fees gco:nilReason="missing"/>
                        </gmd:MD_StandardOrderProcess>
                    </gmd:distributionOrderProcess>
                    <gmd:distributorFormat>
                        <gmd:MD_Format>
                            <gmd:name>
                                <gco:CharacterString>NETCDF</gco:CharacterString>
                            </gmd:name>
                            <gmd:version gco:nilReason="unknown"/>
                        </gmd:MD_Format>
                    </gmd:distributorFormat>
                    <gmd:distributorTransferOptions>
                        <gmd:MD_DigitalTransferOptions>
                            <gmd:onLine>
                                <gmd:CI_OnlineResource>
                                    <gmd:linkage>
                                    <gmd:URL>ftp://ftp.nodc.noaa.gov/pub/data.nodc/ghrsst/GDS2/L3U/AMSR2/REMSS/v7.2</gmd:URL>
                                    </gmd:linkage>
                                    <gmd:applicationProfile gco:nilReason="missing"/>
                                    <gmd:description>
                                    <gco:CharacterString>The FTP base directory location for the collection.</gco:CharacterString>
                                    </gmd:description>
                                    <gmd:function>
                                    <gmd:CI_OnLineFunctionCode
                                    codeList="http://www.ngdc.noaa.gov/metadata/published/xsd/schema/resources/Codelist/gmxCodelists.xml#CI_OnLineFunctionCode" codeListValue="download">download</gmd:CI_OnLineFunctionCode>
                                    </gmd:function>
                                </gmd:CI_OnlineResource>
                            </gmd:onLine>
                            <gmd:onLine>
                                <gmd:CI_OnlineResource>
                                    <gmd:linkage>
                                    <gmd:URL>http://podaac-opendap.jpl.nasa.gov/opendap/allData/ghrsst/data/GDS2/L3U/AMSR2/REMSS/v7.2/</gmd:URL>
                                    </gmd:linkage>
                                    <gmd:applicationProfile gco:nilReason="missing"/>
                                    <gmd:description>
                                    <gco:CharacterString>The OPeNDAP base directory location for the collection.</gco:CharacterString>
                                    </gmd:description>
                                    <gmd:function>
                                    <gmd:CI_OnLineFunctionCode
                                    codeList="http://www.ngdc.noaa.gov/metadata/published/xsd/schema/resources/Codelist/gmxCodelists.xml#CI_OnLineFunctionCode" codeListValue="download">download</gmd:CI_OnLineFunctionCode>
                                    </gmd:function>
                                </gmd:CI_OnlineResource>
                            </gmd:onLine>
                            <gmd:onLine>
                                <gmd:CI_OnlineResource>
                                    <gmd:linkage>
                                    <gmd:URL>ftp://podaac-ftp.jpl.nasa.gov/allData/ghrsst/data/GDS2/L3U/AMSR2/REMSS/v7.2</gmd:URL>
                                    </gmd:linkage>
                                    <gmd:applicationProfile gco:nilReason="missing"/>
                                    <gmd:description>
                                    <gco:CharacterString>The FTP base directory location for the collection.</gco:CharacterString>
                                    </gmd:description>
                                    <gmd:function>
                                    <gmd:CI_OnLineFunctionCode
                                    codeList="http://www.ngdc.noaa.gov/metadata/published/xsd/schema/resources/Codelist/gmxCodelists.xml#CI_OnLineFunctionCode" codeListValue="download">download</gmd:CI_OnLineFunctionCode>
                                    </gmd:function>
                                </gmd:CI_OnlineResource>
                            </gmd:onLine>
                            <gmd:onLine>
                                <gmd:CI_OnlineResource>
                                    <gmd:linkage>
                                    <gmd:URL>http://data.nodc.noaa.gov/cgi-bin/nph-dods/ghrsst/GDS2/L3U/AMSR2/REMSS/v7.2/</gmd:URL>
                                    </gmd:linkage>
                                    <gmd:applicationProfile gco:nilReason="missing"/>
                                    <gmd:description>
                                    <gco:CharacterString>The OPeNDAP base directory location for the collection.</gco:CharacterString>
                                    </gmd:description>
                                    <gmd:function>
                                    <gmd:CI_OnLineFunctionCode
                                    codeList="http://www.ngdc.noaa.gov/metadata/published/xsd/schema/resources/Codelist/gmxCodelists.xml#CI_OnLineFunctionCode" codeListValue="download">download</gmd:CI_OnLineFunctionCode>
                                    </gmd:function>
                                </gmd:CI_OnlineResource>
                            </gmd:onLine>
                            <gmd:onLine>
                                <gmd:CI_OnlineResource>
                                    <gmd:linkage>
                                    <gmd:URL>http://ghrsst.jpl.nasa.gov</gmd:URL>
                                    </gmd:linkage>
                                    <gmd:applicationProfile gco:nilReason="missing"/>
                                    <gmd:name>
                                    <gco:CharacterString>Get Data</gco:CharacterString>
                                    </gmd:name>
                                    <gmd:description>
                                    <gco:CharacterString>Portal to the GHRSST Global Data Assembly Center and data access</gco:CharacterString>
                                    </gmd:description>
                                    <gmd:function>
                                    <gmd:CI_OnLineFunctionCode
                                    codeList="http://www.ngdc.noaa.gov/metadata/published/xsd/schema/resources/Codelist/gmxCodelists.xml#CI_OnLineFunctionCode" codeListValue=""/>
                                    </gmd:function>
                                </gmd:CI_OnlineResource>
                            </gmd:onLine>
                            <gmd:onLine>
                                <gmd:CI_OnlineResource>
                                    <gmd:linkage>
                                    <gmd:URL>http://podaac.jpl.nasa.gov/ws/search/granule/?datasetId=PODAAC-GHAM2-2PR72</gmd:URL>
                                    </gmd:linkage>
                                    <gmd:applicationProfile gco:nilReason="missing"/>
                                    <gmd:name>
                                    <gco:CharacterString>PORTAL_DA_DIRECT_ACCESS</gco:CharacterString>
                                    </gmd:name>
                                    <gmd:description>
                                    <gco:CharacterString>(Search Granule)</gco:CharacterString>
                                    </gmd:description>
                                    <gmd:function>
                                    <gmd:CI_OnLineFunctionCode
                                    codeList="http://www.ngdc.noaa.gov/metadata/published/xsd/schema/resources/Codelist/gmxCodelists.xml#CI_OnLineFunctionCode" codeListValue=""/>
                                    </gmd:function>
                                </gmd:CI_OnlineResource>
                            </gmd:onLine>
                            <gmd:onLine>
                                <gmd:CI_OnlineResource>
                                    <gmd:linkage>
                                    <gmd:URL>http://podaac-tools.jpl.nasa.gov/hitide/</gmd:URL>
                                    </gmd:linkage>
                                    <gmd:applicationProfile gco:nilReason="missing"/>
                                    <gmd:name>
                                    <gco:CharacterString>PORTAL_DA_TOOLS_AND_SERVICES</gco:CharacterString>
                                    </gmd:name>
                                    <gmd:description>
                                    <gco:CharacterString>HIgh-level Tool for Interactive Data Extraction</gco:CharacterString>
                                    </gmd:description>
                                    <gmd:function>
                                    <gmd:CI_OnLineFunctionCode
                                    codeList="http://www.ngdc.noaa.gov/metadata/published/xsd/schema/resources/Codelist/gmxCodelists.xml#CI_OnLineFunctionCode" codeListValue=""/>
                                    </gmd:function>
                                </gmd:CI_OnlineResource>
                            </gmd:onLine>
                            <gmd:onLine>
                                <gmd:CI_OnlineResource>
                                    <gmd:linkage>
                                    <gmd:URL>http://www.remss.com</gmd:URL>
                                    </gmd:linkage>
                                    <gmd:applicationProfile gco:nilReason="missing"/>
                                    <gmd:name>
                                    <gco:CharacterString>Calibration/validation data</gco:CharacterString>
                                    </gmd:name>
                                    <gmd:description>
                                    <gco:CharacterString>AMSR2 calibration description</gco:CharacterString>
                                    </gmd:description>
                                    <gmd:function>
                                    <gmd:CI_OnLineFunctionCode
                                    codeList="http://www.ngdc.noaa.gov/metadata/published/xsd/schema/resources/Codelist/gmxCodelists.xml#CI_OnLineFunctionCode" codeListValue="information">information</gmd:CI_OnLineFunctionCode>
                                    </gmd:function>
                                </gmd:CI_OnlineResource>
                            </gmd:onLine>
                            <gmd:onLine>
                                <gmd:CI_OnlineResource>
                                    <gmd:linkage>
                                    <gmd:URL>http://www.remss.com</gmd:URL>
                                    </gmd:linkage>
                                    <gmd:applicationProfile gco:nilReason="missing"/>
                                    <gmd:name>
                                    <gco:CharacterString>Reference Materials</gco:CharacterString>
                                    </gmd:name>
                                    <gmd:description>
                                    <gco:CharacterString>AMSR2 SSTs: algorithm description, browsing of data, and ftp of data</gco:CharacterString>
                                    </gmd:description>
                                    <gmd:function>
                                    <gmd:CI_OnLineFunctionCode
                                    codeList="http://www.ngdc.noaa.gov/metadata/published/xsd/schema/resources/Codelist/gmxCodelists.xml#CI_OnLineFunctionCode" codeListValue="information">information</gmd:CI_OnLineFunctionCode>
                                    </gmd:function>
                                </gmd:CI_OnlineResource>
                            </gmd:onLine>
                            <gmd:onLine>
                                <gmd:CI_OnlineResource>
                                    <gmd:linkage>
                                    <gmd:URL>http://aqua.nasa.gov</gmd:URL>
                                    </gmd:linkage>
                                    <gmd:applicationProfile gco:nilReason="missing"/>
                                    <gmd:name>
                                    <gco:CharacterString>Project Home Page</gco:CharacterString>
                                    </gmd:name>
                                    <gmd:description>
                                    <gco:CharacterString>Full details of the AQUA AMSR-E</gco:CharacterString>
                                    </gmd:description>
                                    <gmd:function>
                                    <gmd:CI_OnLineFunctionCode
                                    codeList="http://www.ngdc.noaa.gov/metadata/published/xsd/schema/resources/Codelist/gmxCodelists.xml#CI_OnLineFunctionCode" codeListValue="information">information</gmd:CI_OnLineFunctionCode>
                                    </gmd:function>
                                </gmd:CI_OnlineResource>
                            </gmd:onLine>
                        </gmd:MD_DigitalTransferOptions>
                    </gmd:distributorTransferOptions>
                </gmd:MD_Distributor>
            </gmd:distributor>
        </gmd:MD_Distribution>
    </gmd:distributionInfo>
    <gmd:dataQualityInfo>
        <gmd:DQ_DataQuality>
            <gmd:scope>
                <gmd:DQ_Scope>
                    <gmd:level>
                        <gmd:MD_ScopeCode
                            codeList="http://www.ngdc.noaa.gov/metadata/published/xsd/schema/resources/Codelist/gmxCodelists.xml#MD_ScopeCode" codeListValue="series">series</gmd:MD_ScopeCode>
                    </gmd:level>
                </gmd:DQ_Scope>
            </gmd:scope>
            <gmd:lineage>
                <gmd:LI_Lineage>
                    <gmd:processStep>
                        <gmi:LE_ProcessStep>
                            <gmd:description gco:nilReason="unknown"/>
                            <gmd:processor>
                                <gmd:CI_ResponsibleParty>
                                    <gmd:organisationName>
                                    <gco:CharacterString>Remote Sensing Systems</gco:CharacterString>
                                    </gmd:organisationName>
                                    <gmd:role>
                                    <gmd:CI_RoleCode
                                    codeList="http://www.ngdc.noaa.gov/metadata/published/xsd/schema/resources/Codelist/gmxCodelists.xml#CI_RoleCode" codeListValue="processor">processor</gmd:CI_RoleCode>
                                    </gmd:role>
                                </gmd:CI_ResponsibleParty>
                            </gmd:processor>
                        </gmi:LE_ProcessStep>
                    </gmd:processStep>
                </gmd:LI_Lineage>
            </gmd:lineage>
        </gmd:DQ_DataQuality>
    </gmd:dataQualityInfo>
    <gmd:metadataMaintenance>
        <gmd:MD_MaintenanceInformation>
            <gmd:maintenanceAndUpdateFrequency>
                <gmd:MD_MaintenanceFrequencyCode
                    codeList="http://www.ngdc.noaa.gov/metadata/published/xsd/schema/resources/Codelist/gmxCodelists.xml#MD_MaintenanceFrequencyCode" codeListValue="irregular">irregular</gmd:MD_MaintenanceFrequencyCode>
            </gmd:maintenanceAndUpdateFrequency>
        </gmd:MD_MaintenanceInformation>
    </gmd:metadataMaintenance>
    <gmi:acquisitionInformation>
        <gmi:MI_AcquisitionInformation>
            <gmi:instrument>
                <eos:EOS_Instrument id="d9017e85">
                    <gmi:citation>
                        <gmd:CI_Citation>
                            <gmd:title>
                                <gco:CharacterString>AMSR2 &gt; Advanced Microwave Scanning Radiometer 2</gco:CharacterString>
                            </gmd:title>
                            <gmd:date gco:nilReason="unknown"/>
                        </gmd:CI_Citation>
                    </gmi:citation>
                    <gmi:identifier>
                        <gmd:MD_Identifier>
                            <gmd:code>
                                <gco:CharacterString>AMSR2</gco:CharacterString>
                            </gmd:code>
                            <gmd:description>
                                <gco:CharacterString>Advanced Microwave Scanning Radiometer 2</gco:CharacterString>
                            </gmd:description>
                        </gmd:MD_Identifier>
                    </gmi:identifier>
                    <gmi:type>
                        <gco:CharacterString/>
                    </gmi:type>
                    <gmi:description gco:nilReason="missing"/>
                    <gmi:mountedOn xlink:href="#d9017e77"/>
                    <eos:sensor>
                        <eos:EOS_Sensor id="d9017e91">
                            <eos:citation>
                                <gmd:CI_Citation>
                                    <gmd:title>
                                    <gco:CharacterString>AMSR2&gt;Advanced Microwave Scanning Radiometer 2</gco:CharacterString>
                                    </gmd:title>
                                    <gmd:date gco:nilReason="unknown"/>
                                </gmd:CI_Citation>
                            </eos:citation>
                            <eos:identifier>
                                <gmd:MD_Identifier>
                                    <gmd:code>
                                    <gco:CharacterString>AMSR2</gco:CharacterString>
                                    </gmd:code>
                                    <gmd:description>
                                    <gco:CharacterString>Advanced Microwave Scanning Radiometer 2</gco:CharacterString>
                                    </gmd:description>
                                </gmd:MD_Identifier>
                            </eos:identifier>
                            <eos:type gco:nilReason="missing"/>
                            <eos:mountedOn xlink:href="#d9017e85"/>
                        </eos:EOS_Sensor>
                    </eos:sensor>
                </eos:EOS_Instrument>
            </gmi:instrument>
            <gmi:platform>
                <eos:EOS_Platform id="d9017e77">
                    <gmi:identifier>
                        <gmd:MD_Identifier>
                            <gmd:code>
                                <gco:CharacterString>GCOM-W1</gco:CharacterString>
                            </gmd:code>
                            <gmd:description>
                                <gco:CharacterString>Global Change Observation Mission 1st - Water (SHIZUKU)</gco:CharacterString>
                            </gmd:description>
                        </gmd:MD_Identifier>
                    </gmi:identifier>
                    <gmi:description>
                        <gco:CharacterString>SPACECRAFT</gco:CharacterString>
                    </gmi:description>
                    <gmi:instrument xlink:href="#d9017e85"/>
                </eos:EOS_Platform>
            </gmi:platform>
        </gmi:MI_AcquisitionInformation>
    </gmi:acquisitionInformation>
</gmi:MI_Metadata>
