<gmi:MI_Metadata xmlns:eos="http://earthdata.nasa.gov/schema/eos"
    xmlns:gco="http://www.isotc211.org/2005/gco"
    xmlns:gmd="http://www.isotc211.org/2005/gmd"
    xmlns:gmi="http://www.isotc211.org/2005/gmi"
    xmlns:gml="http://www.opengis.net/gml/3.2"
    xmlns:gmx="http://www.isotc211.org/2005/gmx"
    xmlns:gsr="http://www.isotc211.org/2005/gsr"
    xmlns:gss="http://www.isotc211.org/2005/gss"
    xmlns:gts="http://www.isotc211.org/2005/gts"
    xmlns:srv="http://www.isotc211.org/2005/srv"
    xmlns:swe="http://schemas.opengis.net/sweCommon/2.0/"
    xmlns:xlink="http://www.w3.org/1999/xlink"
    xmlns:xs="http://www.w3.org/2001/XMLSchema" xmlns:xsi="http://www.w3.org/2001/XMLSchema-instance">
    <!--Other Properties, all:0, coi:0,ii:0,si:0,pli:0,pri:0,qi:0,gi:0,ci:0,dk:0,pcc:0,icc:0,scc:0-->
    <!--Translated from ECHO using ECHOToISO.xsl Version: 1.33-->
    <gmd:fileIdentifier>
        <gco:CharacterString>gov.nasa.echo:PODAAC-GHAMS-2GR01</gco:CharacterString>
    </gmd:fileIdentifier>
    <gmd:language>
        <gco:CharacterString>eng</gco:CharacterString>
    </gmd:language>
    <gmd:characterSet>
        <gmd:MD_CharacterSetCode
            codeList="http://www.ngdc.noaa.gov/metadata/published/xsd/schema/resources/Codelist/gmxCodelists.xml#MD_CharacterSetCode" codeListValue="utf8">utf8</gmd:MD_CharacterSetCode>
    </gmd:characterSet>
    <gmd:hierarchyLevel>
        <gmd:MD_ScopeCode
            codeList="http://www.ngdc.noaa.gov/metadata/published/xsd/schema/resources/Codelist/gmxCodelists.xml#MD_ScopeCode" codeListValue="series">series</gmd:MD_ScopeCode>
    </gmd:hierarchyLevel>
    <gmd:contact>
        <gmd:CI_ResponsibleParty>
            <gmd:organisationName>
                <gco:CharacterString>PO.DAAC</gco:CharacterString>
            </gmd:organisationName>
            <gmd:role>
                <gmd:CI_RoleCode
                    codeList="http://www.ngdc.noaa.gov/metadata/published/xsd/schema/resources/Codelist/gmxCodelists.xml#CI_RoleCode" codeListValue="pointOfContact">pointOfContact</gmd:CI_RoleCode>
            </gmd:role>
        </gmd:CI_ResponsibleParty>
    </gmd:contact>
    <gmd:dateStamp>
        <gco:DateTime>2011-06-08T08:31:45.513Z</gco:DateTime>
    </gmd:dateStamp>
    <gmd:metadataStandardName>
        <gco:CharacterString>ISO 19115-2 Geographic Information - Metadata Part 2 Extensions for imagery and gridded data</gco:CharacterString>
    </gmd:metadataStandardName>
    <gmd:metadataStandardVersion>
        <gco:CharacterString>ISO 19115-2:2009(E)</gco:CharacterString>
    </gmd:metadataStandardVersion>
    <gmd:referenceSystemInfo>
        <gmd:MD_ReferenceSystem>
            <gmd:referenceSystemIdentifier>
                <gmd:RS_Identifier>
                    <gmd:code>
                        <gco:CharacterString>CARTESIAN</gco:CharacterString>
                    </gmd:code>
                </gmd:RS_Identifier>
            </gmd:referenceSystemIdentifier>
        </gmd:MD_ReferenceSystem>
    </gmd:referenceSystemInfo>
    <gmd:identificationInfo>
        <gmd:MD_DataIdentification>
            <gmd:citation>
                <gmd:CI_Citation>
                    <gmd:title>
                        <gco:CharacterString>REMSS-L2P_GRIDDED_25-AMSRE &gt; GHRSST-PP L3P Global Sea Surface Temperature SSTsub-skin observations from the AQUA Advanced Scanning Microwave Radiometer - Earth Observing System (AMSR-E)</gco:CharacterString>
                    </gmd:title>
                    <gmd:date>
                        <gmd:CI_Date>
                            <gmd:date>
                                <gco:DateTime>2011-01-21T17:10:13.000Z</gco:DateTime>
                            </gmd:date>
                            <gmd:dateType>
                                <gmd:CI_DateTypeCode
                                    codeList="http://www.ngdc.noaa.gov/metadata/published/xsd/schema/resources/Codelist/gmxCodelists.xml#CI_DateTypeCode" codeListValue="revision">revision</gmd:CI_DateTypeCode>
                            </gmd:dateType>
                        </gmd:CI_Date>
                    </gmd:date>
                    <gmd:date>
                        <gmd:CI_Date>
                            <gmd:date>
                                <gco:DateTime>2007-07-10T00:00:00.000Z</gco:DateTime>
                            </gmd:date>
                            <gmd:dateType>
                                <gmd:CI_DateTypeCode
                                    codeList="http://www.ngdc.noaa.gov/metadata/published/xsd/schema/resources/Codelist/gmxCodelists.xml#CI_DateTypeCode" codeListValue="creation">creation</gmd:CI_DateTypeCode>
                            </gmd:dateType>
                        </gmd:CI_Date>
                    </gmd:date>
                    <gmd:edition>
                        <gco:CharacterString>1</gco:CharacterString>
                    </gmd:edition>
                    <gmd:identifier>
                        <gmd:MD_Identifier>
                            <gmd:code>
                                <gco:CharacterString>REMSS-L2P_GRIDDED_25-AMSRE</gco:CharacterString>
                            </gmd:code>
                            <gmd:description>
                                <gco:CharacterString>GHRSST-PP L3P Global Sea Surface Temperature SSTsub-skin observations from the AQUA Advanced Scanning Microwave Radiometer - Earth Observing System (AMSR-E)</gco:CharacterString>
                            </gmd:description>
                        </gmd:MD_Identifier>
                    </gmd:identifier>
                    <gmd:otherCitationDetails>
                        <gco:CharacterString/>
                    </gmd:otherCitationDetails>
                </gmd:CI_Citation>
            </gmd:citation>
            <gmd:abstract>
                <gco:CharacterString>The Advanced Microwave Scanning Radiometer (AMSR-E) was launched on May 4, 2002, aboard NASA's Aqua spacecraft. The National Space Development Agency of Japan (NASDA) provided AMSR-E to NASA as an indispensable part of Aqua's global hydrology mission. Over the oceans, AMSR-E is measuring a number of important geophysical parameters, including sea-surface temperature (SST), wind speed, atmospheric water vapor, cloud water, and rain rate. A key feature of AMSR-E is its capability to see through clouds, thereby providing an uninterrupted view of global SST and surface wind fields.</gco:CharacterString>
            </gmd:abstract>
            <gmd:purpose gco:nilReason="missing"/>
            <gmd:pointOfContact>
                <gmd:CI_ResponsibleParty>
                    <gmd:organisationName>
                        <gco:CharacterString>PO.DAAC</gco:CharacterString>
                    </gmd:organisationName>
                    <gmd:role>
                        <gmd:CI_RoleCode
                            codeList="http://www.ngdc.noaa.gov/metadata/published/xsd/schema/resources/Codelist/gmxCodelists.xml#CI_RoleCode" codeListValue="pointOfContact">pointOfContact</gmd:CI_RoleCode>
                    </gmd:role>
                </gmd:CI_ResponsibleParty>
            </gmd:pointOfContact>
            <gmd:graphicOverview>
                <gmd:MD_BrowseGraphic>
                    <gmd:fileName>
                        <gmx:FileName src="/data/export/web/thumbnails"/>
                    </gmd:fileName>
                    <gmd:fileDescription>
                        <gco:CharacterString>Thumbnail image for Website</gco:CharacterString>
                    </gmd:fileDescription>
                    <gmd:fileType gco:nilReason="missing"/>
                </gmd:MD_BrowseGraphic>
            </gmd:graphicOverview>
            <gmd:resourceFormat>
                <gmd:MD_Format>
                    <gmd:name>
                        <gco:CharacterString>NETCDF</gco:CharacterString>
                    </gmd:name>
                    <gmd:version gco:nilReason="unknown"/>
                </gmd:MD_Format>
            </gmd:resourceFormat>
            <gmd:descriptiveKeywords>
                <gmd:MD_Keywords>
                    <gmd:keyword>
                        <gco:CharacterString>EARTH SCIENCE&gt;OCEANS&gt;OCEAN TEMPERATURE&gt;SEA SURFACE TEMPERATURE&gt;NONE&gt;NONE&gt;SUB-SKIN SEA SURFACE TEMPERATURE</gco:CharacterString>
                    </gmd:keyword>
                    <gmd:type>
                        <gmd:MD_KeywordTypeCode
                            codeList="http://www.ngdc.noaa.gov/metadata/published/xsd/schema/resources/Codelist/gmxCodelists.xml#MD_KeywordTypeCode" codeListValue="theme">theme</gmd:MD_KeywordTypeCode>
                    </gmd:type>
                    <gmd:thesaurusName>
                        <gmd:CI_Citation>
                            <gmd:title>
                                <gco:CharacterString>NASA/GCMD Science Keywords</gco:CharacterString>
                            </gmd:title>
                            <gmd:date gco:nilReason="unknown"/>
                            <gmd:citedResponsibleParty>
                                <gmd:CI_ResponsibleParty>
                                    <gmd:organisationName>
                                    <gco:CharacterString>NASA</gco:CharacterString>
                                    </gmd:organisationName>
                                    <gmd:positionName>
                                    <gco:CharacterString>GCMD User Support Office</gco:CharacterString>
                                    </gmd:positionName>
                                    <gmd:contactInfo>
                                    <gmd:CI_Contact>
                                    <gmd:address>
                                    <gmd:CI_Address>
                                    <gmd:electronicMailAddress>
                                    <gco:CharacterString>gcmduso@gcmd.gsfc.nasa.gov</gco:CharacterString>
                                    </gmd:electronicMailAddress>
                                    </gmd:CI_Address>
                                    </gmd:address>
                                    <gmd:onlineResource>
                                    <gmd:CI_OnlineResource>
                                    <gmd:linkage>
                                    <gmd:URL>http://gcmd.nasa.gov/MailComments/MailComments.jsf?rcpt=gcmduso</gmd:URL>
                                    </gmd:linkage>
                                    <gmd:name>
                                    <gco:CharacterString>GCMD Feedback Form</gco:CharacterString>
                                    </gmd:name>
                                    <gmd:description>
                                    <gco:CharacterString>Have a Comment for the GCMD?</gco:CharacterString>
                                    </gmd:description>
                                    <gmd:function>

                                    <gmd:CI_OnLineFunctionCode
                                    codeList="http://www.ngdc.noaa.gov/metadata/published/xsd/schema/resources/Codelist/gmxCodelists.xml#CI_OnLineFunctionCode" codeListValue="information">information</gmd:CI_OnLineFunctionCode>
                                    </gmd:function>
                                    </gmd:CI_OnlineResource>
                                    </gmd:onlineResource>
                                    </gmd:CI_Contact>
                                    </gmd:contactInfo>
                                    <gmd:role>
                                    <gmd:CI_RoleCode
                                    codeList="http://www.ngdc.noaa.gov/metadata/published/xsd/schema/resources/Codelist/gmxCodelists.xml#CI_RoleCode" codeListValue="custodian">custodian</gmd:CI_RoleCode>
                                    </gmd:role>
                                </gmd:CI_ResponsibleParty>
                            </gmd:citedResponsibleParty>
                            <gmd:citedResponsibleParty>
                                <gmd:CI_ResponsibleParty>
                                    <gmd:organisationName gco:nilReason="inapplicable"/>
                                    <gmd:contactInfo>
                                    <gmd:CI_Contact>
                                    <gmd:onlineResource xlink:title="GCMD Keyword Page">
                                    <gmd:CI_OnlineResource>
                                    <gmd:linkage>
                                    <gmd:URL>http://gcmd.nasa.gov/Resources/valids/</gmd:URL>
                                    </gmd:linkage>
                                    <gmd:name>
                                    <gco:CharacterString>GCMD Keywords Page</gco:CharacterString>
                                    </gmd:name>
                                    <gmd:description>
                                    <gco:CharacterString>This page describes the NASA GCMD Keywords, how to reference those keywords and provides download instructions. </gco:CharacterString>
                                    </gmd:description>
                                    <gmd:function>

                                    <gmd:CI_OnLineFunctionCode
                                    codeList="http://www.ngdc.noaa.gov/metadata/published/xsd/schema/resources/Codelist/gmxCodelists.xml#CI_OnLineFunctionCode" codeListValue="information">information</gmd:CI_OnLineFunctionCode>
                                    </gmd:function>
                                    </gmd:CI_OnlineResource>
                                    </gmd:onlineResource>
                                    </gmd:CI_Contact>
                                    </gmd:contactInfo>
                                    <gmd:role>
                                    <gmd:CI_RoleCode
                                    codeList="http://www.ngdc.noaa.gov/metadata/published/xsd/schema/resources/Codelist/gmxCodelists.xml#CI_RoleCode" codeListValue="custodian">custodian</gmd:CI_RoleCode>
                                    </gmd:role>
                                </gmd:CI_ResponsibleParty>
                            </gmd:citedResponsibleParty>
                        </gmd:CI_Citation>
                    </gmd:thesaurusName>
                </gmd:MD_Keywords>
            </gmd:descriptiveKeywords>
            <gmd:descriptiveKeywords>
                <gmd:MD_Keywords>
                    <gmd:keyword>
                        <gco:CharacterString>Global</gco:CharacterString>
                    </gmd:keyword>
                    <gmd:type>
                        <gmd:MD_KeywordTypeCode
                            codeList="http://www.ngdc.noaa.gov/metadata/published/xsd/schema/resources/Codelist/gmxCodelists.xml#MD_KeywordTypeCode" codeListValue="place">place</gmd:MD_KeywordTypeCode>
                    </gmd:type>
                    <gmd:thesaurusName>
                        <gmd:CI_Citation>
                            <gmd:title>
                                <gco:CharacterString>NASA/Global Change Master Directory (GCMD) Location Keywords</gco:CharacterString>
                            </gmd:title>
                            <gmd:date gco:nilReason="unknown"/>
                            <gmd:citedResponsibleParty>
                                <gmd:CI_ResponsibleParty>
                                    <gmd:organisationName>
                                    <gco:CharacterString>NASA Global Change Master Directory (GCMD) User Support Office</gco:CharacterString>
                                    </gmd:organisationName>
                                    <gmd:contactInfo>
                                    <gmd:CI_Contact>
                                    <gmd:phone gco:nilReason="missing"/>
                                    <gmd:address>
                                    <gmd:CI_Address>
                                    <gmd:deliveryPoint>
                                    <gco:CharacterString>NASA Global Change Master Directory, Goddard Space Flight Center</gco:CharacterString>
                                    </gmd:deliveryPoint>
                                    <gmd:city>
                                    <gco:CharacterString>Greenbelt</gco:CharacterString>
                                    </gmd:city>
                                    <gmd:administrativeArea>
                                    <gco:CharacterString>MD</gco:CharacterString>
                                    </gmd:administrativeArea>
                                    <gmd:postalCode>
                                    <gco:CharacterString>20771</gco:CharacterString>
                                    </gmd:postalCode>
                                    <gmd:country>
                                    <gco:CharacterString>USA</gco:CharacterString>
                                    </gmd:country>
                                    <gmd:electronicMailAddress>
                                    <gco:CharacterString>gcmduso@gcmd.gsfc.nasa.gov</gco:CharacterString>
                                    </gmd:electronicMailAddress>
                                    </gmd:CI_Address>
                                    </gmd:address>
                                    <gmd:onlineResource>
                                    <gmd:CI_OnlineResource>
                                    <gmd:linkage>
                                    <gmd:URL>http://gcmd.nasa.gov/index.html</gmd:URL>
                                    </gmd:linkage>
                                    <gmd:protocol>
                                    <gco:CharacterString>http</gco:CharacterString>
                                    </gmd:protocol>
                                    <gmd:applicationProfile>
                                    <gco:CharacterString>web browser</gco:CharacterString>
                                    </gmd:applicationProfile>
                                    <gmd:name>
                                    <gco:CharacterString>NASA Global Change Master Directory (GCMD)</gco:CharacterString>
                                    </gmd:name>
                                    <gmd:description>
                                    <gco:CharacterString>Home Page</gco:CharacterString>
                                    </gmd:description>
                                    <gmd:function>

                                    <gmd:CI_OnLineFunctionCode
                                    codeList="http://www.isotc211.org/2005/resources/Codelist/gmxCodelists.xml#CI_OnLineFunctionCode" codeListValue="information">information</gmd:CI_OnLineFunctionCode>
                                    </gmd:function>
                                    </gmd:CI_OnlineResource>
                                    </gmd:onlineResource>
                                    <gmd:contactInstructions>
                                    <gco:CharacterString>http://gcmd.nasa.gov/MailComments/MailComments.jsf?rcpt=gcmduso</gco:CharacterString>
                                    </gmd:contactInstructions>
                                    </gmd:CI_Contact>
                                    </gmd:contactInfo>
                                    <gmd:role>
                                    <gmd:CI_RoleCode
                                    codeList="http://www.ngdc.noaa.gov/metadata/published/xsd/schema/resources/Codelist/gmxCodelists.xml#CI_RoleCode" codeListValue="custodian">custodian</gmd:CI_RoleCode>
                                    </gmd:role>
                                </gmd:CI_ResponsibleParty>
                            </gmd:citedResponsibleParty>
                            <gmd:citedResponsibleParty>
                                <gmd:CI_ResponsibleParty>
                                    <gmd:organisationName>
                                    <gco:CharacterString>NASA Global Change Master Directory (GCMD)</gco:CharacterString>
                                    </gmd:organisationName>
                                    <gmd:contactInfo>
                                    <gmd:CI_Contact>
                                    <gmd:phone gco:nilReason="missing"/>
                                    <gmd:address>
                                    <gmd:CI_Address>
                                    <gmd:deliveryPoint>
                                    <gco:CharacterString>NASA Global Change Master Directory, Goddard Space Flight Center</gco:CharacterString>
                                    </gmd:deliveryPoint>
                                    <gmd:city>
                                    <gco:CharacterString>Greenbelt</gco:CharacterString>
                                    </gmd:city>
                                    <gmd:administrativeArea>
                                    <gco:CharacterString>MD</gco:CharacterString>
                                    </gmd:administrativeArea>
                                    <gmd:postalCode>
                                    <gco:CharacterString>20771</gco:CharacterString>
                                    </gmd:postalCode>
                                    <gmd:country>
                                    <gco:CharacterString>USA</gco:CharacterString>
                                    </gmd:country>
                                    <gmd:electronicMailAddress>
                                    <gco:CharacterString>gcmduso@gcmd.gsfc.nasa.gov</gco:CharacterString>
                                    </gmd:electronicMailAddress>
                                    </gmd:CI_Address>
                                    </gmd:address>
                                    <gmd:onlineResource>
                                    <gmd:CI_OnlineResource>
                                    <gmd:linkage>
                                    <gmd:URL>http://gcmd.nasa.gov/Resources/valids/</gmd:URL>
                                    </gmd:linkage>
                                    <gmd:protocol>
                                    <gco:CharacterString>http</gco:CharacterString>
                                    </gmd:protocol>
                                    <gmd:applicationProfile>
                                    <gco:CharacterString>web browser</gco:CharacterString>
                                    </gmd:applicationProfile>
                                    <gmd:name>
                                    <gco:CharacterString>NASA Global Change Master Directory (GCMD) Keyword Page</gco:CharacterString>
                                    </gmd:name>
                                    <gmd:description>
                                    <gco:CharacterString>This page describes the NASA GCMD Keywords, how to reference those keywords and provides download instructions.</gco:CharacterString>
                                    </gmd:description>
                                    <gmd:function>

                                    <gmd:CI_OnLineFunctionCode
                                    codeList="http://www.isotc211.org/2005/resources/Codelist/gmxCodelists.xml#CI_OnLineFunctionCode" codeListValue="download">download</gmd:CI_OnLineFunctionCode>
                                    </gmd:function>
                                    </gmd:CI_OnlineResource>
                                    </gmd:onlineResource>
                                    <gmd:contactInstructions>
                                    <gco:CharacterString>http://gcmd.nasa.gov/MailComments/MailComments.jsf?rcpt=gcmduso</gco:CharacterString>
                                    </gmd:contactInstructions>
                                    </gmd:CI_Contact>
                                    </gmd:contactInfo>
                                    <gmd:role>
                                    <gmd:CI_RoleCode
                                    codeList="http://www.ngdc.noaa.gov/metadata/published/xsd/schema/resources/Codelist/gmxCodelists.xml#CI_RoleCode" codeListValue="custodian">custodian</gmd:CI_RoleCode>
                                    </gmd:role>
                                </gmd:CI_ResponsibleParty>
                            </gmd:citedResponsibleParty>
                        </gmd:CI_Citation>
                    </gmd:thesaurusName>
                </gmd:MD_Keywords>
            </gmd:descriptiveKeywords>
            <gmd:descriptiveKeywords>
                <gmd:MD_Keywords>
                    <gmd:keyword>
                        <gco:CharacterString>PO.DAAC</gco:CharacterString>
                    </gmd:keyword>
                    <gmd:type>
                        <gmd:MD_KeywordTypeCode
                            codeList="http://www.ngdc.noaa.gov/metadata/published/xsd/schema/resources/Codelist/gmxCodelists.xml#MD_KeywordTypeCode" codeListValue="dataCenter">dataCenter</gmd:MD_KeywordTypeCode>
                    </gmd:type>
                    <gmd:thesaurusName>
                        <gmd:CI_Citation>
                            <gmd:title>
                                <gco:CharacterString> NASA/Global Change Master Directory (GCMD) Data Center Keywords </gco:CharacterString>
                            </gmd:title>
                            <gmd:date>
                                <gmd:CI_Date>
                                    <gmd:date>
                                    <gco:Date>2008-02-07</gco:Date>
                                    </gmd:date>
                                    <gmd:dateType>
                                    <gmd:CI_DateTypeCode
                                    codeList="http://www.isotc211.org/2005/resources/Codelist/gmxCodelists.xml#CI_DateTypeCode" codeListValue="publication">publication</gmd:CI_DateTypeCode>
                                    </gmd:dateType>
                                </gmd:CI_Date>
                            </gmd:date>
                            <gmd:identifier/>
                            <gmd:citedResponsibleParty>
                                <gmd:CI_ResponsibleParty>
                                    <gmd:organisationName>
                                    <gco:CharacterString>NASA</gco:CharacterString>
                                    </gmd:organisationName>
                                    <gmd:positionName>
                                    <gco:CharacterString>GCMD User Support Office</gco:CharacterString>
                                    </gmd:positionName>
                                    <gmd:contactInfo>
                                    <gmd:CI_Contact>
                                    <gmd:address>
                                    <gmd:CI_Address>
                                    <gmd:electronicMailAddress>
                                    <gco:CharacterString>gcmduso@gcmd.gsfc.nasa.gov</gco:CharacterString>
                                    </gmd:electronicMailAddress>
                                    </gmd:CI_Address>
                                    </gmd:address>
                                    <gmd:onlineResource>
                                    <gmd:CI_OnlineResource>
                                    <gmd:linkage>
                                    <gmd:URL>http://gcmd.nasa.gov/MailComments/MailComments.jsf?rcpt=gcmduso</gmd:URL>
                                    </gmd:linkage>
                                    <gmd:name>
                                    <gco:CharacterString>GCMD Feedback Form</gco:CharacterString>
                                    </gmd:name>
                                    <gmd:description>
                                    <gco:CharacterString>Have a Comment for the GCMD?</gco:CharacterString>
                                    </gmd:description>
                                    <gmd:function>

                                    <gmd:CI_OnLineFunctionCode
                                    codeList="http://www.ngdc.noaa.gov/metadata/published/xsd/schema/resources/Codelist/gmxCodelists.xml#CI_OnLineFunctionCode" codeListValue="information">information</gmd:CI_OnLineFunctionCode>
                                    </gmd:function>
                                    </gmd:CI_OnlineResource>
                                    </gmd:onlineResource>
                                    </gmd:CI_Contact>
                                    </gmd:contactInfo>
                                    <gmd:role>
                                    <gmd:CI_RoleCode
                                    codeList="http://www.ngdc.noaa.gov/metadata/published/xsd/schema/resources/Codelist/gmxCodelists.xml#CI_RoleCode" codeListValue="custodian">custodian</gmd:CI_RoleCode>
                                    </gmd:role>
                                </gmd:CI_ResponsibleParty>
                            </gmd:citedResponsibleParty>
                            <gmd:citedResponsibleParty>
                                <gmd:CI_ResponsibleParty>
                                    <gmd:organisationName gco:nilReason="inapplicable"/>
                                    <gmd:contactInfo>
                                    <gmd:CI_Contact>
                                    <gmd:onlineResource xlink:title="GCMD Keyword Page">
                                    <gmd:CI_OnlineResource>
                                    <gmd:linkage>
                                    <gmd:URL>http://gcmd.nasa.gov/Resources/valids/</gmd:URL>
                                    </gmd:linkage>
                                    <gmd:name>
                                    <gco:CharacterString>GCMD Keywords Page</gco:CharacterString>
                                    </gmd:name>
                                    <gmd:description>
                                    <gco:CharacterString>This page describes the NASA GCMD Keywords, how to reference those keywords and provides download instructions. </gco:CharacterString>
                                    </gmd:description>
                                    <gmd:function>

                                    <gmd:CI_OnLineFunctionCode
                                    codeList="http://www.ngdc.noaa.gov/metadata/published/xsd/schema/resources/Codelist/gmxCodelists.xml#CI_OnLineFunctionCode" codeListValue="information">information</gmd:CI_OnLineFunctionCode>
                                    </gmd:function>
                                    </gmd:CI_OnlineResource>
                                    </gmd:onlineResource>
                                    </gmd:CI_Contact>
                                    </gmd:contactInfo>
                                    <gmd:role>
                                    <gmd:CI_RoleCode
                                    codeList="http://www.ngdc.noaa.gov/metadata/published/xsd/schema/resources/Codelist/gmxCodelists.xml#CI_RoleCode" codeListValue="custodian">custodian</gmd:CI_RoleCode>
                                    </gmd:role>
                                </gmd:CI_ResponsibleParty>
                            </gmd:citedResponsibleParty>
                        </gmd:CI_Citation>
                    </gmd:thesaurusName>
                </gmd:MD_Keywords>
            </gmd:descriptiveKeywords>
            <gmd:descriptiveKeywords>
                <gmd:MD_Keywords>
                    <gmd:keyword>
                        <gco:CharacterString>AQUA &gt; AQUA</gco:CharacterString>
                    </gmd:keyword>
                    <gmd:type>
                        <gmd:MD_KeywordTypeCode
                            codeList="http://www.ngdc.noaa.gov/metadata/published/xsd/schema/resources/Codelist/gmxCodelists.xml#MD_KeywordTypeCode" codeListValue="platform">platform</gmd:MD_KeywordTypeCode>
                    </gmd:type>
                    <gmd:thesaurusName>
                        <gmd:CI_Citation>
                            <gmd:title>
                                <gco:CharacterString>NASA/GCMD Platform Keywords</gco:CharacterString>
                            </gmd:title>
                            <gmd:date gco:nilReason="unknown"/>
                            <gmd:citedResponsibleParty>
                                <gmd:CI_ResponsibleParty>
                                    <gmd:organisationName>
                                    <gco:CharacterString>NASA</gco:CharacterString>
                                    </gmd:organisationName>
                                    <gmd:positionName>
                                    <gco:CharacterString>GCMD User Support Office</gco:CharacterString>
                                    </gmd:positionName>
                                    <gmd:contactInfo>
                                    <gmd:CI_Contact>
                                    <gmd:address>
                                    <gmd:CI_Address>
                                    <gmd:electronicMailAddress>
                                    <gco:CharacterString>gcmduso@gcmd.gsfc.nasa.gov</gco:CharacterString>
                                    </gmd:electronicMailAddress>
                                    </gmd:CI_Address>
                                    </gmd:address>
                                    <gmd:onlineResource>
                                    <gmd:CI_OnlineResource>
                                    <gmd:linkage>
                                    <gmd:URL>http://gcmd.nasa.gov/MailComments/MailComments.jsf?rcpt=gcmduso</gmd:URL>
                                    </gmd:linkage>
                                    <gmd:name>
                                    <gco:CharacterString>GCMD Feedback Form</gco:CharacterString>
                                    </gmd:name>
                                    <gmd:description>
                                    <gco:CharacterString>Have a Comment for the GCMD?</gco:CharacterString>
                                    </gmd:description>
                                    <gmd:function>

                                    <gmd:CI_OnLineFunctionCode
                                    codeList="http://www.ngdc.noaa.gov/metadata/published/xsd/schema/resources/Codelist/gmxCodelists.xml#CI_OnLineFunctionCode" codeListValue="information">information</gmd:CI_OnLineFunctionCode>
                                    </gmd:function>
                                    </gmd:CI_OnlineResource>
                                    </gmd:onlineResource>
                                    </gmd:CI_Contact>
                                    </gmd:contactInfo>
                                    <gmd:role>
                                    <gmd:CI_RoleCode
                                    codeList="http://www.ngdc.noaa.gov/metadata/published/xsd/schema/resources/Codelist/gmxCodelists.xml#CI_RoleCode" codeListValue="custodian">custodian</gmd:CI_RoleCode>
                                    </gmd:role>
                                </gmd:CI_ResponsibleParty>
                            </gmd:citedResponsibleParty>
                            <gmd:citedResponsibleParty>
                                <gmd:CI_ResponsibleParty>
                                    <gmd:organisationName gco:nilReason="inapplicable"/>
                                    <gmd:contactInfo>
                                    <gmd:CI_Contact>
                                    <gmd:onlineResource xlink:title="GCMD Keyword Page">
                                    <gmd:CI_OnlineResource>
                                    <gmd:linkage>
                                    <gmd:URL>http://gcmd.nasa.gov/Resources/valids/</gmd:URL>
                                    </gmd:linkage>
                                    <gmd:name>
                                    <gco:CharacterString>GCMD Keywords Page</gco:CharacterString>
                                    </gmd:name>
                                    <gmd:description>
                                    <gco:CharacterString>This page describes the NASA GCMD Keywords, how to reference those keywords and provides download instructions. </gco:CharacterString>
                                    </gmd:description>
                                    <gmd:function>

                                    <gmd:CI_OnLineFunctionCode
                                    codeList="http://www.ngdc.noaa.gov/metadata/published/xsd/schema/resources/Codelist/gmxCodelists.xml#CI_OnLineFunctionCode" codeListValue="information">information</gmd:CI_OnLineFunctionCode>
                                    </gmd:function>
                                    </gmd:CI_OnlineResource>
                                    </gmd:onlineResource>
                                    </gmd:CI_Contact>
                                    </gmd:contactInfo>
                                    <gmd:role>
                                    <gmd:CI_RoleCode
                                    codeList="http://www.ngdc.noaa.gov/metadata/published/xsd/schema/resources/Codelist/gmxCodelists.xml#CI_RoleCode" codeListValue="custodian">custodian</gmd:CI_RoleCode>
                                    </gmd:role>
                                </gmd:CI_ResponsibleParty>
                            </gmd:citedResponsibleParty>
                        </gmd:CI_Citation>
                    </gmd:thesaurusName>
                </gmd:MD_Keywords>
            </gmd:descriptiveKeywords>
            <gmd:descriptiveKeywords>
                <gmd:MD_Keywords>
                    <gmd:keyword>
                        <gco:CharacterString>AMSR-E &gt; Advanced Microwave Scanning Radiometer-EOS</gco:CharacterString>
                    </gmd:keyword>
                    <gmd:type>
                        <gmd:MD_KeywordTypeCode
                            codeList="http://www.ngdc.noaa.gov/metadata/published/xsd/schema/resources/Codelist/gmxCodelists.xml#MD_KeywordTypeCode" codeListValue="instrument">instrument</gmd:MD_KeywordTypeCode>
                    </gmd:type>
                    <gmd:thesaurusName>
                        <gmd:CI_Citation>
                            <gmd:title>
                                <gco:CharacterString>NASA/GCMD Instrument Keywords</gco:CharacterString>
                            </gmd:title>
                            <gmd:date gco:nilReason="unknown"/>
                            <gmd:citedResponsibleParty>
                                <gmd:CI_ResponsibleParty>
                                    <gmd:organisationName>
                                    <gco:CharacterString>NASA</gco:CharacterString>
                                    </gmd:organisationName>
                                    <gmd:positionName>
                                    <gco:CharacterString>GCMD User Support Office</gco:CharacterString>
                                    </gmd:positionName>
                                    <gmd:contactInfo>
                                    <gmd:CI_Contact>
                                    <gmd:address>
                                    <gmd:CI_Address>
                                    <gmd:electronicMailAddress>
                                    <gco:CharacterString>gcmduso@gcmd.gsfc.nasa.gov</gco:CharacterString>
                                    </gmd:electronicMailAddress>
                                    </gmd:CI_Address>
                                    </gmd:address>
                                    <gmd:onlineResource>
                                    <gmd:CI_OnlineResource>
                                    <gmd:linkage>
                                    <gmd:URL>http://gcmd.nasa.gov/MailComments/MailComments.jsf?rcpt=gcmduso</gmd:URL>
                                    </gmd:linkage>
                                    <gmd:name>
                                    <gco:CharacterString>GCMD Feedback Form</gco:CharacterString>
                                    </gmd:name>
                                    <gmd:description>
                                    <gco:CharacterString>Have a Comment for the GCMD?</gco:CharacterString>
                                    </gmd:description>
                                    <gmd:function>

                                    <gmd:CI_OnLineFunctionCode
                                    codeList="http://www.ngdc.noaa.gov/metadata/published/xsd/schema/resources/Codelist/gmxCodelists.xml#CI_OnLineFunctionCode" codeListValue="information">information</gmd:CI_OnLineFunctionCode>
                                    </gmd:function>
                                    </gmd:CI_OnlineResource>
                                    </gmd:onlineResource>
                                    </gmd:CI_Contact>
                                    </gmd:contactInfo>
                                    <gmd:role>
                                    <gmd:CI_RoleCode
                                    codeList="http://www.ngdc.noaa.gov/metadata/published/xsd/schema/resources/Codelist/gmxCodelists.xml#CI_RoleCode" codeListValue="custodian">custodian</gmd:CI_RoleCode>
                                    </gmd:role>
                                </gmd:CI_ResponsibleParty>
                            </gmd:citedResponsibleParty>
                            <gmd:citedResponsibleParty>
                                <gmd:CI_ResponsibleParty>
                                    <gmd:organisationName gco:nilReason="inapplicable"/>
                                    <gmd:contactInfo>
                                    <gmd:CI_Contact>
                                    <gmd:onlineResource>
                                    <gmd:CI_OnlineResource>
                                    <gmd:linkage>
                                    <gmd:URL>http://gcmd.nasa.gov/Resources/valids/</gmd:URL>
                                    </gmd:linkage>
                                    <gmd:name>
                                    <gco:CharacterString>GCMD Keywords Page</gco:CharacterString>
                                    </gmd:name>
                                    <gmd:description>
                                    <gco:CharacterString>This page describes the NASA GCMD Keywords, how to reference those keywords and provides download instructions. </gco:CharacterString>
                                    </gmd:description>
                                    <gmd:function>

                                    <gmd:CI_OnLineFunctionCode
                                    codeList="http://www.ngdc.noaa.gov/metadata/published/xsd/schema/resources/Codelist/gmxCodelists.xml#CI_OnLineFunctionCode" codeListValue="information">information</gmd:CI_OnLineFunctionCode>
                                    </gmd:function>
                                    </gmd:CI_OnlineResource>
                                    </gmd:onlineResource>
                                    </gmd:CI_Contact>
                                    </gmd:contactInfo>
                                    <gmd:role>
                                    <gmd:CI_RoleCode
                                    codeList="http://www.ngdc.noaa.gov/metadata/published/xsd/schema/resources/Codelist/gmxCodelists.xml#CI_RoleCode" codeListValue="custodian">custodian</gmd:CI_RoleCode>
                                    </gmd:role>
                                </gmd:CI_ResponsibleParty>
                            </gmd:citedResponsibleParty>
                        </gmd:CI_Citation>
                    </gmd:thesaurusName>
                </gmd:MD_Keywords>
            </gmd:descriptiveKeywords>
            <gmd:language>
                <gco:CharacterString>eng</gco:CharacterString>
            </gmd:language>
            <gmd:characterSet>
                <gmd:MD_CharacterSetCode
                    codeList="http://www.ngdc.noaa.gov/metadata/published/xsd/schema/resources/Codelist/gmxCodelists.xml#MD_CharacterSetCode" codeListValue="utf8">utf8</gmd:MD_CharacterSetCode>
            </gmd:characterSet>
            <gmd:extent>
                <gmd:EX_Extent id="boundingExtent">
                    <gmd:description>
                        <gco:CharacterString>SpatialCoverageType=HORIZONTAL, SpatialGranuleSpatialRepresentation=CARTESIAN</gco:CharacterString>
                    </gmd:description>
                    <gmd:geographicElement>
                        <!--Bounding Rectangle-->
                        <gmd:EX_GeographicBoundingBox>
                            <gmd:westBoundLongitude>
                                <gco:Decimal>-180</gco:Decimal>
                            </gmd:westBoundLongitude>
                            <gmd:eastBoundLongitude>
                                <gco:Decimal>180</gco:Decimal>
                            </gmd:eastBoundLongitude>
                            <gmd:southBoundLatitude>
                                <gco:Decimal>-90</gco:Decimal>
                            </gmd:southBoundLatitude>
                            <gmd:northBoundLatitude>
                                <gco:Decimal>90</gco:Decimal>
                            </gmd:northBoundLatitude>
                        </gmd:EX_GeographicBoundingBox>
                    </gmd:geographicElement>
                    <gmd:temporalElement>
                        <!--RangeDateTime-->
                        <gmd:EX_TemporalExtent id="boundingTemporalExtent">
                            <gmd:extent>
                                <gml:TimePeriod gml:id="d8928e36">
                                    <gml:beginPosition>2002-06-01T12:06:00.000Z</gml:beginPosition>
                                    <gml:endPosition/>
                                </gml:TimePeriod>
                            </gmd:extent>
                        </gmd:EX_TemporalExtent>
                    </gmd:temporalElement>
                </gmd:EX_Extent>
            </gmd:extent>
            <gmd:supplementalInformation/>
            <gmd:processingLevel>
                <gmd:MD_Identifier>
                    <gmd:code>
                        <gco:CharacterString>3</gco:CharacterString>
                    </gmd:code>
                    <gmd:description>
                        <gco:CharacterString/>
                    </gmd:description>
                </gmd:MD_Identifier>
            </gmd:processingLevel>
        </gmd:MD_DataIdentification>
    </gmd:identificationInfo>
    <gmd:contentInfo>
        <gmd:MD_ImageDescription>
            <gmd:attributeDescription/>
            <gmd:contentType/>
            <gmd:processingLevelCode>
                <gmd:MD_Identifier>
                    <gmd:code>
                        <gco:CharacterString>3</gco:CharacterString>
                    </gmd:code>
                    <gmd:description>
                        <gco:CharacterString/>
                    </gmd:description>
                </gmd:MD_Identifier>
            </gmd:processingLevelCode>
        </gmd:MD_ImageDescription>
    </gmd:contentInfo>
    <gmd:distributionInfo>
        <gmd:MD_Distribution>
            <gmd:distributor>
                <gmd:MD_Distributor>
                    <gmd:distributorContact>
                        <gmd:CI_ResponsibleParty>
                            <gmd:individualName>
                                <gco:CharacterString>Edward none Armstrong</gco:CharacterString>
                            </gmd:individualName>
                            <gmd:organisationName>
                                <gco:CharacterString>Physical Oceanography Distributed Active Archive Center, Jet Propulsion Laboratory, NASA</gco:CharacterString>
                            </gmd:organisationName>
                            <gmd:positionName>
                                <gco:CharacterString>Technical Contact</gco:CharacterString>
                            </gmd:positionName>
                            <gmd:contactInfo>
                                <gmd:CI_Contact>
                                    <gmd:phone>
                                    <gmd:CI_Telephone>
                                    <gmd:voice>
                                    <gco:CharacterString>818-393-6710</gco:CharacterString>
                                    </gmd:voice>
                                    </gmd:CI_Telephone>
                                    </gmd:phone>
                                    <gmd:address>
                                    <gmd:CI_Address>
                                    <gmd:deliveryPoint gco:nilReason="missing"/>
                                    <gmd:city gco:nilReason="missing"/>
                                    <gmd:administrativeArea gco:nilReason="missing"/>
                                    <gmd:postalCode gco:nilReason="missing"/>
                                    <gmd:country gco:nilReason="missing"/>
                                    <gmd:electronicMailAddress>
                                    <gco:CharacterString>edward.m.armstrong@jpl.nasa.gov</gco:CharacterString>
                                    </gmd:electronicMailAddress>
                                    </gmd:CI_Address>
                                    </gmd:address>
                                    <gmd:hoursOfService gco:nilReason="missing"/>
                                    <gmd:contactInstructions gco:nilReason="missing"/>
                                </gmd:CI_Contact>
                            </gmd:contactInfo>
                            <gmd:role>
                                <gmd:CI_RoleCode
                                    codeList="http://www.ngdc.noaa.gov/metadata/published/xsd/schema/resources/Codelist/gmxCodelists.xml#CI_RoleCode" codeListValue="distributor">distributor</gmd:CI_RoleCode>
                            </gmd:role>
                        </gmd:CI_ResponsibleParty>
                    </gmd:distributorContact>
                    <gmd:distributionOrderProcess>
                        <gmd:MD_StandardOrderProcess>
                            <gmd:fees gco:nilReason="missing"/>
                        </gmd:MD_StandardOrderProcess>
                    </gmd:distributionOrderProcess>
                    <gmd:distributorFormat>
                        <gmd:MD_Format>
                            <gmd:name>
                                <gco:CharacterString>NETCDF</gco:CharacterString>
                            </gmd:name>
                            <gmd:version gco:nilReason="unknown"/>
                        </gmd:MD_Format>
                    </gmd:distributorFormat>
                    <gmd:distributorTransferOptions>
                        <gmd:MD_DigitalTransferOptions>
                            <gmd:onLine>
                                <gmd:CI_OnlineResource>
                                    <gmd:linkage>
                                    <gmd:URL>ftp://podaac-ftp.jpl.nasa.gov/allData/ghrsst/data/L2P_GRIDDED/AMSRE/REMSS</gmd:URL>
                                    </gmd:linkage>
                                    <gmd:applicationProfile gco:nilReason="missing"/>
                                    <gmd:description>
                                    <gco:CharacterString>The FTP base directory location for the collection.</gco:CharacterString>
                                    </gmd:description>
                                    <gmd:function>
                                    <gmd:CI_OnLineFunctionCode
                                    codeList="http://www.ngdc.noaa.gov/metadata/published/xsd/schema/resources/Codelist/gmxCodelists.xml#CI_OnLineFunctionCode" codeListValue="download">download</gmd:CI_OnLineFunctionCode>
                                    </gmd:function>
                                </gmd:CI_OnlineResource>
                            </gmd:onLine>
                            <gmd:onLine>
                                <gmd:CI_OnlineResource>
                                    <gmd:linkage>
                                    <gmd:URL>http://data.nodc.noaa.gov/cgi-bin/nph-dods/ghrsst/L2P_GRIDDED/AMSRE/REMSS</gmd:URL>
                                    </gmd:linkage>
                                    <gmd:applicationProfile gco:nilReason="missing"/>
                                    <gmd:description>
                                    <gco:CharacterString>The OPeNDAP base directory location for the collection.</gco:CharacterString>
                                    </gmd:description>
                                    <gmd:function>
                                    <gmd:CI_OnLineFunctionCode
                                    codeList="http://www.ngdc.noaa.gov/metadata/published/xsd/schema/resources/Codelist/gmxCodelists.xml#CI_OnLineFunctionCode" codeListValue="download">download</gmd:CI_OnLineFunctionCode>
                                    </gmd:function>
                                </gmd:CI_OnlineResource>
                            </gmd:onLine>
                            <gmd:onLine>
                                <gmd:CI_OnlineResource>
                                    <gmd:linkage>
                                    <gmd:URL>http://podaac-opendap.jpl.nasa.gov/opendap/allData/ghrsst/data/L2P_GRIDDED/AMSRE/REMSS</gmd:URL>
                                    </gmd:linkage>
                                    <gmd:applicationProfile gco:nilReason="missing"/>
                                    <gmd:description>
                                    <gco:CharacterString>The OPeNDAP base directory location for the collection.</gco:CharacterString>
                                    </gmd:description>
                                    <gmd:function>
                                    <gmd:CI_OnLineFunctionCode
                                    codeList="http://www.ngdc.noaa.gov/metadata/published/xsd/schema/resources/Codelist/gmxCodelists.xml#CI_OnLineFunctionCode" codeListValue="download">download</gmd:CI_OnLineFunctionCode>
                                    </gmd:function>
                                </gmd:CI_OnlineResource>
                            </gmd:onLine>
                            <gmd:onLine>
                                <gmd:CI_OnlineResource>
                                    <gmd:linkage>
                                    <gmd:URL>ftp://ftp.nodc.noaa.gov/pub/data.nodc/ghrsst/L2P_GRIDDED/AMSRE/REMSS</gmd:URL>
                                    </gmd:linkage>
                                    <gmd:applicationProfile gco:nilReason="missing"/>
                                    <gmd:description>
                                    <gco:CharacterString>The FTP base directory location for the collection.</gco:CharacterString>
                                    </gmd:description>
                                    <gmd:function>
                                    <gmd:CI_OnLineFunctionCode
                                    codeList="http://www.ngdc.noaa.gov/metadata/published/xsd/schema/resources/Codelist/gmxCodelists.xml#CI_OnLineFunctionCode" codeListValue="download">download</gmd:CI_OnLineFunctionCode>
                                    </gmd:function>
                                </gmd:CI_OnlineResource>
                            </gmd:onLine>
                            <gmd:onLine>
                                <gmd:CI_OnlineResource>
                                    <gmd:linkage>
                                    <gmd:URL>http://ghrsst.jpl.nasa.gov</gmd:URL>
                                    </gmd:linkage>
                                    <gmd:applicationProfile gco:nilReason="missing"/>
                                    <gmd:name>
                                    <gco:CharacterString>Get Data</gco:CharacterString>
                                    </gmd:name>
                                    <gmd:description>
                                    <gco:CharacterString>Portal to the GHRSST Global Data Assembly Center and data access</gco:CharacterString>
                                    </gmd:description>
                                    <gmd:function>
                                    <gmd:CI_OnLineFunctionCode
                                    codeList="http://www.ngdc.noaa.gov/metadata/published/xsd/schema/resources/Codelist/gmxCodelists.xml#CI_OnLineFunctionCode" codeListValue=""/>
                                    </gmd:function>
                                </gmd:CI_OnlineResource>
                            </gmd:onLine>
                            <gmd:onLine>
                                <gmd:CI_OnlineResource>
                                    <gmd:linkage>
                                    <gmd:URL>http://www.ghrsst.org</gmd:URL>
                                    </gmd:linkage>
                                    <gmd:applicationProfile gco:nilReason="missing"/>
                                    <gmd:name>
                                    <gco:CharacterString>Project Home Page</gco:CharacterString>
                                    </gmd:name>
                                    <gmd:description>
                                    <gco:CharacterString>GHRSST Project homepage</gco:CharacterString>
                                    </gmd:description>
                                    <gmd:function>
                                    <gmd:CI_OnLineFunctionCode
                                    codeList="http://www.ngdc.noaa.gov/metadata/published/xsd/schema/resources/Codelist/gmxCodelists.xml#CI_OnLineFunctionCode" codeListValue="information">information</gmd:CI_OnLineFunctionCode>
                                    </gmd:function>
                                </gmd:CI_OnlineResource>
                            </gmd:onLine>
                            <gmd:onLine>
                                <gmd:CI_OnlineResource>
                                    <gmd:linkage>
                                    <gmd:URL>http://www.remss.com</gmd:URL>
                                    </gmd:linkage>
                                    <gmd:applicationProfile gco:nilReason="missing"/>
                                    <gmd:name>
                                    <gco:CharacterString>Calibration/validation data</gco:CharacterString>
                                    </gmd:name>
                                    <gmd:description>
                                    <gco:CharacterString>AMSR-E calibration description</gco:CharacterString>
                                    </gmd:description>
                                    <gmd:function>
                                    <gmd:CI_OnLineFunctionCode
                                    codeList="http://www.ngdc.noaa.gov/metadata/published/xsd/schema/resources/Codelist/gmxCodelists.xml#CI_OnLineFunctionCode" codeListValue="information">information</gmd:CI_OnLineFunctionCode>
                                    </gmd:function>
                                </gmd:CI_OnlineResource>
                            </gmd:onLine>
                            <gmd:onLine>
                                <gmd:CI_OnlineResource>
                                    <gmd:linkage>
                                    <gmd:URL>http://aqua.nasa.gov/</gmd:URL>
                                    </gmd:linkage>
                                    <gmd:applicationProfile gco:nilReason="missing"/>
                                    <gmd:name>
                                    <gco:CharacterString>Project Home Page</gco:CharacterString>
                                    </gmd:name>
                                    <gmd:description>
                                    <gco:CharacterString>Full details of the AQUA mission</gco:CharacterString>
                                    </gmd:description>
                                    <gmd:function>
                                    <gmd:CI_OnLineFunctionCode
                                    codeList="http://www.ngdc.noaa.gov/metadata/published/xsd/schema/resources/Codelist/gmxCodelists.xml#CI_OnLineFunctionCode" codeListValue="information">information</gmd:CI_OnLineFunctionCode>
                                    </gmd:function>
                                </gmd:CI_OnlineResource>
                            </gmd:onLine>
                            <gmd:onLine>
                                <gmd:CI_OnlineResource>
                                    <gmd:linkage>
                                    <gmd:URL>http://www.remss.com</gmd:URL>
                                    </gmd:linkage>
                                    <gmd:applicationProfile gco:nilReason="missing"/>
                                    <gmd:name>
                                    <gco:CharacterString>Reference Materials</gco:CharacterString>
                                    </gmd:name>
                                    <gmd:description>
                                    <gco:CharacterString>AMSR-E SSTs: algorithm description, browsing of data, and ftp of data</gco:CharacterString>
                                    </gmd:description>
                                    <gmd:function>
                                    <gmd:CI_OnLineFunctionCode
                                    codeList="http://www.ngdc.noaa.gov/metadata/published/xsd/schema/resources/Codelist/gmxCodelists.xml#CI_OnLineFunctionCode" codeListValue="information">information</gmd:CI_OnLineFunctionCode>
                                    </gmd:function>
                                </gmd:CI_OnlineResource>
                            </gmd:onLine>
                            <gmd:onLine>
                                <gmd:CI_OnlineResource>
                                    <gmd:linkage>
                                    <gmd:URL>/data/export/web/thumbnails</gmd:URL>
                                    </gmd:linkage>
                                    <gmd:applicationProfile gco:nilReason="missing"/>
                                    <gmd:name>
                                    <gco:CharacterString>Thumbnail</gco:CharacterString>
                                    </gmd:name>
                                    <gmd:description>
                                    <gco:CharacterString>Thumbnail image for Website</gco:CharacterString>
                                    </gmd:description>
                                    <gmd:function>
                                    <gmd:CI_OnLineFunctionCode
                                    codeList="http://www.ngdc.noaa.gov/metadata/published/xsd/schema/resources/Codelist/gmxCodelists.xml#CI_OnLineFunctionCode" codeListValue="information">information</gmd:CI_OnLineFunctionCode>
                                    </gmd:function>
                                </gmd:CI_OnlineResource>
                            </gmd:onLine>
                        </gmd:MD_DigitalTransferOptions>
                    </gmd:distributorTransferOptions>
                </gmd:MD_Distributor>
            </gmd:distributor>
        </gmd:MD_Distribution>
    </gmd:distributionInfo>
    <gmd:dataQualityInfo>
        <gmd:DQ_DataQuality>
            <gmd:scope>
                <gmd:DQ_Scope>
                    <gmd:level>
                        <gmd:MD_ScopeCode
                            codeList="http://www.ngdc.noaa.gov/metadata/published/xsd/schema/resources/Codelist/gmxCodelists.xml#MD_ScopeCode" codeListValue="series">series</gmd:MD_ScopeCode>
                    </gmd:level>
                </gmd:DQ_Scope>
            </gmd:scope>
            <gmd:lineage>
                <gmd:LI_Lineage>
                    <gmd:processStep>
                        <gmi:LE_ProcessStep>
                            <gmd:description gco:nilReason="unknown"/>
                            <gmd:processor>
                                <gmd:CI_ResponsibleParty>
                                    <gmd:organisationName>
                                    <gco:CharacterString>Remote Sensing System</gco:CharacterString>
                                    </gmd:organisationName>
                                    <gmd:role>
                                    <gmd:CI_RoleCode
                                    codeList="http://www.ngdc.noaa.gov/metadata/published/xsd/schema/resources/Codelist/gmxCodelists.xml#CI_RoleCode" codeListValue="processor">processor</gmd:CI_RoleCode>
                                    </gmd:role>
                                </gmd:CI_ResponsibleParty>
                            </gmd:processor>
                        </gmi:LE_ProcessStep>
                    </gmd:processStep>
                </gmd:LI_Lineage>
            </gmd:lineage>
        </gmd:DQ_DataQuality>
    </gmd:dataQualityInfo>
    <gmd:metadataMaintenance>
        <gmd:MD_MaintenanceInformation>
            <gmd:maintenanceAndUpdateFrequency>
                <gmd:MD_MaintenanceFrequencyCode
                    codeList="http://www.ngdc.noaa.gov/metadata/published/xsd/schema/resources/Codelist/gmxCodelists.xml#MD_MaintenanceFrequencyCode" codeListValue="irregular">irregular</gmd:MD_MaintenanceFrequencyCode>
            </gmd:maintenanceAndUpdateFrequency>
        </gmd:MD_MaintenanceInformation>
    </gmd:metadataMaintenance>
    <gmi:acquisitionInformation>
        <gmi:MI_AcquisitionInformation>
            <gmi:instrument>
                <eos:EOS_Instrument id="d8928e88">
                    <gmi:citation>
                        <gmd:CI_Citation>
                            <gmd:title>
                                <gco:CharacterString>AMSR-E &gt; Advanced Microwave Scanning Radiometer-EOS</gco:CharacterString>
                            </gmd:title>
                            <gmd:date gco:nilReason="unknown"/>
                        </gmd:CI_Citation>
                    </gmi:citation>
                    <gmi:identifier>
                        <gmd:MD_Identifier>
                            <gmd:code>
                                <gco:CharacterString>AMSR-E</gco:CharacterString>
                            </gmd:code>
                            <gmd:description>
                                <gco:CharacterString>Advanced Microwave Scanning Radiometer-EOS</gco:CharacterString>
                            </gmd:description>
                        </gmd:MD_Identifier>
                    </gmi:identifier>
                    <gmi:type>
                        <gco:CharacterString/>
                    </gmi:type>
                    <gmi:description gco:nilReason="missing"/>
                    <gmi:mountedOn xlink:href="#d8928e79"/>
                    <eos:sensor>
                        <eos:EOS_Sensor id="d8928e95">
                            <eos:citation>
                                <gmd:CI_Citation>
                                    <gmd:title>
                                    <gco:CharacterString>AMSR-E&gt;Advanced Microwave Scanning Radiometer-EOS</gco:CharacterString>
                                    </gmd:title>
                                    <gmd:date gco:nilReason="unknown"/>
                                </gmd:CI_Citation>
                            </eos:citation>
                            <eos:identifier>
                                <gmd:MD_Identifier>
                                    <gmd:code>
                                    <gco:CharacterString>AMSR-E</gco:CharacterString>
                                    </gmd:code>
                                    <gmd:description>
                                    <gco:CharacterString>Advanced Microwave Scanning Radiometer-EOS</gco:CharacterString>
                                    </gmd:description>
                                </gmd:MD_Identifier>
                            </eos:identifier>
                            <eos:type gco:nilReason="missing"/>
                            <eos:mountedOn xlink:href="#d8928e88"/>
                        </eos:EOS_Sensor>
                    </eos:sensor>
                </eos:EOS_Instrument>
            </gmi:instrument>
            <gmi:platform>
                <eos:EOS_Platform id="d8928e79">
                    <gmi:identifier>
                        <gmd:MD_Identifier>
                            <gmd:code>
                                <gco:CharacterString>AQUA</gco:CharacterString>
                            </gmd:code>
                            <gmd:description>
                                <gco:CharacterString>AQUA</gco:CharacterString>
                            </gmd:description>
                        </gmd:MD_Identifier>
                    </gmi:identifier>
                    <gmi:description>
                        <gco:CharacterString>SPACECRAFT</gco:CharacterString>
                    </gmi:description>
                    <gmi:instrument xlink:href="#d8928e88"/>
                </eos:EOS_Platform>
            </gmi:platform>
        </gmi:MI_AcquisitionInformation>
    </gmi:acquisitionInformation>
</gmi:MI_Metadata>
