<?xml version="1.0" encoding="utf-8" ?><gmi:MI_Metadata
  xmlns:xsi="http://www.w3.org/2001/XMLSchema-instance"
  xmlns:gco="http://www.isotc211.org/2005/gco"
  xmlns:gfc="http://www.isotc211.org/2005/gfc"
  xmlns:gmd="http://www.isotc211.org/2005/gmd"
  xmlns:xlink="http://www.w3.org/1999/xlink"
  xmlns:srv="http://www.isotc211.org/2005/srv"
  xmlns:gml="http://www.opengis.net/gml/3.2"
  xmlns:gsr="http://www.isotc211.org/2005/gsr"
  xmlns:gss="http://www.isotc211.org/2005/gss"
  xmlns:gts="http://www.isotc211.org/2005/gts"
  xmlns:gmi="http://www.isotc211.org/2005/gmi"
  xmlns:gmx="http://www.isotc211.org/2005/gmx"
  xsi:schemaLocation="http://www.isotc211.org/2005/gmi http://www.ngdc.noaa.gov/metadata/published/xsd/schema.xsd">
  <gmd:fileIdentifier>
    <gco:CharacterString>http://lod.bco-dmo.org/id/dataset/3486</gco:CharacterString>
  </gmd:fileIdentifier>
  <gmd:language>
    <gco:CharacterString>eng; USA</gco:CharacterString>
  </gmd:language>
  <gmd:characterSet>
    <gmd:MD_CharacterSetCode codeList="http://www.isotc211.org/2005/resources/Codelist/gmxCodelists.xml#MD_CharacterSetCode" codeListValue="utf8">utf8</gmd:MD_CharacterSetCode>
  </gmd:characterSet>
  <gmd:hierarchyLevel>
    <gmd:MD_ScopeCode codeList="http://www.isotc211.org/2005/resources/Codelist/gmxCodelists.xml#MD_ScopeCode" codeListValue="dataset" codeSpace="005">dataset</gmd:MD_ScopeCode>
  </gmd:hierarchyLevel>
  <gmd:hierarchyLevelName>
    <gco:CharacterString>Highest level of data collection, from a common set of sensors or instrumentation, usually within the same research project</gco:CharacterString>
  </gmd:hierarchyLevelName>
  <gmd:contact>
    <gmd:CI_ResponsibleParty>
  <gmd:organisationName>
    <gmx:Anchor xlink:href="http://lod.bco-dmo.org/id/affiliation/191.rdf" xlink:actuate="onRequest">Biological and Chemical Oceanography Data Management Office (BCO-DMO)</gmx:Anchor>
  </gmd:organisationName>
  <gmd:contactInfo>
    <gmd:CI_Contact>
		  <gmd:phone>
		    <gmd:CI_Telephone>
				  <gmd:voice>
				    <gco:CharacterString>Unavailable</gco:CharacterString>
				  </gmd:voice>
				  <gmd:facsimile>
				    <gco:CharacterString>508-289-2009</gco:CharacterString>
				  </gmd:facsimile>
				</gmd:CI_Telephone>
		  </gmd:phone>
		  <gmd:address>
		    <gmd:CI_Address>
				  <gmd:deliveryPoint>
				    <gco:CharacterString>WHOI MS#36</gco:CharacterString>
				  </gmd:deliveryPoint>
				  <gmd:city>
				    <gco:CharacterString>Woods Hole</gco:CharacterString>
				  </gmd:city>
				  <gmd:administrativeArea>
				    <gco:CharacterString>MA</gco:CharacterString>
				  </gmd:administrativeArea>
				  <gmd:postalCode>
				    <gco:CharacterString>02543</gco:CharacterString>
				  </gmd:postalCode>
				  <gmd:country>
				    <gco:CharacterString>USA</gco:CharacterString>
				  </gmd:country>
				  <gmd:electronicMailAddress>
				    <gco:CharacterString>info@bco-dmo.org</gco:CharacterString>
				  </gmd:electronicMailAddress>
		    </gmd:CI_Address>
		  </gmd:address>
      <gmd:onlineResource>
          <gmd:CI_OnlineResource>
            <gmd:linkage>
              <gmd:URL>http://www.bco-dmo.org</gmd:URL>
            </gmd:linkage>
          </gmd:CI_OnlineResource>
        </gmd:onlineResource>
		  <gmd:hoursOfService>
        <gco:CharacterString>Monday - Friday 8:00am - 5:00pm</gco:CharacterString>
      </gmd:hoursOfService>
		  <gmd:contactInstructions>
		    <gco:CharacterString>For questions regarding this resource, please contact BCO-DMO via the email address provided.</gco:CharacterString>
		  </gmd:contactInstructions>
		</gmd:CI_Contact>
  </gmd:contactInfo>
  <gmd:role>
    <gmd:CI_RoleCode codeList="http://www.isotc211.org/2005/resources/Codelist/gmxCodelists.xml#CI_RoleCode" codeListValue="pointOfContact" codeSpace="007">pointOfContact</gmd:CI_RoleCode>
  </gmd:role>
</gmd:CI_ResponsibleParty>
  </gmd:contact>
  <gmd:dateStamp>
    <gco:Date>2011-06-02</gco:Date>
  </gmd:dateStamp>
  <gmd:metadataStandardName>
    <gco:CharacterString>ISO 19115-2 Geographic Information - Metadata - Part 2: Extensions for Imagery and Gridded Data</gco:CharacterString>
  </gmd:metadataStandardName>
  <gmd:metadataStandardVersion>
    <gco:CharacterString>ISO 19115-2:2009(E)</gco:CharacterString>
  </gmd:metadataStandardVersion>
  <gmd:referenceSystemInfo xlink:href="https://www.ngdc.noaa.gov/docucomp/895cc120-95ed-11e0-aa80-0800200c9a66" xlink:title="WGS 84 / World Mercator"/>
  <gmd:identificationInfo>
    <gmd:MD_DataIdentification>
      <gmd:citation>
        <gmd:CI_Citation>
          <gmd:title>
            <gmx:Anchor xlink:href="http://lod.bco-dmo.org/id/dataset/3486.rdf" xlink:actuate="onRequest">GT10 - CTD and PUMP - Cast Events from the U.S. GEOTRACES NAT project of the U.S. GEOTRACES program</gmx:Anchor>
          </gmd:title>
          <gmd:date>
            <gmd:CI_Date>
              <gmd:date>
                <gco:Date>2011-07-25</gco:Date>
              </gmd:date>
              <gmd:dateType>
                <gmd:CI_DateTypeCode codeList="http://www.isotc211.org/2005/resources/Codelist/gmxCodelists.xml#CI_DateTypeCode" codeListValue="publication" codeSpace="002">publication</gmd:CI_DateTypeCode>
              </gmd:dateType>
            </gmd:CI_Date>
          </gmd:date>
          <gmd:citedResponsibleParty>
           <gmd:CI_ResponsibleParty>
              <gmd:individualName>
                <gmx:Anchor xlink:href="http://lod.bco-dmo.org/id/person/50745.rdf" xlink:actuate="onRequest">Dr William  J. Jenkins</gmx:Anchor>
              </gmd:individualName>
              <gmd:organisationName>
                <gmx:Anchor xlink:href="http://lod.bco-dmo.org/id/affiliation/2.rdf" xlink:actuate="onRequest">Woods Hole Oceanographic Institution</gmx:Anchor>
              </gmd:organisationName>
              <gmd:positionName>
               <gco:CharacterString></gco:CharacterString>
              </gmd:positionName>
              <gmd:role>
                <gmd:CI_RoleCode codeList="http://www.isotc211.org/2005/resources/Codelist/gmxCodelists.xml#CI_RoleCode" codeListValue="principalInvestigator" codeSpace="008">principalInvestigator</gmd:CI_RoleCode>
              </gmd:role>
            </gmd:CI_ResponsibleParty>
          </gmd:citedResponsibleParty>
          <gmd:presentationForm>
            <gmd:CI_PresentationFormCode codeList="http://www.isotc211.org/2005/resources/Codelist/gmxCodelists.xml#CI_PresentationFormCode" codeListValue="documentDigital">documentDigital</gmd:CI_PresentationFormCode>
          </gmd:presentationForm>
          </gmd:CI_Citation>
      </gmd:citation>
      <gmd:abstract>
        <gco:CharacterString>CTD and PUMP - Cast Events Dataset Description: &amp;lt;p&amp;gt;Table of CTD and PUMP Cast Events for KN199-04&amp;lt;br /&amp;gt;Summary of activity at each cast event - station. cast, event, type, date, time, Start, Mid, End, etc&amp;lt;br /&amp;gt;&amp;lt;br /&amp;gt;&amp;lt;b&amp;gt;NOTE:&amp;lt;/b&amp;gt; No Cast Events maintained for KN199-05.&amp;lt;/p&amp;gt; Acquisition Description: &amp;lt;p&amp;gt;(none)&amp;lt;/p&amp;gt;</gco:CharacterString>
      </gmd:abstract>
      <gmd:credit>
        <gmx:Anchor xlink:href="http://lod.bco-dmo.org/id/award/54753.rdf" xlink:title="OCE-0926423" xlink:actuate="onRequest">Funding provided by NSF Ocean Sciences (NSF OCE) Award Number: OCE-0926423 Award URL: http://www.nsf.gov/awardsearch/showAward.do?AwardNumber=0926423</gmx:Anchor>
      </gmd:credit>
        <gmd:credit>
        <gmx:Anchor xlink:href="http://lod.bco-dmo.org/id/award/54938.rdf" xlink:title="OCE-0926092" xlink:actuate="onRequest">Funding provided by NSF Ocean Sciences (NSF OCE) Award Number: OCE-0926092 Award URL: http://www.nsf.gov/awardsearch/showAward.do?AwardNumber=0926092</gmx:Anchor>
      </gmd:credit>
        <gmd:status>
        <gmd:MD_ProgressCode codeList="http://www.isotc211.org/2005/resources/Codelist/gmxCodelists.xml#MD_ProgressCode" codeListValue="completed">completed</gmd:MD_ProgressCode>
      </gmd:status>
      <gmd:pointOfContact>
        <gmd:CI_ResponsibleParty>
          <gmd:individualName>
            <gmx:Anchor xlink:href="http://lod.bco-dmo.org/id/person/50745.rdf" xlink:actuate="onRequest">Dr William  J. Jenkins</gmx:Anchor>
          </gmd:individualName>
          <gmd:organisationName>
            <gmx:Anchor xlink:href="http://lod.bco-dmo.org/id/affiliation/2.rdf" xlink:actuate="onRequest">Woods Hole Oceanographic Institution</gmx:Anchor>
          </gmd:organisationName>
          <gmd:contactInfo>
            <gmd:CI_Contact>
            <gmd:phone>
                <gmd:CI_Telephone>
                  <gmd:voice>
                    <gco:CharacterString>(508) 289-2554</gco:CharacterString>
                  </gmd:voice>
                </gmd:CI_Telephone>
              </gmd:phone>
            <gmd:address>
                <gmd:CI_Address>
                                  <gmd:deliveryPoint>
                    <gco:CharacterString>MS 25</gco:CharacterString>
                  </gmd:deliveryPoint>
                                  <gmd:city>
                    <gco:CharacterString>Woods Hole</gco:CharacterString>
                  </gmd:city>                  <gmd:administrativeArea>
                    <gco:CharacterString>MA</gco:CharacterString>
                  </gmd:administrativeArea>                  <gmd:postalCode>
                    <gco:CharacterString>02543</gco:CharacterString>
                  </gmd:postalCode>                  <gmd:country>
                    <gco:CharacterString>USA</gco:CharacterString>
                  </gmd:country>                  <gmd:electronicMailAddress>
                    <gco:CharacterString>wjenkins@whoi.edu</gco:CharacterString>
                  </gmd:electronicMailAddress>
                </gmd:CI_Address>
              </gmd:address>
            </gmd:CI_Contact>
          </gmd:contactInfo>
          <gmd:role>
            <gmd:CI_RoleCode codeList="http://www.isotc211.org/2005/resources/Codelist/gmxCodelists.xml#CI_RoleCode" codeListValue="pointOfContact" codeSpace="007">pointOfContact</gmd:CI_RoleCode>
          </gmd:role>
        </gmd:CI_ResponsibleParty>
      </gmd:pointOfContact>
            <gmd:resourceMaintenance>
        <gmd:MD_MaintenanceInformation>
          <gmd:maintenanceAndUpdateFrequency>
            <gmd:MD_MaintenanceFrequencyCode codeList="http://www.isotc211.org/2005/resources/Codelist/gmxCodelists.xml#MD_MaintenanceFrequencyCode" codeListValue="asNeeded" codeSpace="009">asNeeded</gmd:MD_MaintenanceFrequencyCode>
          </gmd:maintenanceAndUpdateFrequency>
          <gmd:maintenanceNote>
            <gco:CharacterString>Dataset Version: 25 July 2011</gco:CharacterString>
          </gmd:maintenanceNote>
          </gmd:MD_MaintenanceInformation>
      </gmd:resourceMaintenance>
            <gmd:descriptiveKeywords>
        <gmd:MD_Keywords>
                <gmd:keyword>
          <gmx:Anchor xlink:href="http://lod.bco-dmo.org/id/dataset-parameter/24509.rdf" xlink:title="http://lod.bco-dmo.org/id/parameter/761.rdf" xlink:actuate="onRequest">cast</gmx:Anchor>
        </gmd:keyword>
                <gmd:keyword>
          <gmx:Anchor xlink:href="http://lod.bco-dmo.org/id/dataset-parameter/24510.rdf" xlink:title="http://lod.bco-dmo.org/id/parameter/864.rdf" xlink:actuate="onRequest">instrument</gmx:Anchor>
        </gmd:keyword>
                <gmd:keyword>
          <gmx:Anchor xlink:href="http://lod.bco-dmo.org/id/dataset-parameter/24511.rdf" xlink:title="http://lod.bco-dmo.org/id/parameter/829.rdf" xlink:actuate="onRequest">event</gmx:Anchor>
        </gmd:keyword>
                <gmd:keyword>
          <gmx:Anchor xlink:href="http://lod.bco-dmo.org/id/dataset-parameter/24512.rdf" xlink:title="http://lod.bco-dmo.org/id/parameter/1130.rdf" xlink:actuate="onRequest">activity_and_comments</gmx:Anchor>
        </gmd:keyword>
                <gmd:keyword>
          <gmx:Anchor xlink:href="http://lod.bco-dmo.org/id/dataset-parameter/24513.rdf" xlink:title="http://lod.bco-dmo.org/id/parameter/1070.rdf" xlink:actuate="onRequest">date</gmx:Anchor>
        </gmd:keyword>
                <gmd:keyword>
          <gmx:Anchor xlink:href="http://lod.bco-dmo.org/id/dataset-parameter/24514.rdf" xlink:title="http://lod.bco-dmo.org/id/parameter/1075.rdf" xlink:actuate="onRequest">time</gmx:Anchor>
        </gmd:keyword>
                <gmd:keyword>
          <gmx:Anchor xlink:href="http://lod.bco-dmo.org/id/dataset-parameter/24515.rdf" xlink:title="http://lod.bco-dmo.org/id/parameter/730.rdf" xlink:actuate="onRequest">latitude</gmx:Anchor>
        </gmd:keyword>
                <gmd:keyword>
          <gmx:Anchor xlink:href="http://lod.bco-dmo.org/id/dataset-parameter/24516.rdf" xlink:title="http://lod.bco-dmo.org/id/parameter/731.rdf" xlink:actuate="onRequest">longitude</gmx:Anchor>
        </gmd:keyword>
                <gmd:keyword>
          <gmx:Anchor xlink:href="http://lod.bco-dmo.org/id/dataset-parameter/24517.rdf" xlink:title="http://lod.bco-dmo.org/id/parameter/1084.rdf" xlink:actuate="onRequest">sog</gmx:Anchor>
        </gmd:keyword>
                <gmd:keyword>
          <gmx:Anchor xlink:href="http://lod.bco-dmo.org/id/dataset-parameter/24518.rdf" xlink:title="http://lod.bco-dmo.org/id/parameter/1732.rdf" xlink:actuate="onRequest">cog</gmx:Anchor>
        </gmd:keyword>
                <gmd:keyword>
          <gmx:Anchor xlink:href="http://lod.bco-dmo.org/id/dataset-parameter/24519.rdf" xlink:title="http://lod.bco-dmo.org/id/parameter/808.rdf" xlink:actuate="onRequest">depth</gmx:Anchor>
        </gmd:keyword>
                <gmd:keyword>
          <gmx:Anchor xlink:href="http://lod.bco-dmo.org/id/dataset-parameter/24520.rdf" xlink:title="http://lod.bco-dmo.org/id/parameter/808.rdf" xlink:actuate="onRequest">depth</gmx:Anchor>
        </gmd:keyword>
                <gmd:keyword>
          <gmx:Anchor xlink:href="http://lod.bco-dmo.org/id/dataset-parameter/24521.rdf" xlink:title="http://lod.bco-dmo.org/id/parameter/1755.rdf" xlink:actuate="onRequest">wire_out</gmx:Anchor>
        </gmd:keyword>
                <gmd:keyword>
          <gmx:Anchor xlink:href="http://lod.bco-dmo.org/id/dataset-parameter/24522.rdf" xlink:title="http://lod.bco-dmo.org/id/parameter/732.rdf" xlink:actuate="onRequest">pressure</gmx:Anchor>
        </gmd:keyword>
                <gmd:keyword>
          <gmx:Anchor xlink:href="http://lod.bco-dmo.org/id/dataset-parameter/24523.rdf" xlink:title="http://lod.bco-dmo.org/id/parameter/1838.rdf" xlink:actuate="onRequest">time_elapsed</gmx:Anchor>
        </gmd:keyword>
                <gmd:keyword>
          <gmx:Anchor xlink:href="http://lod.bco-dmo.org/id/dataset-parameter/33214.rdf" xlink:title="http://lod.bco-dmo.org/id/parameter/1908.rdf" xlink:actuate="onRequest">ISO_DateTime_UTC</gmx:Anchor>
        </gmd:keyword>
        <gmd:type>
            <gmd:MD_KeywordTypeCode codeList="http://www.isotc211.org/2005/resources/Codelist/gmxCodelists.xml#MD_KeywordTypeCode" codeListValue="theme" codeSpace="005">theme</gmd:MD_KeywordTypeCode>
          </gmd:type>
          <gmd:thesaurusName>
            <gmd:CI_Citation>
              <gmd:title>
                <gco:CharacterString>None, User defined</gco:CharacterString>
              </gmd:title>
              <gmd:date gco:nilReason="unknown"/>
            </gmd:CI_Citation>
          </gmd:thesaurusName>
        </gmd:MD_Keywords>
      </gmd:descriptiveKeywords>
            <gmd:descriptiveKeywords>
        <gmd:MD_Keywords>
                <gmd:keyword>
          <gmx:Anchor xlink:href="http://lod.bco-dmo.org/id/parameter/761.rdf" xlink:title="Parameter" xlink:actuate="onRequest">cast</gmx:Anchor>
        </gmd:keyword>
                <gmd:keyword>
          <gmx:Anchor xlink:href="http://lod.bco-dmo.org/id/parameter/864.rdf" xlink:title="Parameter" xlink:actuate="onRequest">instrument</gmx:Anchor>
        </gmd:keyword>
                <gmd:keyword>
          <gmx:Anchor xlink:href="http://lod.bco-dmo.org/id/parameter/829.rdf" xlink:title="Parameter" xlink:actuate="onRequest">event</gmx:Anchor>
        </gmd:keyword>
                <gmd:keyword>
          <gmx:Anchor xlink:href="http://lod.bco-dmo.org/id/parameter/1130.rdf" xlink:title="Parameter" xlink:actuate="onRequest">activity and comments</gmx:Anchor>
        </gmd:keyword>
                <gmd:keyword>
          <gmx:Anchor xlink:href="http://lod.bco-dmo.org/id/parameter/1070.rdf" xlink:title="Parameter" xlink:actuate="onRequest">date</gmx:Anchor>
        </gmd:keyword>
                <gmd:keyword>
          <gmx:Anchor xlink:href="http://lod.bco-dmo.org/id/parameter/1075.rdf" xlink:title="Parameter" xlink:actuate="onRequest">time of day</gmx:Anchor>
        </gmd:keyword>
                <gmd:keyword>
          <gmx:Anchor xlink:href="http://lod.bco-dmo.org/id/parameter/730.rdf" xlink:title="Parameter" xlink:actuate="onRequest">latitude</gmx:Anchor>
        </gmd:keyword>
                <gmd:keyword>
          <gmx:Anchor xlink:href="http://lod.bco-dmo.org/id/parameter/731.rdf" xlink:title="Parameter" xlink:actuate="onRequest">longitude</gmx:Anchor>
        </gmd:keyword>
                <gmd:keyword>
          <gmx:Anchor xlink:href="http://lod.bco-dmo.org/id/parameter/1084.rdf" xlink:title="Parameter" xlink:actuate="onRequest">Speed over ground</gmx:Anchor>
        </gmd:keyword>
                <gmd:keyword>
          <gmx:Anchor xlink:href="http://lod.bco-dmo.org/id/parameter/1732.rdf" xlink:title="Parameter" xlink:actuate="onRequest">course over ground</gmx:Anchor>
        </gmd:keyword>
                <gmd:keyword>
          <gmx:Anchor xlink:href="http://lod.bco-dmo.org/id/parameter/808.rdf" xlink:title="Parameter" xlink:actuate="onRequest">depth</gmx:Anchor>
        </gmd:keyword>
                <gmd:keyword>
          <gmx:Anchor xlink:href="http://lod.bco-dmo.org/id/parameter/1755.rdf" xlink:title="Parameter" xlink:actuate="onRequest">wire out</gmx:Anchor>
        </gmd:keyword>
                <gmd:keyword>
          <gmx:Anchor xlink:href="http://lod.bco-dmo.org/id/parameter/732.rdf" xlink:title="Parameter" xlink:actuate="onRequest">water pressure</gmx:Anchor>
        </gmd:keyword>
                <gmd:keyword>
          <gmx:Anchor xlink:href="http://lod.bco-dmo.org/id/parameter/1838.rdf" xlink:title="Parameter" xlink:actuate="onRequest">time_elapsed</gmx:Anchor>
        </gmd:keyword>
                <gmd:keyword>
          <gmx:Anchor xlink:href="http://lod.bco-dmo.org/id/parameter/1908.rdf" xlink:title="Parameter" xlink:actuate="onRequest">ISO_DateTime_UTC</gmx:Anchor>
        </gmd:keyword>
        <gmd:type>
            <gmd:MD_KeywordTypeCode codeList="http://www.isotc211.org/2005/resources/Codelist/gmxCodelists.xml#MD_KeywordTypeCode" codeListValue="featureType">featureType</gmd:MD_KeywordTypeCode>
          </gmd:type>
          <gmd:thesaurusName>
            <gmd:CI_Citation>
              <gmd:title>
                <gco:CharacterString>BCO-DMO Standard Parameters</gco:CharacterString>
              </gmd:title>
              <gmd:date gco:nilReason="unknown"/>
            </gmd:CI_Citation>
          </gmd:thesaurusName>
        </gmd:MD_Keywords>
      </gmd:descriptiveKeywords>
            <gmd:descriptiveKeywords>
        <gmd:MD_Keywords>
                <gmd:keyword>
          <gmx:Anchor xlink:href="http://lod.bco-dmo.org/id/deployment/58066.rdf" xlink:title="Cruise" xlink:actuate="onRequest">KN199-04</gmx:Anchor>
        </gmd:keyword>
        <gmd:type>
            <gmd:MD_KeywordTypeCode codeList="http://www.ngdc.noaa.gov/metadata/published/xsd/schema/resources/Codelist/gmxCodelists.xml#MD_KeywordTypeCode" codeListValue="service">service</gmd:MD_KeywordTypeCode>
          </gmd:type>
          <gmd:thesaurusName>
            <gmd:CI_Citation>
              <gmd:title>
                <gco:CharacterString>Deployment Activity</gco:CharacterString>
              </gmd:title>
              <gmd:date gco:nilReason="unknown"/>
            </gmd:CI_Citation>
          </gmd:thesaurusName>
        </gmd:MD_Keywords>
      </gmd:descriptiveKeywords>
            <gmd:descriptiveKeywords>
        <gmd:MD_Keywords>
        <gmd:keyword>
            <gmx:Anchor xlink:href="http://lod.bco-dmo.org/id/deployment/58066.rdf" xlink:title="Deployment Location" xlink:actuate="onRequest">Subtropical northern Atlantic Ocean</gmx:Anchor>
          </gmd:keyword>
          <gmd:type>
            <gmd:MD_KeywordTypeCode codeList="http://www.isotc211.org/2005/resources/Codelist/gmxCodelists.xml#MD_KeywordTypeCode" codeListValue="place" codeSpace="002">place</gmd:MD_KeywordTypeCode>
          </gmd:type>
          <gmd:thesaurusName>
            <gmd:CI_Citation>
              <gmd:title>
                <gco:CharacterString>Locations</gco:CharacterString>
              </gmd:title>
              <gmd:date gco:nilReason="unknown"/>
            </gmd:CI_Citation>
          </gmd:thesaurusName>
        </gmd:MD_Keywords>
      </gmd:descriptiveKeywords>
      <gmd:resourceConstraints>
        <gmd:MD_LegalConstraints>
          <gmd:accessConstraints>
            <gmd:MD_RestrictionCode codeList="http://www.isotc211.org/2005/resources/Codelist/gmxCodelists.xml#MD_RestrictionCode" codeListValue="otherRestrictions" codeSpace="008">otherRestrictions</gmd:MD_RestrictionCode>
          </gmd:accessConstraints>
          <gmd:useConstraints>
            <gmd:MD_RestrictionCode codeList="http://www.isotc211.org/2005/resources/Codelist/gmxCodelists.xml#MD_RestrictionCode" codeListValue="otherRestrictions" codeSpace="008">otherRestrictions</gmd:MD_RestrictionCode>
          </gmd:useConstraints>
          <gmd:otherConstraints>
            <gco:CharacterString>Access Constraints: none. Use Constraints: Please follow guidelines at: http://www.bco-dmo.org/terms-use Distribution liability: Under no circumstances shall BCO-DMO be liable for any direct, incidental, special, consequential, indirect, or punitive damages that result from the use of, or the inability to use, the materials in this data submission. If you are dissatisfied with any materials in this data submission your sole and exclusive remedy is to discontinue use.</gco:CharacterString>
          </gmd:otherConstraints>
        </gmd:MD_LegalConstraints>
      </gmd:resourceConstraints>
      <gmd:aggregationInfo>
          <gmd:MD_AggregateInformation>
            <gmd:aggregateDataSetName>
              <gmd:CI_Citation>
                <gmd:title>
                  <gmx:Anchor xlink:href="http://lod.bco-dmo.org/id/program/2022.rdf" xlink:title="Program" xlink:actuate="onRequest">U.S. GEOTRACES</gmx:Anchor>
                </gmd:title>
                <gmd:date gco:nilReason="inapplicable"/>
                <gmd:citedResponsibleParty>
                  <gmd:CI_ResponsibleParty>
                    <gmd:contactInfo>
                      <gmd:CI_Contact>
                        <gmd:onlineResource>
                          <gmd:CI_OnlineResource>
                          <gmd:linkage>
                            <gmd:URL>http://www.geotraces.org/</gmd:URL>
                          </gmd:linkage>
                          <gmd:name>
                            <gmx:Anchor xlink:href="http://lod.bco-dmo.org/id/program/2022.rdf" xlink:title="Program Name" xlink:actuate="onRequest">U.S. GEOTRACES</gmx:Anchor>
                          </gmd:name>
                          <gmd:description>
                            <gco:CharacterString>GEOTRACES is a SCOR sponsored program; and funding for program infrastructure development is provided by the U.S. National Science Foundation.GEOTRACES gained momentum following a special symposium, S02: Biogeochemical cycling of trace elements and isotopes in the ocean and applications to constrain contemporary marine processes (GEOSECS II), at a 2003 Goldschmidt meeting convened in Japan. The GEOSECS II acronym referred to the Geochemical Ocean Section Studies To determine full water column distributions of selected trace elements and isotopes, including their concentration, chemical speciation, and physical form, along a sufficient number of sections in each ocean basin to establish the principal relationships between these distributions and with more traditional hydrographic parameters;* To evaluate the sources, sinks, and internal cycling of these species and thereby characterize more completely the physical, chemical and biological processes regulating their distributions, and the sensitivity of these processes to global change; and* To understand the processes that control the concentrations of geochemical species used for proxies of the past environment, both in the water column and in the substrates that reflect the water column.GEOTRACES will be global in scope, consisting of ocean sections complemented by regional process studies. Sections and process studies will combine fieldwork, laboratory experiments and modelling. Beyond realizing the scientific objectives identified above, a natural outcome of this work will be to build a community of marine scientists who understand the processes regulating trace element cycles sufficiently well to exploit this knowledge reliably in future interdisciplinary studies.</gco:CharacterString>
                          </gmd:description>
                          <gmd:function>
                            <gmd:CI_OnLineFunctionCode codeList="http://www.isotc211.org/2005/resources/Codelist/gmxCodelists.xml#CI_OnLineFunctionCode" codeListValue="information"/>
                          </gmd:function>
                      </gmd:CI_OnlineResource>
                    </gmd:onlineResource>
                  </gmd:CI_Contact>
                </gmd:contactInfo>
                <gmd:role/>
              </gmd:CI_ResponsibleParty>
            </gmd:citedResponsibleParty>
          </gmd:CI_Citation>
        </gmd:aggregateDataSetName>
          <gmd:aggregateDataSetIdentifier>
            <gmd:MD_Identifier>
              <gmd:code>
                <gmx:Anchor xlink:href="http://lod.bco-dmo.org/id/program/2022.rdf" xlink:title="Program Acronym" xlink:actuate="onRequest">U.S. GEOTRACES</gmx:Anchor>
              </gmd:code>
            </gmd:MD_Identifier>
          </gmd:aggregateDataSetIdentifier>
          <gmd:associationType>
            <gmd:DS_AssociationTypeCode codeList="http://www.ngdc.noaa.gov/metadata/published/xsd/schema/resources/Codelist/gmxCodelists.xml#DS_AssociationTypeCode" codeListValue="largerWorkCitation">largerWorkCitation</gmd:DS_AssociationTypeCode>
          </gmd:associationType>
          <gmd:initiativeType>
            <gmd:DS_InitiativeTypeCode codeList="http://www.ngdc.noaa.gov/metadata/published/xsd/schema/resources/Codelist/gmxCodelists.xml#DS_InitiativeTypeCode" codeListValue="program">program</gmd:DS_InitiativeTypeCode>
          </gmd:initiativeType>
        </gmd:MD_AggregateInformation>
      </gmd:aggregationInfo><gmd:aggregationInfo>
        <gmd:MD_AggregateInformation>
          <gmd:aggregateDataSetName>
              <gmd:CI_Citation>
                <gmd:title>
                  <gmx:Anchor xlink:href="http://lod.bco-dmo.org/id/project/2066.rdf" xlink:title="Project" xlink:actuate="onRequest">U.S. GEOTRACES North Atlantic Transect</gmx:Anchor>
                </gmd:title>
                <gmd:date gco:nilReason="inapplicable"/>
                <gmd:citedResponsibleParty>
                  <gmd:CI_ResponsibleParty>
                    <gmd:contactInfo>
                      <gmd:CI_Contact>
                        <gmd:onlineResource>
                          <gmd:CI_OnlineResource>
                          <gmd:linkage>
                            <gmd:URL>http://www.geotraces.org/</gmd:URL>
                          </gmd:linkage>
                          <gmd:name>
                            <gmx:Anchor xlink:href="http://lod.bco-dmo.org/id/project/2066.rdf" xlink:title="Project Name" xlink:actuate="onRequest">U.S. GEOTRACES North Atlantic Transect</gmx:Anchor>
                          </gmd:name>
                          <gmd:description>
                            <gco:CharacterString>http://bcodata.whoi.edu/US_GEOTRACES/AtlanticSection/GEOTRACES_Atl_stas.jpg</gco:CharacterString>
                          </gmd:description>
                          <gmd:function>
                            <gmd:CI_OnLineFunctionCode codeList="http://www.isotc211.org/2005/resources/Codelist/gmxCodelists.xml#CI_OnLineFunctionCode" codeListValue="information"/>
                          </gmd:function>
                      </gmd:CI_OnlineResource>
                    </gmd:onlineResource>
                  </gmd:CI_Contact>
                </gmd:contactInfo>
                <gmd:role/>
              </gmd:CI_ResponsibleParty>
            </gmd:citedResponsibleParty>
          </gmd:CI_Citation>
        </gmd:aggregateDataSetName>
          <gmd:aggregateDataSetIdentifier>
            <gmd:MD_Identifier>
              <gmd:code>
                <gmx:Anchor xlink:href="http://lod.bco-dmo.org/id/project/2066.rdf" xlink:title="Project Acronym" xlink:actuate="onRequest">U.S. GEOTRACES NAT</gmx:Anchor>
              </gmd:code>
            </gmd:MD_Identifier>
          </gmd:aggregateDataSetIdentifier>
          <gmd:associationType>
            <gmd:DS_AssociationTypeCode codeList="http://www.ngdc.noaa.gov/metadata/published/xsd/schema/resources/Codelist/gmxCodelists.xml#DS_AssociationTypeCode" codeListValue="largerWorkCitation">largerWorkCitation</gmd:DS_AssociationTypeCode>
          </gmd:associationType>
          <gmd:initiativeType>
            <gmd:DS_InitiativeTypeCode codeList="http://www.ngdc.noaa.gov/metadata/published/xsd/schema/resources/Codelist/gmxCodelists.xml#DS_InitiativeTypeCode" codeListValue="project">project</gmd:DS_InitiativeTypeCode>
          </gmd:initiativeType>
        </gmd:MD_AggregateInformation>
      </gmd:aggregationInfo>
      <gmd:language>
        <gco:CharacterString>eng; USA</gco:CharacterString>
      </gmd:language>
      <gmd:topicCategory>
        <gmd:MD_TopicCategoryCode>oceans</gmd:MD_TopicCategoryCode>
      </gmd:topicCategory>
       <gmd:extent>
        <gmd:EX_Extent id="boundingExtent"><gmd:description>
            <gco:CharacterString>Subtropical northern Atlantic Ocean</gco:CharacterString>
          </gmd:description><gmd:geographicElement>
            <gmd:EX_GeographicBoundingBox id="boundingGeographicBoundingBox">
              <gmd:westBoundLongitude>
                <gco:Decimal>-24.49982</gco:Decimal>
              </gmd:westBoundLongitude>
              <gmd:eastBoundLongitude>
                <gco:Decimal>-9.65956</gco:Decimal>
              </gmd:eastBoundLongitude>
              <gmd:southBoundLatitude>
                <gco:Decimal>17.34886</gco:Decimal>
              </gmd:southBoundLatitude>
              <gmd:northBoundLatitude>
                <gco:Decimal>38.34079</gco:Decimal>
              </gmd:northBoundLatitude>
            </gmd:EX_GeographicBoundingBox>
          </gmd:geographicElement>
        <gmd:temporalElement>
            <gmd:EX_TemporalExtent>
              <gmd:extent>
                <gml:TimeInstant frame="#ISO-8601" gml:id="ID">
                  <gml:timePosition>2011-07-25</gml:timePosition>
                </gml:TimeInstant>
              </gmd:extent>
            </gmd:EX_TemporalExtent>
          </gmd:temporalElement>
          </gmd:EX_Extent>
      </gmd:extent>
    </gmd:MD_DataIdentification>
  </gmd:identificationInfo>
  <gmd:contentInfo>
    <gmd:MD_FeatureCatalogueDescription>
      <gmd:includedWithDataset>
        <gco:Boolean>0</gco:Boolean>
      </gmd:includedWithDataset>
      <gmd:featureCatalogueCitation>
        <gmd:CI_Citation>
          <gmd:title>
            <gco:CharacterString>BCO-DMO catalogue of parameters from GT10 - CTD and PUMP - Cast Events from the U.S. GEOTRACES NAT project of the U.S. GEOTRACES program</gco:CharacterString>
          </gmd:title>
          <gmd:date gco:nilReason="unknown"/>
          <gmd:citedResponsibleParty>
            <gmd:CI_ResponsibleParty>
  <gmd:organisationName>
    <gmx:Anchor xlink:href="http://lod.bco-dmo.org/id/affiliation/191.rdf" xlink:actuate="onRequest">Biological and Chemical Oceanography Data Management Office (BCO-DMO)</gmx:Anchor>
  </gmd:organisationName>
  <gmd:contactInfo>
    <gmd:CI_Contact>
		  <gmd:phone>
		    <gmd:CI_Telephone>
				  <gmd:voice>
				    <gco:CharacterString>Unavailable</gco:CharacterString>
				  </gmd:voice>
				  <gmd:facsimile>
				    <gco:CharacterString>508-289-2009</gco:CharacterString>
				  </gmd:facsimile>
				</gmd:CI_Telephone>
		  </gmd:phone>
		  <gmd:address>
		    <gmd:CI_Address>
				  <gmd:deliveryPoint>
				    <gco:CharacterString>WHOI MS#36</gco:CharacterString>
				  </gmd:deliveryPoint>
				  <gmd:city>
				    <gco:CharacterString>Woods Hole</gco:CharacterString>
				  </gmd:city>
				  <gmd:administrativeArea>
				    <gco:CharacterString>MA</gco:CharacterString>
				  </gmd:administrativeArea>
				  <gmd:postalCode>
				    <gco:CharacterString>02543</gco:CharacterString>
				  </gmd:postalCode>
				  <gmd:country>
				    <gco:CharacterString>USA</gco:CharacterString>
				  </gmd:country>
				  <gmd:electronicMailAddress>
				    <gco:CharacterString>info@bco-dmo.org</gco:CharacterString>
				  </gmd:electronicMailAddress>
		    </gmd:CI_Address>
		  </gmd:address>
      <gmd:onlineResource>
          <gmd:CI_OnlineResource>
            <gmd:linkage>
              <gmd:URL>http://www.bco-dmo.org</gmd:URL>
            </gmd:linkage>
          </gmd:CI_OnlineResource>
        </gmd:onlineResource>
		  <gmd:hoursOfService>
        <gco:CharacterString>Monday - Friday 8:00am - 5:00pm</gco:CharacterString>
      </gmd:hoursOfService>
		  <gmd:contactInstructions>
		    <gco:CharacterString>For questions regarding this resource, please contact BCO-DMO via the email address provided.</gco:CharacterString>
		  </gmd:contactInstructions>
		</gmd:CI_Contact>
  </gmd:contactInfo>
  <gmd:role>
    <gmd:CI_RoleCode codeList="http://www.isotc211.org/2005/resources/Codelist/gmxCodelists.xml#CI_RoleCode" codeListValue="pointOfContact" codeSpace="007">pointOfContact</gmd:CI_RoleCode>
  </gmd:role>
</gmd:CI_ResponsibleParty>
          </gmd:citedResponsibleParty>
          <gmd:otherCitationDetails>
            <gco:CharacterString>
            http://lod.bco-dmo.org/id/dataset-parameter/24509.rdf
	Name: cast
	Units: text
	Description: Cast Id 
http://lod.bco-dmo.org/id/dataset-parameter/24510.rdf
	Name: type
	Units: text
	Description: Cast Type 
http://lod.bco-dmo.org/id/dataset-parameter/24511.rdf
	Name: event_GEOTRC
	Units: integer
	Description: Unique identifying number for US GEOTRACES sampling events; ranges from 2001 to 2225 for KN199-04 events and from 3001 to 3282 for KN204-01 events. Originally submitted as 'Event', this parameter name has been changed to conform to BCO-DMO's GEOTRACES naming conventions. 
http://lod.bco-dmo.org/id/dataset-parameter/24512.rdf
	Name: activity
	Units: text
	Description: Activity during cast 
http://lod.bco-dmo.org/id/dataset-parameter/24513.rdf
	Name: date
	Units: YYYYMMDD
	Description: Date (GMT) 
http://lod.bco-dmo.org/id/dataset-parameter/24514.rdf
	Name: time
	Units: HHMMSS
	Description: time (GMT) 
http://lod.bco-dmo.org/id/dataset-parameter/24515.rdf
	Name: lat
	Units: decimal degrees
	Description: Latitude (South is negative) 
http://lod.bco-dmo.org/id/dataset-parameter/24516.rdf
	Name: lon
	Units: decimal degrees
	Description: Longitude (West is negative) 
http://lod.bco-dmo.org/id/dataset-parameter/24517.rdf
	Name: speed
	Units: knots
	Description: Speed 
http://lod.bco-dmo.org/id/dataset-parameter/24518.rdf
	Name: course
	Units: degrees
	Description: Course 
http://lod.bco-dmo.org/id/dataset-parameter/24519.rdf
	Name: depth
	Units: meters
	Description: Depth 
http://lod.bco-dmo.org/id/dataset-parameter/24520.rdf
	Name: DAB
	Units: meters
	Description: Depth Above Bottom 
http://lod.bco-dmo.org/id/dataset-parameter/24521.rdf
	Name: wire_out
	Units: meters
	Description: Wire Out 
http://lod.bco-dmo.org/id/dataset-parameter/24522.rdf
	Name: press_max
	Units: decibars
	Description: Max Pressure. (Name changed from 'Max_P'.) 
http://lod.bco-dmo.org/id/dataset-parameter/24523.rdf
	Name: duration
	Units: HH:MM:SS
	Description: Event Duration 
http://lod.bco-dmo.org/id/dataset-parameter/33214.rdf
	Name: ISO_DateTime_UTC
	Units: YYYY-mm-ddTHH:MM:SS.ssZ
	Description: Date/Time formatted to ISO 8601 standard. T indicates start of time string; Z indicates UTC. Calculated using 'date' and 'time' parameters as input. 
</gco:CharacterString>
          </gmd:otherCitationDetails>
        </gmd:CI_Citation>
      </gmd:featureCatalogueCitation>
      <gmd:featureCatalogueCitation>
        <gmd:CI_Citation>
          <gmd:title>
            <gco:CharacterString>GB/NERC/BODC &gt; British Oceanographic Data Centre, Natural Environment Research Council, United Kingdom</gco:CharacterString>
          </gmd:title>
          <gmd:date gco:nilReason="unknown"/>
          <gmd:citedResponsibleParty xlink:href="https://www.ngdc.noaa.gov/docucomp/3D8FE2C9DA324D40939C8D007587E011" xlink:title="GB/NERC/BODC &gt; British Oceanographic Data Centre, Natural Environment Research Council, United Kingdom"/>
          <gmd:otherCitationDetails>
            <gco:CharacterString>
            http://vocab.nerc.ac.uk/collection/P01/current/ADATAA01/ 
	Name: Date (UT as yyyymmdd) 
	Description: Unavailable 
http://vocab.nerc.ac.uk/collection/P01/current/AHMSAA01/ 
	Name: Time (UT as hh24miss) 
	Description: Time elapsed between 00:00 UT on the date of the event of interest and that event. 
http://vocab.nerc.ac.uk/collection/P09/current/LATX/ 
	Name: LATITUDE 
	Description: The angular distance north or south from the equator, measured along the meridian of the point of interest. 
http://vocab.nerc.ac.uk/collection/P09/current/LONX/ 
	Name: LONGITUDE 
	Description: The angular distance east or west east or west of Greenwich to the point of interest. 
http://vocab.nerc.ac.uk/collection/P09/current/DEPH/ 
	Name: DEPTH BELOW SEA SURFACE 
	Description: The distance of a sensor or sampling point below the sea surface. 
http://vocab.nerc.ac.uk/collection/P09/current/DEPH/ 
	Name: DEPTH BELOW SEA SURFACE 
	Description: The distance of a sensor or sampling point below the sea surface. 
http://vocab.nerc.ac.uk/collection/P01/current/PRESPR01/ 
	Name: Pressure (spatial co-ordinate) exerted by the water body by profiling pressure sensor and corrected to read zero at sea level 
	Description: The force per unit area exerted by the water column on a mobile sensor located in the water column. 
http://vocab.nerc.ac.uk/collection/P01/current/ELTMZZZZ/ 
	Name: Elapsed time 
	Description: The amount of time passed between two marked events. 
http://vocab.nerc.ac.uk/collection/P01/current/DTUT8601/ 
	Name: Date and time (UT in ISO8601 format to sub-second precision) 
	Description: String corresponding to format 'yyyy-mm-ddThh:mi:ss.sss' optionally terminated by 'Z' 
</gco:CharacterString>
          </gmd:otherCitationDetails>
        </gmd:CI_Citation>
      </gmd:featureCatalogueCitation>
    </gmd:MD_FeatureCatalogueDescription>
  </gmd:contentInfo>
  <gmd:contentInfo>
    <gmi:MI_CoverageDescription>
      <gmd:attributeDescription>
        <gco:RecordType>Parameters for this dataset</gco:RecordType>
      </gmd:attributeDescription>
      <gmd:contentType>
        <gmd:MD_CoverageContentTypeCode codeList="MD_CoverageContentTypeCode" codeListValue="physicalMeasurement">physicalMeasurement</gmd:MD_CoverageContentTypeCode>
      </gmd:contentType>
      <gmd:dimension>
        <gmd:MD_Band>
          <gmd:sequenceIdentifier xlink:href="http://lod.bco-dmo.org/id/dataset-parameter/24509.rdf" xlink:title="cast" xlink:actuate="onRequest">
            <gco:MemberName>
              <gco:aName>
                <gco:CharacterString>cast</gco:CharacterString>
              </gco:aName>
              <gco:attributeType>                <gco:TypeName>
                  <gco:aName>
                    <gco:CharacterString>cast</gco:CharacterString>
                  </gco:aName>
                </gco:TypeName>
              </gco:attributeType>
            </gco:MemberName>
          </gmd:sequenceIdentifier>
          <gmd:descriptor>
            <gco:CharacterString>PI-supplied Description: Cast Id; General Description: cast or profile number</gco:CharacterString>
          </gmd:descriptor>
          <gmd:units>
            <gml:UnitDefinition gml:id="_parameterUnits24509">
             <gml:identifier codeSpace="http://lod.bco-dmo.org/id/dataset-parameter/24509.rdf">http://lod.bco-dmo.org/id/dataset-parameter/24509.rdf</gml:identifier>
             <gml:name>text</gml:name>
          </gml:UnitDefinition>
          </gmd:units>
        </gmd:MD_Band>
      </gmd:dimension>
      <gmd:dimension>
        <gmd:MD_Band>
          <gmd:sequenceIdentifier xlink:href="http://lod.bco-dmo.org/id/dataset-parameter/24510.rdf" xlink:title="instrument" xlink:actuate="onRequest">
            <gco:MemberName>
              <gco:aName>
                <gco:CharacterString>type</gco:CharacterString>
              </gco:aName>
              <gco:attributeType>                <gco:TypeName>
                  <gco:aName>
                    <gco:CharacterString>instrument</gco:CharacterString>
                  </gco:aName>
                </gco:TypeName>
              </gco:attributeType>
            </gco:MemberName>
          </gmd:sequenceIdentifier>
          <gmd:descriptor>
            <gco:CharacterString>PI-supplied Description: Cast Type; General Description: instrument used to collect or process data, definition is specific to the data set in which it appears</gco:CharacterString>
          </gmd:descriptor>
          <gmd:units>
            <gml:UnitDefinition gml:id="_parameterUnits24510">
             <gml:identifier codeSpace="http://lod.bco-dmo.org/id/dataset-parameter/24510.rdf">http://lod.bco-dmo.org/id/dataset-parameter/24510.rdf</gml:identifier>
             <gml:name>text</gml:name>
          </gml:UnitDefinition>
          </gmd:units>
        </gmd:MD_Band>
      </gmd:dimension>
      <gmd:dimension>
        <gmd:MD_Band>
          <gmd:sequenceIdentifier xlink:href="http://lod.bco-dmo.org/id/dataset-parameter/24511.rdf" xlink:title="event" xlink:actuate="onRequest">
            <gco:MemberName>
              <gco:aName>
                <gco:CharacterString>event_GEOTRC</gco:CharacterString>
              </gco:aName>
              <gco:attributeType>                <gco:TypeName>
                  <gco:aName>
                    <gco:CharacterString>event</gco:CharacterString>
                  </gco:aName>
                </gco:TypeName>
              </gco:attributeType>
            </gco:MemberName>
          </gmd:sequenceIdentifier>
          <gmd:descriptor>
            <gco:CharacterString>PI-supplied Description: Unique identifying number for US GEOTRACES sampling events; ranges from 2001 to 2225 for KN199-04 events and from 3001 to 3282 for KN204-01 events. Originally submitted as 'Event', this parameter name has been changed to conform to BCO-DMO's GEOTRACES naming conventions.; General Description: event or operation number; often derived from date/time (MMDDHHmm) of sampling and when combined with year (YYYY) is a unique sampling identifier/data processing key.  Date/time is not necessarily in GMT.</gco:CharacterString>
          </gmd:descriptor>
          <gmd:units>
            <gml:UnitDefinition gml:id="_parameterUnits24511">
             <gml:identifier codeSpace="http://lod.bco-dmo.org/id/dataset-parameter/24511.rdf">http://lod.bco-dmo.org/id/dataset-parameter/24511.rdf</gml:identifier>
             <gml:name>integer</gml:name>
          </gml:UnitDefinition>
          </gmd:units>
        </gmd:MD_Band>
      </gmd:dimension>
      <gmd:dimension>
        <gmd:MD_Band>
          <gmd:sequenceIdentifier xlink:href="http://lod.bco-dmo.org/id/dataset-parameter/24512.rdf" xlink:title="activity and comments" xlink:actuate="onRequest">
            <gco:MemberName>
              <gco:aName>
                <gco:CharacterString>activity</gco:CharacterString>
              </gco:aName>
              <gco:attributeType>                <gco:TypeName>
                  <gco:aName>
                    <gco:CharacterString>activity and comments</gco:CharacterString>
                  </gco:aName>
                </gco:TypeName>
              </gco:attributeType>
            </gco:MemberName>
          </gmd:sequenceIdentifier>
          <gmd:descriptor>
            <gco:CharacterString>PI-supplied Description: Activity during cast; General Description: operation performed and/or sampling method for given sampling event</gco:CharacterString>
          </gmd:descriptor>
          <gmd:units>
            <gml:UnitDefinition gml:id="_parameterUnits24512">
             <gml:identifier codeSpace="http://lod.bco-dmo.org/id/dataset-parameter/24512.rdf">http://lod.bco-dmo.org/id/dataset-parameter/24512.rdf</gml:identifier>
             <gml:name>text</gml:name>
          </gml:UnitDefinition>
          </gmd:units>
        </gmd:MD_Band>
      </gmd:dimension>
      <gmd:dimension>
        <gmd:MD_Band>
          <gmd:sequenceIdentifier xlink:href="http://lod.bco-dmo.org/id/dataset-parameter/24513.rdf" xlink:title="date" xlink:actuate="onRequest">
            <gco:MemberName>
              <gco:aName>
                <gco:CharacterString>date</gco:CharacterString>
              </gco:aName>
              <gco:attributeType xlink:href="http://vocab.nerc.ac.uk/collection/P01/current/ADATAA01/" xlink:title="Date (UT as yyyymmdd)" xlink:actuate="onRequest">                <gco:TypeName>
                  <gco:aName>
                    <gco:CharacterString>date</gco:CharacterString>
                  </gco:aName>
                </gco:TypeName>
              </gco:attributeType>
            </gco:MemberName>
          </gmd:sequenceIdentifier>
          <gmd:descriptor>
            <gco:CharacterString>PI-supplied Description: Date (GMT); General Description: date; generally reported in GMT as YYYYMMDD (year; month; day); also as MMDD (month; day); EqPac dates are local Hawaii time NERC Description: Unavailable</gco:CharacterString>
          </gmd:descriptor>
          <gmd:units>
            <gml:UnitDefinition gml:id="_parameterUnits24513">
             <gml:identifier codeSpace="http://lod.bco-dmo.org/id/dataset-parameter/24513.rdf">http://lod.bco-dmo.org/id/dataset-parameter/24513.rdf</gml:identifier>
             <gml:name>YYYYMMDD</gml:name>
          </gml:UnitDefinition>
          </gmd:units>
        </gmd:MD_Band>
      </gmd:dimension>
      <gmd:dimension>
        <gmd:MD_Band>
          <gmd:sequenceIdentifier xlink:href="http://lod.bco-dmo.org/id/dataset-parameter/24514.rdf" xlink:title="time of day" xlink:actuate="onRequest">
            <gco:MemberName>
              <gco:aName>
                <gco:CharacterString>time</gco:CharacterString>
              </gco:aName>
              <gco:attributeType xlink:href="http://vocab.nerc.ac.uk/collection/P01/current/AHMSAA01/" xlink:title="Time (UT as hh24miss)" xlink:actuate="onRequest">                <gco:TypeName>
                  <gco:aName>
                    <gco:CharacterString>time of day</gco:CharacterString>
                  </gco:aName>
                </gco:TypeName>
              </gco:attributeType>
            </gco:MemberName>
          </gmd:sequenceIdentifier>
          <gmd:descriptor>
            <gco:CharacterString>PI-supplied Description: time (GMT); General Description: Time GMT defined as HHMM; time of day; generally reported in GMT as HHMM (hours and minutes) but may also be HH.H (decimal hours) or HHMMSS (hours; minutes and seconds); in EqPac time is reported as Hawaii local time NERC Description: Time elapsed between 00:00 UT on the date of the event of interest and that event.</gco:CharacterString>
          </gmd:descriptor>
          <gmd:units>
            <gml:UnitDefinition gml:id="_parameterUnits24514">
             <gml:identifier codeSpace="http://lod.bco-dmo.org/id/dataset-parameter/24514.rdf">http://lod.bco-dmo.org/id/dataset-parameter/24514.rdf</gml:identifier>
             <gml:name>HHMMSS</gml:name>
          </gml:UnitDefinition>
          </gmd:units>
        </gmd:MD_Band>
      </gmd:dimension>
      <gmd:dimension>
        <gmd:MD_Band>
          <gmd:sequenceIdentifier xlink:href="http://lod.bco-dmo.org/id/dataset-parameter/24515.rdf" xlink:title="latitude" xlink:actuate="onRequest">
            <gco:MemberName>
              <gco:aName>
                <gco:CharacterString>lat</gco:CharacterString>
              </gco:aName>
              <gco:attributeType xlink:href="http://vocab.nerc.ac.uk/collection/P09/current/LATX/" xlink:title="LATITUDE" xlink:actuate="onRequest">                <gco:TypeName>
                  <gco:aName>
                    <gco:CharacterString>latitude</gco:CharacterString>
                  </gco:aName>
                </gco:TypeName>
              </gco:attributeType>
            </gco:MemberName>
          </gmd:sequenceIdentifier>
          <gmd:descriptor>
            <gco:CharacterString>PI-supplied Description: Latitude (South is negative); General Description: latitude, in decimal degrees, North is positive, negative denotes South; Reported in some datasets as degrees, minutes NERC Description: The angular distance north or south from the equator, measured along the meridian of the point of interest.</gco:CharacterString>
          </gmd:descriptor>
          <gmd:units>
            <gml:UnitDefinition gml:id="_parameterUnits24515">
             <gml:identifier codeSpace="http://lod.bco-dmo.org/id/dataset-parameter/24515.rdf">http://lod.bco-dmo.org/id/dataset-parameter/24515.rdf</gml:identifier>
             <gml:name>decimal degrees</gml:name>
          </gml:UnitDefinition>
          </gmd:units>
        </gmd:MD_Band>
      </gmd:dimension>
      <gmd:dimension>
        <gmd:MD_Band>
          <gmd:sequenceIdentifier xlink:href="http://lod.bco-dmo.org/id/dataset-parameter/24516.rdf" xlink:title="longitude" xlink:actuate="onRequest">
            <gco:MemberName>
              <gco:aName>
                <gco:CharacterString>lon</gco:CharacterString>
              </gco:aName>
              <gco:attributeType xlink:href="http://vocab.nerc.ac.uk/collection/P09/current/LONX/" xlink:title="LONGITUDE" xlink:actuate="onRequest">                <gco:TypeName>
                  <gco:aName>
                    <gco:CharacterString>longitude</gco:CharacterString>
                  </gco:aName>
                </gco:TypeName>
              </gco:attributeType>
            </gco:MemberName>
          </gmd:sequenceIdentifier>
          <gmd:descriptor>
            <gco:CharacterString>PI-supplied Description: Longitude (West is negative); General Description: longitude, in decimal degrees, East is positive, negative denotes West; Reported in some datsets as degrees, minutes NERC Description: The angular distance east or west east or west of Greenwich to the point of interest.</gco:CharacterString>
          </gmd:descriptor>
          <gmd:units>
            <gml:UnitDefinition gml:id="_parameterUnits24516">
             <gml:identifier codeSpace="http://lod.bco-dmo.org/id/dataset-parameter/24516.rdf">http://lod.bco-dmo.org/id/dataset-parameter/24516.rdf</gml:identifier>
             <gml:name>decimal degrees</gml:name>
          </gml:UnitDefinition>
          </gmd:units>
        </gmd:MD_Band>
      </gmd:dimension>
      <gmd:dimension>
        <gmd:MD_Band>
          <gmd:sequenceIdentifier xlink:href="http://lod.bco-dmo.org/id/dataset-parameter/24517.rdf" xlink:title="Speed over ground" xlink:actuate="onRequest">
            <gco:MemberName>
              <gco:aName>
                <gco:CharacterString>speed</gco:CharacterString>
              </gco:aName>
              <gco:attributeType>                <gco:TypeName>
                  <gco:aName>
                    <gco:CharacterString>Speed over ground</gco:CharacterString>
                  </gco:aName>
                </gco:TypeName>
              </gco:attributeType>
            </gco:MemberName>
          </gmd:sequenceIdentifier>
          <gmd:descriptor>
            <gco:CharacterString>PI-supplied Description: Speed; General Description: Speed over ground. Part of ship supplied along track data.</gco:CharacterString>
          </gmd:descriptor>
          <gmd:units>
            <gml:UnitDefinition gml:id="_parameterUnits24517">
             <gml:identifier codeSpace="http://lod.bco-dmo.org/id/dataset-parameter/24517.rdf">http://lod.bco-dmo.org/id/dataset-parameter/24517.rdf</gml:identifier>
             <gml:name>knots</gml:name>
          </gml:UnitDefinition>
          </gmd:units>
        </gmd:MD_Band>
      </gmd:dimension>
      <gmd:dimension>
        <gmd:MD_Band>
          <gmd:sequenceIdentifier xlink:href="http://lod.bco-dmo.org/id/dataset-parameter/24518.rdf" xlink:title="course over ground" xlink:actuate="onRequest">
            <gco:MemberName>
              <gco:aName>
                <gco:CharacterString>course</gco:CharacterString>
              </gco:aName>
              <gco:attributeType>                <gco:TypeName>
                  <gco:aName>
                    <gco:CharacterString>course over ground</gco:CharacterString>
                  </gco:aName>
                </gco:TypeName>
              </gco:attributeType>
            </gco:MemberName>
          </gmd:sequenceIdentifier>
          <gmd:descriptor>
            <gco:CharacterString>PI-supplied Description: Course; General Description: Course over the ground</gco:CharacterString>
          </gmd:descriptor>
          <gmd:units>
            <gml:UnitDefinition gml:id="_parameterUnits24518">
             <gml:identifier codeSpace="http://lod.bco-dmo.org/id/dataset-parameter/24518.rdf">http://lod.bco-dmo.org/id/dataset-parameter/24518.rdf</gml:identifier>
             <gml:name>degrees</gml:name>
          </gml:UnitDefinition>
          </gmd:units>
        </gmd:MD_Band>
      </gmd:dimension>
      <gmd:dimension>
        <gmd:MD_Band>
          <gmd:sequenceIdentifier xlink:href="http://lod.bco-dmo.org/id/dataset-parameter/24519.rdf" xlink:title="depth" xlink:actuate="onRequest">
            <gco:MemberName>
              <gco:aName>
                <gco:CharacterString>depth</gco:CharacterString>
              </gco:aName>
              <gco:attributeType xlink:href="http://vocab.nerc.ac.uk/collection/P09/current/DEPH/" xlink:title="DEPTH BELOW SEA SURFACE" xlink:actuate="onRequest">                <gco:TypeName>
                  <gco:aName>
                    <gco:CharacterString>depth</gco:CharacterString>
                  </gco:aName>
                </gco:TypeName>
              </gco:attributeType>
            </gco:MemberName>
          </gmd:sequenceIdentifier>
          <gmd:descriptor>
            <gco:CharacterString>PI-supplied Description: Depth; General Description: observation/sample depth, in meters; best estimate; usually but not always calculated from pressure; calculated either from CTD pressure using Fofonoff and Millard (1982; UNESCO Tech Paper #44) algorithm adjusted for 1980 equation of state for seawater (EOS80) or simply equivalent to nominal depth as recorded during sampling if CTD pressure was unavailable NERC Description: The distance of a sensor or sampling point below the sea surface.</gco:CharacterString>
          </gmd:descriptor>
          <gmd:units>
            <gml:UnitDefinition gml:id="_parameterUnits24519">
             <gml:identifier codeSpace="http://lod.bco-dmo.org/id/dataset-parameter/24519.rdf">http://lod.bco-dmo.org/id/dataset-parameter/24519.rdf</gml:identifier>
             <gml:name>meters</gml:name>
          </gml:UnitDefinition>
          </gmd:units>
        </gmd:MD_Band>
      </gmd:dimension>
      <gmd:dimension>
        <gmd:MD_Band>
          <gmd:sequenceIdentifier xlink:href="http://lod.bco-dmo.org/id/dataset-parameter/24520.rdf" xlink:title="depth" xlink:actuate="onRequest">
            <gco:MemberName>
              <gco:aName>
                <gco:CharacterString>DAB</gco:CharacterString>
              </gco:aName>
              <gco:attributeType xlink:href="http://vocab.nerc.ac.uk/collection/P09/current/DEPH/" xlink:title="DEPTH BELOW SEA SURFACE" xlink:actuate="onRequest">                <gco:TypeName>
                  <gco:aName>
                    <gco:CharacterString>depth</gco:CharacterString>
                  </gco:aName>
                </gco:TypeName>
              </gco:attributeType>
            </gco:MemberName>
          </gmd:sequenceIdentifier>
          <gmd:descriptor>
            <gco:CharacterString>PI-supplied Description: Depth Above Bottom; General Description: observation/sample depth, in meters; best estimate; usually but not always calculated from pressure; calculated either from CTD pressure using Fofonoff and Millard (1982; UNESCO Tech Paper #44) algorithm adjusted for 1980 equation of state for seawater (EOS80) or simply equivalent to nominal depth as recorded during sampling if CTD pressure was unavailable NERC Description: The distance of a sensor or sampling point below the sea surface.</gco:CharacterString>
          </gmd:descriptor>
          <gmd:units>
            <gml:UnitDefinition gml:id="_parameterUnits24520">
             <gml:identifier codeSpace="http://lod.bco-dmo.org/id/dataset-parameter/24520.rdf">http://lod.bco-dmo.org/id/dataset-parameter/24520.rdf</gml:identifier>
             <gml:name>meters</gml:name>
          </gml:UnitDefinition>
          </gmd:units>
        </gmd:MD_Band>
      </gmd:dimension>
      <gmd:dimension>
        <gmd:MD_Band>
          <gmd:sequenceIdentifier xlink:href="http://lod.bco-dmo.org/id/dataset-parameter/24521.rdf" xlink:title="wire out" xlink:actuate="onRequest">
            <gco:MemberName>
              <gco:aName>
                <gco:CharacterString>wire_out</gco:CharacterString>
              </gco:aName>
              <gco:attributeType>                <gco:TypeName>
                  <gco:aName>
                    <gco:CharacterString>wire out</gco:CharacterString>
                  </gco:aName>
                </gco:TypeName>
              </gco:attributeType>
            </gco:MemberName>
          </gmd:sequenceIdentifier>
          <gmd:descriptor>
            <gco:CharacterString>PI-supplied Description: Wire Out; General Description: wire out in meters</gco:CharacterString>
          </gmd:descriptor>
          <gmd:units>
            <gml:UnitDefinition gml:id="_parameterUnits24521">
             <gml:identifier codeSpace="http://lod.bco-dmo.org/id/dataset-parameter/24521.rdf">http://lod.bco-dmo.org/id/dataset-parameter/24521.rdf</gml:identifier>
             <gml:name>meters</gml:name>
          </gml:UnitDefinition>
          </gmd:units>
        </gmd:MD_Band>
      </gmd:dimension>
      <gmd:dimension>
        <gmd:MD_Band>
          <gmd:sequenceIdentifier xlink:href="http://lod.bco-dmo.org/id/dataset-parameter/24522.rdf" xlink:title="water pressure" xlink:actuate="onRequest">
            <gco:MemberName>
              <gco:aName>
                <gco:CharacterString>press_max</gco:CharacterString>
              </gco:aName>
              <gco:attributeType xlink:href="http://vocab.nerc.ac.uk/collection/P01/current/PRESPR01/" xlink:title="Pressure (spatial co-ordinate) exerted by the water body by profiling pressure sensor and corrected to read zero at sea level" xlink:actuate="onRequest">                <gco:TypeName>
                  <gco:aName>
                    <gco:CharacterString>water pressure</gco:CharacterString>
                  </gco:aName>
                </gco:TypeName>
              </gco:attributeType>
            </gco:MemberName>
          </gmd:sequenceIdentifier>
          <gmd:descriptor>
            <gco:CharacterString>PI-supplied Description: Max Pressure. (Name changed from 'Max_P'.); General Description: water pressure at measurement; depth reported as pressure; positive number increasing with water depth NERC Description: The force per unit area exerted by the water column on a mobile sensor located in the water column.</gco:CharacterString>
          </gmd:descriptor>
          <gmd:units>
            <gml:UnitDefinition gml:id="_parameterUnits24522">
             <gml:identifier codeSpace="http://lod.bco-dmo.org/id/dataset-parameter/24522.rdf">http://lod.bco-dmo.org/id/dataset-parameter/24522.rdf</gml:identifier>
             <gml:name>decibars</gml:name>
          </gml:UnitDefinition>
          </gmd:units>
        </gmd:MD_Band>
      </gmd:dimension>
      <gmd:dimension>
        <gmd:MD_Band>
          <gmd:sequenceIdentifier xlink:href="http://lod.bco-dmo.org/id/dataset-parameter/24523.rdf" xlink:title="time_elapsed" xlink:actuate="onRequest">
            <gco:MemberName>
              <gco:aName>
                <gco:CharacterString>duration</gco:CharacterString>
              </gco:aName>
              <gco:attributeType xlink:href="http://vocab.nerc.ac.uk/collection/P01/current/ELTMZZZZ/" xlink:title="Elapsed time" xlink:actuate="onRequest">                <gco:TypeName>
                  <gco:aName>
                    <gco:CharacterString>time_elapsed</gco:CharacterString>
                  </gco:aName>
                </gco:TypeName>
              </gco:attributeType>
            </gco:MemberName>
          </gmd:sequenceIdentifier>
          <gmd:descriptor>
            <gco:CharacterString>PI-supplied Description: Event Duration; General Description: Elapsed time. Typically found in CTD profile data. Units can be seconds, minutes, etc. NERC Description: The amount of time passed between two marked events.</gco:CharacterString>
          </gmd:descriptor>
          <gmd:units>
            <gml:UnitDefinition gml:id="_parameterUnits24523">
             <gml:identifier codeSpace="http://lod.bco-dmo.org/id/dataset-parameter/24523.rdf">http://lod.bco-dmo.org/id/dataset-parameter/24523.rdf</gml:identifier>
             <gml:name>HH:MM:SS</gml:name>
          </gml:UnitDefinition>
          </gmd:units>
        </gmd:MD_Band>
      </gmd:dimension>
      <gmd:dimension>
        <gmd:MD_Band>
          <gmd:sequenceIdentifier xlink:href="http://lod.bco-dmo.org/id/dataset-parameter/33214.rdf" xlink:title="ISO_DateTime_UTC" xlink:actuate="onRequest">
            <gco:MemberName>
              <gco:aName>
                <gco:CharacterString>ISO_DateTime_UTC</gco:CharacterString>
              </gco:aName>
              <gco:attributeType xlink:href="http://vocab.nerc.ac.uk/collection/P01/current/DTUT8601/" xlink:title="Date and time (UT in ISO8601 format to sub-second precision)" xlink:actuate="onRequest">                <gco:TypeName>
                  <gco:aName>
                    <gco:CharacterString>ISO_DateTime_UTC</gco:CharacterString>
                  </gco:aName>
                </gco:TypeName>
              </gco:attributeType>
            </gco:MemberName>
          </gmd:sequenceIdentifier>
          <gmd:descriptor>
            <gco:CharacterString>PI-supplied Description: Date/Time formatted to ISO 8601 standard. T indicates start of time string; Z indicates UTC. Calculated using 'date' and 'time' parameters as input.; General Description: Date/Time (UTC) ISO formattedThis standard is based on ISO 8601:2004(E) and takes on any of the following forms:2009-08-30T09:05:00[.xx] (local time)2009-08-30T14:05:00[.xx]Z (UTC time)2009-08-30T14:05:00[.xx]-05:00The dashes and the colons can be dropped.The T can also be dropped &quot;by mutual agreement&quot;, but one needs the trailing Z if the time is UTC.Sample ISO_datetime_utc:2009-08-30T14:05:00[.xx]Z (UTC time)Format: YYYY-mm-ddTHH:MM:SS[.xx]Z (UTC time) NERC Description: String corresponding to format 'yyyy-mm-ddThh:mi:ss.sss' optionally terminated by 'Z'</gco:CharacterString>
          </gmd:descriptor>
          <gmd:units>
            <gml:UnitDefinition gml:id="_parameterUnits33214">
             <gml:identifier codeSpace="http://lod.bco-dmo.org/id/dataset-parameter/33214.rdf">http://lod.bco-dmo.org/id/dataset-parameter/33214.rdf</gml:identifier>
             <gml:name>YYYY-mm-ddTHH:MM:SS.ssZ</gml:name>
          </gml:UnitDefinition>
          </gmd:units>
        </gmd:MD_Band>
      </gmd:dimension>
      </gmi:MI_CoverageDescription>
  </gmd:contentInfo>
  <gmd:distributionInfo>
    <gmd:MD_Distribution>
      <gmd:distributor>
        <gmd:MD_Distributor>
          <gmd:distributorContact>
            <gmd:CI_ResponsibleParty>
  <gmd:organisationName>
    <gmx:Anchor xlink:href="http://lod.bco-dmo.org/id/affiliation/191.rdf" xlink:actuate="onRequest">Biological and Chemical Oceanography Data Management Office (BCO-DMO)</gmx:Anchor>
  </gmd:organisationName>
  <gmd:contactInfo>
    <gmd:CI_Contact>
		  <gmd:phone>
		    <gmd:CI_Telephone>
				  <gmd:voice>
				    <gco:CharacterString>Unavailable</gco:CharacterString>
				  </gmd:voice>
				  <gmd:facsimile>
				    <gco:CharacterString>508-289-2009</gco:CharacterString>
				  </gmd:facsimile>
				</gmd:CI_Telephone>
		  </gmd:phone>
		  <gmd:address>
		    <gmd:CI_Address>
				  <gmd:deliveryPoint>
				    <gco:CharacterString>WHOI MS#36</gco:CharacterString>
				  </gmd:deliveryPoint>
				  <gmd:city>
				    <gco:CharacterString>Woods Hole</gco:CharacterString>
				  </gmd:city>
				  <gmd:administrativeArea>
				    <gco:CharacterString>MA</gco:CharacterString>
				  </gmd:administrativeArea>
				  <gmd:postalCode>
				    <gco:CharacterString>02543</gco:CharacterString>
				  </gmd:postalCode>
				  <gmd:country>
				    <gco:CharacterString>USA</gco:CharacterString>
				  </gmd:country>
				  <gmd:electronicMailAddress>
				    <gco:CharacterString>info@bco-dmo.org</gco:CharacterString>
				  </gmd:electronicMailAddress>
		    </gmd:CI_Address>
		  </gmd:address>
      <gmd:onlineResource>
          <gmd:CI_OnlineResource>
            <gmd:linkage>
              <gmd:URL>http://www.bco-dmo.org</gmd:URL>
            </gmd:linkage>
          </gmd:CI_OnlineResource>
        </gmd:onlineResource>
		  <gmd:hoursOfService>
        <gco:CharacterString>Monday - Friday 8:00am - 5:00pm</gco:CharacterString>
      </gmd:hoursOfService>
		  <gmd:contactInstructions>
		    <gco:CharacterString>For questions regarding this resource, please contact BCO-DMO via the email address provided.</gco:CharacterString>
		  </gmd:contactInstructions>
		</gmd:CI_Contact>
  </gmd:contactInfo>
  <gmd:role>
    <gmd:CI_RoleCode codeList="http://www.isotc211.org/2005/resources/Codelist/gmxCodelists.xml#CI_RoleCode" codeListValue="pointOfContact" codeSpace="007">pointOfContact</gmd:CI_RoleCode>
  </gmd:role>
</gmd:CI_ResponsibleParty>
          </gmd:distributorContact>
        </gmd:MD_Distributor>
      </gmd:distributor>
      <gmd:transferOptions>
        <gmd:MD_DigitalTransferOptions>
        <gmd:onLine>
            <gmd:CI_OnlineResource>
              <gmd:linkage>
                <gmd:URL>http://www.bco-dmo.org/dataset/3486/data/download</gmd:URL>
              </gmd:linkage>
              <gmd:function>
                <gmd:CI_OnLineFunctionCode codeList="http://www.ngdc.noaa.gov/metadata/published/xsd/schema/resources/Codelist/gmxCodelists.xml#CI_OnLineFunctionCode" codeListValue="download">download</gmd:CI_OnLineFunctionCode>
              </gmd:function>
            </gmd:CI_OnlineResource>
          </gmd:onLine>
        </gmd:MD_DigitalTransferOptions>
      </gmd:transferOptions>
    </gmd:MD_Distribution>
  </gmd:distributionInfo>
  <gmd:dataQualityInfo>
    <gmd:DQ_DataQuality>
      <gmd:scope>
        <gmd:DQ_Scope>
          <gmd:level>
            <gmd:MD_ScopeCode codeList="http://www.ngdc.noaa.gov/metadata/published/xsd/schema/resources/Codelist/gmxCodelists.xml#MD_ScopeCode" codeListValue="dataset">dataset</gmd:MD_ScopeCode>
          </gmd:level>
        </gmd:DQ_Scope>
      </gmd:scope>
      <gmd:lineage>
        <gmd:LI_Lineage>
          <gmd:processStep xlink:title="Acquisition Description">
            <gmd:LI_ProcessStep>
              <gmd:description>
                <gco:CharacterString>&amp;lt;p&amp;gt;(none)&amp;lt;/p&amp;gt;</gco:CharacterString>
              </gmd:description>
            </gmd:LI_ProcessStep>
          </gmd:processStep>
          <gmd:processStep xlink:title="Processing Description">
            <gmd:LI_ProcessStep>
              <gmd:description>
                <gco:CharacterString>&amp;lt;p&amp;gt;&amp;lt;b&amp;gt;BCO-DMO Processing Notes&amp;lt;/b&amp;gt;&amp;lt;br /&amp;gt;- Generated from original .html file &amp;amp;quot;gt10_EventsTable.html&amp;amp;quot; contributed by Bill Jenkins&amp;lt;br /&amp;gt;- Lat/Lon converted from degs, decimal minutes to decimal degrees&amp;lt;br /&amp;gt;- Lon values signed negative for West&amp;lt;br /&amp;gt;- date reformatted to YYYYMMDD&amp;lt;br /&amp;gt;- time reformatted to HHMM&amp;lt;br /&amp;gt;- &amp;amp;quot;nd&amp;amp;quot; (no data) value inserted in blank cells&amp;lt;br /&amp;gt;- Commas in text fields converted to semicolons&amp;lt;br /&amp;gt;- Parameter names modified to conform to BCO-DMO conventions&amp;lt;br /&amp;gt;- Original Event for Cast 6/1 of Event 2026 corrected to Event 2106 after checking event log&amp;lt;br /&amp;gt;- Original Event for Cast 5/5 of Event 2082 corrected to Event 2092 after checking event log (22July2011/srg)&amp;lt;br /&amp;gt;-&amp;amp;nbsp; Added Cast 995/0 Event 2003 after working with scanned cast log sheets (25July2011/srg)&amp;lt;br /&amp;gt;- &amp;amp;quot;GT_Ev#&amp;amp;quot; Parameter in original table changed to &amp;amp;quot;Event&amp;amp;quot; for consistency with Event Log&amp;lt;br /&amp;gt;- Type &amp;amp;quot;SIOR&amp;amp;quot; changed to &amp;amp;quot;ODF&amp;amp;quot; for consistency with other data&amp;lt;br /&amp;gt;- &amp;amp;quot;Event&amp;amp;quot; Parameter in original table changed to &amp;amp;quot;activity&amp;amp;quot; to preserve unique parameter names&amp;lt;/p&amp;gt;</gco:CharacterString>
              </gmd:description>
            </gmd:LI_ProcessStep>
          </gmd:processStep>
        </gmd:LI_Lineage>
      </gmd:lineage>
   </gmd:DQ_DataQuality>
  </gmd:dataQualityInfo>
  <gmd:metadataMaintenance>
    <gmd:MD_MaintenanceInformation>
      <gmd:maintenanceAndUpdateFrequency>
        <gmd:MD_MaintenanceFrequencyCode codeList="http://www.isotc211.org/2005/resources/Codelist/gmxCodelists.xml#MD_MaintenanceFrequencyCode" codeListValue="asNeeded" codeSpace="009">asNeeded</gmd:MD_MaintenanceFrequencyCode>
      </gmd:maintenanceAndUpdateFrequency>
      <gmd:maintenanceNote>
        <gco:CharacterString>7.x-1.1</gco:CharacterString>
      </gmd:maintenanceNote>
      <gmd:contact>
        <gmd:CI_ResponsibleParty>
  <gmd:organisationName>
    <gmx:Anchor xlink:href="http://lod.bco-dmo.org/id/affiliation/191.rdf" xlink:actuate="onRequest">Biological and Chemical Oceanography Data Management Office (BCO-DMO)</gmx:Anchor>
  </gmd:organisationName>
  <gmd:contactInfo>
    <gmd:CI_Contact>
		  <gmd:phone>
		    <gmd:CI_Telephone>
				  <gmd:voice>
				    <gco:CharacterString>Unavailable</gco:CharacterString>
				  </gmd:voice>
				  <gmd:facsimile>
				    <gco:CharacterString>508-289-2009</gco:CharacterString>
				  </gmd:facsimile>
				</gmd:CI_Telephone>
		  </gmd:phone>
		  <gmd:address>
		    <gmd:CI_Address>
				  <gmd:deliveryPoint>
				    <gco:CharacterString>WHOI MS#36</gco:CharacterString>
				  </gmd:deliveryPoint>
				  <gmd:city>
				    <gco:CharacterString>Woods Hole</gco:CharacterString>
				  </gmd:city>
				  <gmd:administrativeArea>
				    <gco:CharacterString>MA</gco:CharacterString>
				  </gmd:administrativeArea>
				  <gmd:postalCode>
				    <gco:CharacterString>02543</gco:CharacterString>
				  </gmd:postalCode>
				  <gmd:country>
				    <gco:CharacterString>USA</gco:CharacterString>
				  </gmd:country>
				  <gmd:electronicMailAddress>
				    <gco:CharacterString>info@bco-dmo.org</gco:CharacterString>
				  </gmd:electronicMailAddress>
		    </gmd:CI_Address>
		  </gmd:address>
      <gmd:onlineResource>
          <gmd:CI_OnlineResource>
            <gmd:linkage>
              <gmd:URL>http://www.bco-dmo.org</gmd:URL>
            </gmd:linkage>
          </gmd:CI_OnlineResource>
        </gmd:onlineResource>
		  <gmd:hoursOfService>
        <gco:CharacterString>Monday - Friday 8:00am - 5:00pm</gco:CharacterString>
      </gmd:hoursOfService>
		  <gmd:contactInstructions>
		    <gco:CharacterString>For questions regarding this resource, please contact BCO-DMO via the email address provided.</gco:CharacterString>
		  </gmd:contactInstructions>
		</gmd:CI_Contact>
  </gmd:contactInfo>
  <gmd:role>
    <gmd:CI_RoleCode codeList="http://www.isotc211.org/2005/resources/Codelist/gmxCodelists.xml#CI_RoleCode" codeListValue="pointOfContact" codeSpace="007">pointOfContact</gmd:CI_RoleCode>
  </gmd:role>
</gmd:CI_ResponsibleParty>
      </gmd:contact>
    </gmd:MD_MaintenanceInformation>
  </gmd:metadataMaintenance>
  <gmi:acquisitionInformation>
    <gmi:MI_AcquisitionInformation>
    <gmi:operation>
          <gmi:MI_Operation>
            <gmi:description>
              <gco:CharacterString>Cruise: KN199-04</gco:CharacterString>
            </gmi:description>
            <gmi:identifier>
              <gmd:MD_Identifier>
                <gmd:code>
                  <gmx:Anchor xlink:href="http://lod.bco-dmo.org/id/deployment/58066.rdf" xlink:title="Cruise" xlink:actuate="onRequest">KN199-04</gmx:Anchor>
                </gmd:code>
              </gmd:MD_Identifier>
            </gmi:identifier>
            <gmi:status>
              <gmd:MD_ProgressCode codeList="http://www.ngdc.noaa.gov/metadata/published/xsd/schema/resources/Codelist/gmxCodelists.xml#MD_ProgressCode" codeListValue="completed"/>
            </gmi:status>
            <gmi:type>
              <gmi:MI_OperationTypeCode codeList="http://www.ngdc.noaa.gov/metadata/published/xsd/schema/resources/Codelist/gmxCodelists.xml#MI_OperationTypeCode" codeListValue="real"/>
            </gmi:type>
            <gmi:parentOperation gco:nilReason="inapplicable"/>
            <gmi:platform>
              <gmi:MI_Platform>
                <gmi:citation>
                 <gmd:CI_Citation>
                   <gmd:title>
                     <gmx:Anchor xlink:href="http://www.whoi.edu/page.do?pid=8157" xlink:actuate="onRequest">R/V Knorr</gmx:Anchor>
                   </gmd:title>
                   <gmd:date gco:nilReason="unknown"/>
                 </gmd:CI_Citation>
                </gmi:citation>
                <gmi:citation>
                 <gmd:CI_Citation>
                   <gmd:title>
                     <gmx:Anchor xlink:href="http://vocab.nerc.ac.uk/collection/C17/current/316N" xlink:actuate="onRequest">Community Standard Description</gmx:Anchor>
                   </gmd:title>
                   <gmd:date gco:nilReason="unknown"/>
                 </gmd:CI_Citation>
                </gmi:citation>
                <gmi:identifier>
                  <gmd:MD_Identifier>
                    <gmd:authority>
                      <gmd:CI_Citation>
                        <gmd:title>
                          <gmx:Anchor xlink:href="http://lod.bco-dmo.org/id/authority/1.rdf" xlink:actuate="onRequest">International Council for the Exploration of the Sea</gmx:Anchor>
                        </gmd:title>
                        <gmd:date gco:nilReason="unknown"/>
                      </gmd:CI_Citation>
                    </gmd:authority>
                    <gmd:code>
                      <gmx:Anchor xlink:href="http://lod.bco-dmo.org/id/platform/53994.rdf"
                       xlink:title="316N" xlink:actuate="onRequest">R/V Knorr</gmx:Anchor>
                    </gmd:code>
                  </gmd:MD_Identifier>
                </gmi:identifier>
                <gmi:description>
                  <gmx:Anchor xlink:href="http://lod.bco-dmo.org/id/platform/53994.rdf" xlink:title="R/V Knorr" xlink:actuate="onRequest">vessel</gmx:Anchor>
                </gmi:description>
                <gmi:instrument gco:nilReason="unknown"/>
              </gmi:MI_Platform>
            </gmi:platform>
            <gmi:plan>
              <gmi:MI_Plan>
                <gmi:status>
                  <gmd:MD_ProgressCode codeList="http://www.isotc211.org/2005/resources/Codelist/gmxCodelists.xml#MD_ProgressCode" codeListValue="completed"/>
                </gmi:status>
                <gmi:citation>
                  <gmd:CI_Citation>
                    <gmd:title>
                      <gmx:Anchor xlink:href="http://lod.bco-dmo.org/id/deployment/58066.rdf" xlink:title="Cruise" xlink:actuate="onRequest">KN199-04</gmx:Anchor>
                    </gmd:title>
                    <gmd:date gco:nilReason="unknown"/>
                    <gmd:citedResponsibleParty>
                      <gmd:CI_ResponsibleParty>
                      <gmd:individualName>
                          <gmx:Anchor xlink:href="http://lod.bco-dmo.org/id/person/50745.rdf" xlink:actuate="onRequest">Dr William  J. Jenkins</gmx:Anchor>
                        </gmd:individualName>
                        <gmd:organisationName>
                          <gmx:Anchor xlink:href="http://lod.bco-dmo.org/id/affiliation/2.rdf" xlink:title="Affiliation" xlink:actuate="onRequest">Woods Hole Oceanographic Institution</gmx:Anchor>
                        </gmd:organisationName>
                        <gmd:contactInfo>
                        <gmd:CI_Contact>
                          <gmd:onlineResource>
                            <gmd:CI_OnlineResource>
                              <gmd:linkage>
                                <gmd:URL>http://bcodata.whoi.edu/US_GEOTRACES/AtlanticSection/Cruise_Report_for_Knorr_199_Final_v3.pdf</gmd:URL>
                              </gmd:linkage>
                              <gmd:description>
                                <gco:CharacterString>Report describing KN199-04</gco:CharacterString>
                              </gmd:description>
                            </gmd:CI_OnlineResource>
                          </gmd:onlineResource>
                        </gmd:CI_Contact>
                      </gmd:contactInfo>
                      <gmd:role>
                        <gmd:CI_RoleCode codeList="http://www.isotc211.org/2005/resources/Codelist/gmxCodelists.xml#CI_RoleCode" codeListValue="principalInvestigator"/>
                      </gmd:role>
                      </gmd:CI_ResponsibleParty>
                    </gmd:citedResponsibleParty>
                   </gmd:CI_Citation>
                </gmi:citation>
              </gmi:MI_Plan>
            </gmi:plan>
            </gmi:MI_Operation>
      </gmi:operation></gmi:MI_AcquisitionInformation>
  </gmi:acquisitionInformation>
</gmi:MI_Metadata>
