<?xml version="1.0" encoding="utf-8" ?><gmi:MI_Metadata
  xmlns:xsi="http://www.w3.org/2001/XMLSchema-instance"
  xmlns:gco="http://www.isotc211.org/2005/gco"
  xmlns:gfc="http://www.isotc211.org/2005/gfc"
  xmlns:gmd="http://www.isotc211.org/2005/gmd"
  xmlns:xlink="http://www.w3.org/1999/xlink"
  xmlns:srv="http://www.isotc211.org/2005/srv"
  xmlns:gml="http://www.opengis.net/gml/3.2"
  xmlns:gsr="http://www.isotc211.org/2005/gsr"
  xmlns:gss="http://www.isotc211.org/2005/gss"
  xmlns:gts="http://www.isotc211.org/2005/gts"
  xmlns:gmi="http://www.isotc211.org/2005/gmi"
  xmlns:gmx="http://www.isotc211.org/2005/gmx"
  xsi:schemaLocation="http://www.isotc211.org/2005/gmi http://www.ngdc.noaa.gov/metadata/published/xsd/schema.xsd">
  <gmd:fileIdentifier>
    <gco:CharacterString>http://lod.bco-dmo.org/id/dataset/522846</gco:CharacterString>
  </gmd:fileIdentifier>
  <gmd:language>
    <gco:CharacterString>eng; USA</gco:CharacterString>
  </gmd:language>
  <gmd:characterSet>
    <gmd:MD_CharacterSetCode codeList="http://www.isotc211.org/2005/resources/Codelist/gmxCodelists.xml#MD_CharacterSetCode" codeListValue="utf8">utf8</gmd:MD_CharacterSetCode>
  </gmd:characterSet>
  <gmd:hierarchyLevel>
    <gmd:MD_ScopeCode codeList="http://www.isotc211.org/2005/resources/Codelist/gmxCodelists.xml#MD_ScopeCode" codeListValue="dataset" codeSpace="005">dataset</gmd:MD_ScopeCode>
  </gmd:hierarchyLevel>
  <gmd:hierarchyLevelName>
    <gco:CharacterString>Highest level of data collection, from a common set of sensors or instrumentation, usually within the same research project</gco:CharacterString>
  </gmd:hierarchyLevelName>
  <gmd:contact>
    <gmd:CI_ResponsibleParty>
  <gmd:organisationName>
    <gmx:Anchor xlink:href="http://lod.bco-dmo.org/id/affiliation/191.rdf" xlink:actuate="onRequest">Biological and Chemical Oceanography Data Management Office (BCO-DMO)</gmx:Anchor>
  </gmd:organisationName>
  <gmd:contactInfo>
    <gmd:CI_Contact>
		  <gmd:phone>
		    <gmd:CI_Telephone>
				  <gmd:voice>
				    <gco:CharacterString>Unavailable</gco:CharacterString>
				  </gmd:voice>
				  <gmd:facsimile>
				    <gco:CharacterString>508-289-2009</gco:CharacterString>
				  </gmd:facsimile>
				</gmd:CI_Telephone>
		  </gmd:phone>
		  <gmd:address>
		    <gmd:CI_Address>
				  <gmd:deliveryPoint>
				    <gco:CharacterString>WHOI MS#36</gco:CharacterString>
				  </gmd:deliveryPoint>
				  <gmd:city>
				    <gco:CharacterString>Woods Hole</gco:CharacterString>
				  </gmd:city>
				  <gmd:administrativeArea>
				    <gco:CharacterString>MA</gco:CharacterString>
				  </gmd:administrativeArea>
				  <gmd:postalCode>
				    <gco:CharacterString>02543</gco:CharacterString>
				  </gmd:postalCode>
				  <gmd:country>
				    <gco:CharacterString>USA</gco:CharacterString>
				  </gmd:country>
				  <gmd:electronicMailAddress>
				    <gco:CharacterString>info@bco-dmo.org</gco:CharacterString>
				  </gmd:electronicMailAddress>
		    </gmd:CI_Address>
		  </gmd:address>
      <gmd:onlineResource>
          <gmd:CI_OnlineResource>
            <gmd:linkage>
              <gmd:URL>http://www.bco-dmo.org</gmd:URL>
            </gmd:linkage>
          </gmd:CI_OnlineResource>
        </gmd:onlineResource>
		  <gmd:hoursOfService>
        <gco:CharacterString>Monday - Friday 8:00am - 5:00pm</gco:CharacterString>
      </gmd:hoursOfService>
		  <gmd:contactInstructions>
		    <gco:CharacterString>For questions regarding this resource, please contact BCO-DMO via the email address provided.</gco:CharacterString>
		  </gmd:contactInstructions>
		</gmd:CI_Contact>
  </gmd:contactInfo>
  <gmd:role>
    <gmd:CI_RoleCode codeList="http://www.isotc211.org/2005/resources/Codelist/gmxCodelists.xml#CI_RoleCode" codeListValue="pointOfContact" codeSpace="007">pointOfContact</gmd:CI_RoleCode>
  </gmd:role>
</gmd:CI_ResponsibleParty>
  </gmd:contact>
  <gmd:dateStamp>
    <gco:Date>2014-08-13</gco:Date>
  </gmd:dateStamp>
  <gmd:metadataStandardName>
    <gco:CharacterString>ISO 19115-2 Geographic Information - Metadata - Part 2: Extensions for Imagery and Gridded Data</gco:CharacterString>
  </gmd:metadataStandardName>
  <gmd:metadataStandardVersion>
    <gco:CharacterString>ISO 19115-2:2009(E)</gco:CharacterString>
  </gmd:metadataStandardVersion>
  <gmd:referenceSystemInfo xlink:href="https://www.ngdc.noaa.gov/docucomp/895cc120-95ed-11e0-aa80-0800200c9a66" xlink:title="WGS 84 / World Mercator"/>
  <gmd:identificationInfo>
    <gmd:MD_DataIdentification>
      <gmd:citation>
        <gmd:CI_Citation>
          <gmd:title>
            <gmx:Anchor xlink:href="http://lod.bco-dmo.org/id/dataset/522846.rdf" xlink:actuate="onRequest">Cast Events Summary Table from the U.S. GEOTRACES EPZT project of the U.S. GEOTRACES program</gmx:Anchor>
          </gmd:title>
          <gmd:date>
            <gmd:CI_Date>
              <gmd:date>
                <gco:Date>2014-10-30</gco:Date>
              </gmd:date>
              <gmd:dateType>
                <gmd:CI_DateTypeCode codeList="http://www.isotc211.org/2005/resources/Codelist/gmxCodelists.xml#CI_DateTypeCode" codeListValue="publication" codeSpace="002">publication</gmd:CI_DateTypeCode>
              </gmd:dateType>
            </gmd:CI_Date>
          </gmd:date>
          <gmd:citedResponsibleParty>
           <gmd:CI_ResponsibleParty>
              <gmd:individualName>
                <gmx:Anchor xlink:href="http://lod.bco-dmo.org/id/person/50800.rdf" xlink:actuate="onRequest">Dr James W. Moffett</gmx:Anchor>
              </gmd:individualName>
              <gmd:organisationName>
                <gmx:Anchor xlink:href="http://lod.bco-dmo.org/id/affiliation/39.rdf" xlink:actuate="onRequest">University of Southern California</gmx:Anchor>
              </gmd:organisationName>
              <gmd:positionName>
               <gco:CharacterString></gco:CharacterString>
              </gmd:positionName>
              <gmd:role>
                <gmd:CI_RoleCode codeList="http://www.isotc211.org/2005/resources/Codelist/gmxCodelists.xml#CI_RoleCode" codeListValue="principalInvestigator" codeSpace="008">principalInvestigator</gmd:CI_RoleCode>
              </gmd:role>
            </gmd:CI_ResponsibleParty>
          </gmd:citedResponsibleParty>
          <gmd:presentationForm>
            <gmd:CI_PresentationFormCode codeList="http://www.isotc211.org/2005/resources/Codelist/gmxCodelists.xml#CI_PresentationFormCode" codeListValue="documentDigital">documentDigital</gmd:CI_PresentationFormCode>
          </gmd:presentationForm>
          </gmd:CI_Citation>
      </gmd:citation>
      <gmd:abstract>
        <gco:CharacterString>Cast Events Summary Table Dataset Description: &amp;lt;pre&amp;gt;Cast Events Summary Table&amp;lt;/pre&amp;gt; Acquisition Description: &amp;lt;p&amp;gt;Contributed by ODF staff&amp;lt;/p&amp;gt;</gco:CharacterString>
      </gmd:abstract>
      <gmd:credit>
        <gmx:Anchor xlink:href="http://lod.bco-dmo.org/id/award/502593.rdf" xlink:title="OCE-1235248" xlink:actuate="onRequest">Funding provided by NSF Ocean Sciences (NSF OCE) Award Number: OCE-1235248 Award URL: http://www.nsf.gov/awardsearch/showAward?AWD_ID=1235248&amp;amp;HistoricalAwards=false</gmx:Anchor>
      </gmd:credit>
        <gmd:credit>
        <gmx:Anchor xlink:href="http://lod.bco-dmo.org/id/award/502594.rdf" xlink:title="OCE-1130870" xlink:actuate="onRequest">Funding provided by NSF Ocean Sciences (NSF OCE) Award Number: OCE-1130870 Award URL: http://www.nsf.gov/awardsearch/showAward?AWD_ID=1130870&amp;amp;HistoricalAwards=false</gmx:Anchor>
      </gmd:credit>
        <gmd:status>
        <gmd:MD_ProgressCode codeList="http://www.isotc211.org/2005/resources/Codelist/gmxCodelists.xml#MD_ProgressCode" codeListValue="completed">completed</gmd:MD_ProgressCode>
      </gmd:status>
      <gmd:pointOfContact>
        <gmd:CI_ResponsibleParty>
          <gmd:individualName>
            <gmx:Anchor xlink:href="http://lod.bco-dmo.org/id/person/50800.rdf" xlink:actuate="onRequest">Dr James W. Moffett</gmx:Anchor>
          </gmd:individualName>
          <gmd:organisationName>
            <gmx:Anchor xlink:href="http://lod.bco-dmo.org/id/affiliation/39.rdf" xlink:actuate="onRequest">University of Southern California</gmx:Anchor>
          </gmd:organisationName>
          <gmd:contactInfo>
            <gmd:CI_Contact>
            <gmd:phone>
                <gmd:CI_Telephone>
                  <gmd:voice>
                    <gco:CharacterString>213-740-5626</gco:CharacterString>
                  </gmd:voice>
                </gmd:CI_Telephone>
              </gmd:phone>
            <gmd:address>
                <gmd:CI_Address>
                                  <gmd:deliveryPoint>
                    <gco:CharacterString>Department of Biological Sciences Trousdale Parkway AHF-107E</gco:CharacterString>
                  </gmd:deliveryPoint>
                                  <gmd:city>
                    <gco:CharacterString>Los Angeles</gco:CharacterString>
                  </gmd:city>                  <gmd:administrativeArea>
                    <gco:CharacterString>CA</gco:CharacterString>
                  </gmd:administrativeArea>                  <gmd:postalCode>
                    <gco:CharacterString>90089</gco:CharacterString>
                  </gmd:postalCode>                  <gmd:country>
                    <gco:CharacterString>USA</gco:CharacterString>
                  </gmd:country>                  <gmd:electronicMailAddress>
                    <gco:CharacterString>jmoffett@usc.edu</gco:CharacterString>
                  </gmd:electronicMailAddress>
                </gmd:CI_Address>
              </gmd:address>
            </gmd:CI_Contact>
          </gmd:contactInfo>
          <gmd:role>
            <gmd:CI_RoleCode codeList="http://www.isotc211.org/2005/resources/Codelist/gmxCodelists.xml#CI_RoleCode" codeListValue="pointOfContact" codeSpace="007">pointOfContact</gmd:CI_RoleCode>
          </gmd:role>
        </gmd:CI_ResponsibleParty>
      </gmd:pointOfContact>
            <gmd:resourceMaintenance>
        <gmd:MD_MaintenanceInformation>
          <gmd:maintenanceAndUpdateFrequency>
            <gmd:MD_MaintenanceFrequencyCode codeList="http://www.isotc211.org/2005/resources/Codelist/gmxCodelists.xml#MD_MaintenanceFrequencyCode" codeListValue="asNeeded" codeSpace="009">asNeeded</gmd:MD_MaintenanceFrequencyCode>
          </gmd:maintenanceAndUpdateFrequency>
          <gmd:maintenanceNote>
            <gco:CharacterString>Dataset Version: 30 October 2014</gco:CharacterString>
          </gmd:maintenanceNote>
          </gmd:MD_MaintenanceInformation>
      </gmd:resourceMaintenance>
            <gmd:descriptiveKeywords>
        <gmd:MD_Keywords>
                <gmd:keyword>
          <gmx:Anchor xlink:href="http://lod.bco-dmo.org/id/dataset-parameter/523413.rdf" xlink:title="http://lod.bco-dmo.org/id/parameter/1929.rdf" xlink:actuate="onRequest">Cruise Name</gmx:Anchor>
        </gmd:keyword>
                <gmd:keyword>
          <gmx:Anchor xlink:href="http://lod.bco-dmo.org/id/dataset-parameter/523414.rdf" xlink:title="http://lod.bco-dmo.org/id/parameter/1929.rdf" xlink:actuate="onRequest">Cruise Name</gmx:Anchor>
        </gmd:keyword>
                <gmd:keyword>
          <gmx:Anchor xlink:href="http://lod.bco-dmo.org/id/dataset-parameter/523415.rdf" xlink:title="http://lod.bco-dmo.org/id/parameter/829.rdf" xlink:actuate="onRequest">event</gmx:Anchor>
        </gmd:keyword>
                <gmd:keyword>
          <gmx:Anchor xlink:href="http://lod.bco-dmo.org/id/dataset-parameter/523416.rdf" xlink:title="http://lod.bco-dmo.org/id/parameter/987.rdf" xlink:actuate="onRequest">station</gmx:Anchor>
        </gmd:keyword>
                <gmd:keyword>
          <gmx:Anchor xlink:href="http://lod.bco-dmo.org/id/dataset-parameter/523417.rdf" xlink:title="http://lod.bco-dmo.org/id/parameter/761.rdf" xlink:actuate="onRequest">cast</gmx:Anchor>
        </gmd:keyword>
                <gmd:keyword>
          <gmx:Anchor xlink:href="http://lod.bco-dmo.org/id/dataset-parameter/523418.rdf" xlink:title="http://lod.bco-dmo.org/id/parameter/1106.rdf" xlink:actuate="onRequest">cast_type</gmx:Anchor>
        </gmd:keyword>
                <gmd:keyword>
          <gmx:Anchor xlink:href="http://lod.bco-dmo.org/id/dataset-parameter/523419.rdf" xlink:title="http://lod.bco-dmo.org/id/parameter/1070.rdf" xlink:actuate="onRequest">date</gmx:Anchor>
        </gmd:keyword>
                <gmd:keyword>
          <gmx:Anchor xlink:href="http://lod.bco-dmo.org/id/dataset-parameter/523420.rdf" xlink:title="http://lod.bco-dmo.org/id/parameter/1075.rdf" xlink:actuate="onRequest">time</gmx:Anchor>
        </gmd:keyword>
                <gmd:keyword>
          <gmx:Anchor xlink:href="http://lod.bco-dmo.org/id/dataset-parameter/523421.rdf" xlink:title="http://lod.bco-dmo.org/id/parameter/1683.rdf" xlink:actuate="onRequest">event code</gmx:Anchor>
        </gmd:keyword>
                <gmd:keyword>
          <gmx:Anchor xlink:href="http://lod.bco-dmo.org/id/dataset-parameter/523422.rdf" xlink:title="http://lod.bco-dmo.org/id/parameter/730.rdf" xlink:actuate="onRequest">latitude</gmx:Anchor>
        </gmd:keyword>
                <gmd:keyword>
          <gmx:Anchor xlink:href="http://lod.bco-dmo.org/id/dataset-parameter/523423.rdf" xlink:title="http://lod.bco-dmo.org/id/parameter/731.rdf" xlink:actuate="onRequest">longitude</gmx:Anchor>
        </gmd:keyword>
                <gmd:keyword>
          <gmx:Anchor xlink:href="http://lod.bco-dmo.org/id/dataset-parameter/523424.rdf" xlink:title="http://lod.bco-dmo.org/id/parameter/1744.rdf" xlink:actuate="onRequest">nav_source</gmx:Anchor>
        </gmd:keyword>
                <gmd:keyword>
          <gmx:Anchor xlink:href="http://lod.bco-dmo.org/id/dataset-parameter/523425.rdf" xlink:title="http://lod.bco-dmo.org/id/parameter/818.rdf" xlink:actuate="onRequest">depth_w</gmx:Anchor>
        </gmd:keyword>
                <gmd:keyword>
          <gmx:Anchor xlink:href="http://lod.bco-dmo.org/id/dataset-parameter/523426.rdf" xlink:title="http://lod.bco-dmo.org/id/parameter/1839.rdf" xlink:actuate="onRequest">alt</gmx:Anchor>
        </gmd:keyword>
                <gmd:keyword>
          <gmx:Anchor xlink:href="http://lod.bco-dmo.org/id/dataset-parameter/523427.rdf" xlink:title="http://lod.bco-dmo.org/id/parameter/1755.rdf" xlink:actuate="onRequest">wire_out</gmx:Anchor>
        </gmd:keyword>
                <gmd:keyword>
          <gmx:Anchor xlink:href="http://lod.bco-dmo.org/id/dataset-parameter/523428.rdf" xlink:title="http://lod.bco-dmo.org/id/parameter/1847.rdf" xlink:actuate="onRequest">pressure maximum</gmx:Anchor>
        </gmd:keyword>
                <gmd:keyword>
          <gmx:Anchor xlink:href="http://lod.bco-dmo.org/id/dataset-parameter/523429.rdf" xlink:title="http://lod.bco-dmo.org/id/parameter/1108.rdf" xlink:actuate="onRequest">bots</gmx:Anchor>
        </gmd:keyword>
                <gmd:keyword>
          <gmx:Anchor xlink:href="http://lod.bco-dmo.org/id/dataset-parameter/523430.rdf" xlink:title="http://lod.bco-dmo.org/id/parameter/1742.rdf" xlink:actuate="onRequest">sample_type</gmx:Anchor>
        </gmd:keyword>
                <gmd:keyword>
          <gmx:Anchor xlink:href="http://lod.bco-dmo.org/id/dataset-parameter/523431.rdf" xlink:title="http://lod.bco-dmo.org/id/parameter/778.rdf" xlink:actuate="onRequest">comment</gmx:Anchor>
        </gmd:keyword>
                <gmd:keyword>
          <gmx:Anchor xlink:href="http://lod.bco-dmo.org/id/dataset-parameter/557135.rdf" xlink:title="http://lod.bco-dmo.org/id/parameter/1908.rdf" xlink:actuate="onRequest">ISO_DateTime_UTC</gmx:Anchor>
        </gmd:keyword>
        <gmd:type>
            <gmd:MD_KeywordTypeCode codeList="http://www.isotc211.org/2005/resources/Codelist/gmxCodelists.xml#MD_KeywordTypeCode" codeListValue="theme" codeSpace="005">theme</gmd:MD_KeywordTypeCode>
          </gmd:type>
          <gmd:thesaurusName>
            <gmd:CI_Citation>
              <gmd:title>
                <gco:CharacterString>None, User defined</gco:CharacterString>
              </gmd:title>
              <gmd:date gco:nilReason="unknown"/>
            </gmd:CI_Citation>
          </gmd:thesaurusName>
        </gmd:MD_Keywords>
      </gmd:descriptiveKeywords>
            <gmd:descriptiveKeywords>
        <gmd:MD_Keywords>
                <gmd:keyword>
          <gmx:Anchor xlink:href="http://lod.bco-dmo.org/id/parameter/1929.rdf" xlink:title="Parameter" xlink:actuate="onRequest">cruise name</gmx:Anchor>
        </gmd:keyword>
                <gmd:keyword>
          <gmx:Anchor xlink:href="http://lod.bco-dmo.org/id/parameter/829.rdf" xlink:title="Parameter" xlink:actuate="onRequest">event</gmx:Anchor>
        </gmd:keyword>
                <gmd:keyword>
          <gmx:Anchor xlink:href="http://lod.bco-dmo.org/id/parameter/987.rdf" xlink:title="Parameter" xlink:actuate="onRequest">station</gmx:Anchor>
        </gmd:keyword>
                <gmd:keyword>
          <gmx:Anchor xlink:href="http://lod.bco-dmo.org/id/parameter/761.rdf" xlink:title="Parameter" xlink:actuate="onRequest">cast</gmx:Anchor>
        </gmd:keyword>
                <gmd:keyword>
          <gmx:Anchor xlink:href="http://lod.bco-dmo.org/id/parameter/1106.rdf" xlink:title="Parameter" xlink:actuate="onRequest">cast type</gmx:Anchor>
        </gmd:keyword>
                <gmd:keyword>
          <gmx:Anchor xlink:href="http://lod.bco-dmo.org/id/parameter/1070.rdf" xlink:title="Parameter" xlink:actuate="onRequest">date</gmx:Anchor>
        </gmd:keyword>
                <gmd:keyword>
          <gmx:Anchor xlink:href="http://lod.bco-dmo.org/id/parameter/1075.rdf" xlink:title="Parameter" xlink:actuate="onRequest">time of day</gmx:Anchor>
        </gmd:keyword>
                <gmd:keyword>
          <gmx:Anchor xlink:href="http://lod.bco-dmo.org/id/parameter/1683.rdf" xlink:title="Parameter" xlink:actuate="onRequest">event code</gmx:Anchor>
        </gmd:keyword>
                <gmd:keyword>
          <gmx:Anchor xlink:href="http://lod.bco-dmo.org/id/parameter/730.rdf" xlink:title="Parameter" xlink:actuate="onRequest">latitude</gmx:Anchor>
        </gmd:keyword>
                <gmd:keyword>
          <gmx:Anchor xlink:href="http://lod.bco-dmo.org/id/parameter/731.rdf" xlink:title="Parameter" xlink:actuate="onRequest">longitude</gmx:Anchor>
        </gmd:keyword>
                <gmd:keyword>
          <gmx:Anchor xlink:href="http://lod.bco-dmo.org/id/parameter/1744.rdf" xlink:title="Parameter" xlink:actuate="onRequest">navigation source</gmx:Anchor>
        </gmd:keyword>
                <gmd:keyword>
          <gmx:Anchor xlink:href="http://lod.bco-dmo.org/id/parameter/818.rdf" xlink:title="Parameter" xlink:actuate="onRequest">depth_w</gmx:Anchor>
        </gmd:keyword>
                <gmd:keyword>
          <gmx:Anchor xlink:href="http://lod.bco-dmo.org/id/parameter/1839.rdf" xlink:title="Parameter" xlink:actuate="onRequest">altitude</gmx:Anchor>
        </gmd:keyword>
                <gmd:keyword>
          <gmx:Anchor xlink:href="http://lod.bco-dmo.org/id/parameter/1755.rdf" xlink:title="Parameter" xlink:actuate="onRequest">wire out</gmx:Anchor>
        </gmd:keyword>
                <gmd:keyword>
          <gmx:Anchor xlink:href="http://lod.bco-dmo.org/id/parameter/1847.rdf" xlink:title="Parameter" xlink:actuate="onRequest">maximum pressure</gmx:Anchor>
        </gmd:keyword>
                <gmd:keyword>
          <gmx:Anchor xlink:href="http://lod.bco-dmo.org/id/parameter/1108.rdf" xlink:title="Parameter" xlink:actuate="onRequest">bottles</gmx:Anchor>
        </gmd:keyword>
                <gmd:keyword>
          <gmx:Anchor xlink:href="http://lod.bco-dmo.org/id/parameter/1742.rdf" xlink:title="Parameter" xlink:actuate="onRequest">sample type</gmx:Anchor>
        </gmd:keyword>
                <gmd:keyword>
          <gmx:Anchor xlink:href="http://lod.bco-dmo.org/id/parameter/778.rdf" xlink:title="Parameter" xlink:actuate="onRequest">comments</gmx:Anchor>
        </gmd:keyword>
                <gmd:keyword>
          <gmx:Anchor xlink:href="http://lod.bco-dmo.org/id/parameter/1908.rdf" xlink:title="Parameter" xlink:actuate="onRequest">ISO_DateTime_UTC</gmx:Anchor>
        </gmd:keyword>
        <gmd:type>
            <gmd:MD_KeywordTypeCode codeList="http://www.isotc211.org/2005/resources/Codelist/gmxCodelists.xml#MD_KeywordTypeCode" codeListValue="featureType">featureType</gmd:MD_KeywordTypeCode>
          </gmd:type>
          <gmd:thesaurusName>
            <gmd:CI_Citation>
              <gmd:title>
                <gco:CharacterString>BCO-DMO Standard Parameters</gco:CharacterString>
              </gmd:title>
              <gmd:date gco:nilReason="unknown"/>
            </gmd:CI_Citation>
          </gmd:thesaurusName>
        </gmd:MD_Keywords>
      </gmd:descriptiveKeywords>
            <gmd:descriptiveKeywords>
        <gmd:MD_Keywords>
                <gmd:keyword>
          <gmx:Anchor xlink:href="http://lod.bco-dmo.org/id/deployment/499719.rdf" xlink:title="Cruise" xlink:actuate="onRequest">TN303</gmx:Anchor>
        </gmd:keyword>
        <gmd:type>
            <gmd:MD_KeywordTypeCode codeList="http://www.ngdc.noaa.gov/metadata/published/xsd/schema/resources/Codelist/gmxCodelists.xml#MD_KeywordTypeCode" codeListValue="service">service</gmd:MD_KeywordTypeCode>
          </gmd:type>
          <gmd:thesaurusName>
            <gmd:CI_Citation>
              <gmd:title>
                <gco:CharacterString>Deployment Activity</gco:CharacterString>
              </gmd:title>
              <gmd:date gco:nilReason="unknown"/>
            </gmd:CI_Citation>
          </gmd:thesaurusName>
        </gmd:MD_Keywords>
      </gmd:descriptiveKeywords>
            <gmd:descriptiveKeywords>
        <gmd:MD_Keywords>
        <gmd:keyword>
            <gmx:Anchor xlink:href="http://lod.bco-dmo.org/id/deployment/499719.rdf" xlink:title="Deployment Location" xlink:actuate="onRequest">Eastern Tropical Pacific - Transect from Peru to Tahiti</gmx:Anchor>
          </gmd:keyword>
          <gmd:type>
            <gmd:MD_KeywordTypeCode codeList="http://www.isotc211.org/2005/resources/Codelist/gmxCodelists.xml#MD_KeywordTypeCode" codeListValue="place" codeSpace="002">place</gmd:MD_KeywordTypeCode>
          </gmd:type>
          <gmd:thesaurusName>
            <gmd:CI_Citation>
              <gmd:title>
                <gco:CharacterString>Locations</gco:CharacterString>
              </gmd:title>
              <gmd:date gco:nilReason="unknown"/>
            </gmd:CI_Citation>
          </gmd:thesaurusName>
        </gmd:MD_Keywords>
      </gmd:descriptiveKeywords>
      <gmd:resourceConstraints>
        <gmd:MD_LegalConstraints>
          <gmd:accessConstraints>
            <gmd:MD_RestrictionCode codeList="http://www.isotc211.org/2005/resources/Codelist/gmxCodelists.xml#MD_RestrictionCode" codeListValue="otherRestrictions" codeSpace="008">otherRestrictions</gmd:MD_RestrictionCode>
          </gmd:accessConstraints>
          <gmd:useConstraints>
            <gmd:MD_RestrictionCode codeList="http://www.isotc211.org/2005/resources/Codelist/gmxCodelists.xml#MD_RestrictionCode" codeListValue="otherRestrictions" codeSpace="008">otherRestrictions</gmd:MD_RestrictionCode>
          </gmd:useConstraints>
          <gmd:otherConstraints>
            <gco:CharacterString>Access Constraints: none. Use Constraints: Please follow guidelines at: http://www.bco-dmo.org/terms-use Distribution liability: Under no circumstances shall BCO-DMO be liable for any direct, incidental, special, consequential, indirect, or punitive damages that result from the use of, or the inability to use, the materials in this data submission. If you are dissatisfied with any materials in this data submission your sole and exclusive remedy is to discontinue use.</gco:CharacterString>
          </gmd:otherConstraints>
        </gmd:MD_LegalConstraints>
      </gmd:resourceConstraints>
      <gmd:aggregationInfo>
          <gmd:MD_AggregateInformation>
            <gmd:aggregateDataSetName>
              <gmd:CI_Citation>
                <gmd:title>
                  <gmx:Anchor xlink:href="http://lod.bco-dmo.org/id/program/2022.rdf" xlink:title="Program" xlink:actuate="onRequest">U.S. GEOTRACES</gmx:Anchor>
                </gmd:title>
                <gmd:date gco:nilReason="inapplicable"/>
                <gmd:citedResponsibleParty>
                  <gmd:CI_ResponsibleParty>
                    <gmd:contactInfo>
                      <gmd:CI_Contact>
                        <gmd:onlineResource>
                          <gmd:CI_OnlineResource>
                          <gmd:linkage>
                            <gmd:URL>http://www.geotraces.org/</gmd:URL>
                          </gmd:linkage>
                          <gmd:name>
                            <gmx:Anchor xlink:href="http://lod.bco-dmo.org/id/program/2022.rdf" xlink:title="Program Name" xlink:actuate="onRequest">U.S. GEOTRACES</gmx:Anchor>
                          </gmd:name>
                          <gmd:description>
                            <gco:CharacterString>GEOTRACES is a SCOR sponsored program; and funding for program infrastructure development is provided by the U.S. National Science Foundation.GEOTRACES gained momentum following a special symposium, S02: Biogeochemical cycling of trace elements and isotopes in the ocean and applications to constrain contemporary marine processes (GEOSECS II), at a 2003 Goldschmidt meeting convened in Japan. The GEOSECS II acronym referred to the Geochemical Ocean Section Studies To determine full water column distributions of selected trace elements and isotopes, including their concentration, chemical speciation, and physical form, along a sufficient number of sections in each ocean basin to establish the principal relationships between these distributions and with more traditional hydrographic parameters;* To evaluate the sources, sinks, and internal cycling of these species and thereby characterize more completely the physical, chemical and biological processes regulating their distributions, and the sensitivity of these processes to global change; and* To understand the processes that control the concentrations of geochemical species used for proxies of the past environment, both in the water column and in the substrates that reflect the water column.GEOTRACES will be global in scope, consisting of ocean sections complemented by regional process studies. Sections and process studies will combine fieldwork, laboratory experiments and modelling. Beyond realizing the scientific objectives identified above, a natural outcome of this work will be to build a community of marine scientists who understand the processes regulating trace element cycles sufficiently well to exploit this knowledge reliably in future interdisciplinary studies.</gco:CharacterString>
                          </gmd:description>
                          <gmd:function>
                            <gmd:CI_OnLineFunctionCode codeList="http://www.isotc211.org/2005/resources/Codelist/gmxCodelists.xml#CI_OnLineFunctionCode" codeListValue="information"/>
                          </gmd:function>
                      </gmd:CI_OnlineResource>
                    </gmd:onlineResource>
                  </gmd:CI_Contact>
                </gmd:contactInfo>
                <gmd:role/>
              </gmd:CI_ResponsibleParty>
            </gmd:citedResponsibleParty>
          </gmd:CI_Citation>
        </gmd:aggregateDataSetName>
          <gmd:aggregateDataSetIdentifier>
            <gmd:MD_Identifier>
              <gmd:code>
                <gmx:Anchor xlink:href="http://lod.bco-dmo.org/id/program/2022.rdf" xlink:title="Program Acronym" xlink:actuate="onRequest">U.S. GEOTRACES</gmx:Anchor>
              </gmd:code>
            </gmd:MD_Identifier>
          </gmd:aggregateDataSetIdentifier>
          <gmd:associationType>
            <gmd:DS_AssociationTypeCode codeList="http://www.ngdc.noaa.gov/metadata/published/xsd/schema/resources/Codelist/gmxCodelists.xml#DS_AssociationTypeCode" codeListValue="largerWorkCitation">largerWorkCitation</gmd:DS_AssociationTypeCode>
          </gmd:associationType>
          <gmd:initiativeType>
            <gmd:DS_InitiativeTypeCode codeList="http://www.ngdc.noaa.gov/metadata/published/xsd/schema/resources/Codelist/gmxCodelists.xml#DS_InitiativeTypeCode" codeListValue="program">program</gmd:DS_InitiativeTypeCode>
          </gmd:initiativeType>
        </gmd:MD_AggregateInformation>
      </gmd:aggregationInfo><gmd:aggregationInfo>
        <gmd:MD_AggregateInformation>
          <gmd:aggregateDataSetName>
              <gmd:CI_Citation>
                <gmd:title>
                  <gmx:Anchor xlink:href="http://lod.bco-dmo.org/id/project/499723.rdf" xlink:title="Project" xlink:actuate="onRequest">U.S. GEOTRACES East Pacific Zonal Transect</gmx:Anchor>
                </gmd:title>
                <gmd:date gco:nilReason="inapplicable"/>
                <gmd:citedResponsibleParty>
                  <gmd:CI_ResponsibleParty>
                    <gmd:contactInfo>
                      <gmd:CI_Contact>
                        <gmd:onlineResource>
                          <gmd:CI_OnlineResource>
                          <gmd:linkage>
                            <gmd:URL>http://www.geotraces.org/</gmd:URL>
                          </gmd:linkage>
                          <gmd:name>
                            <gmx:Anchor xlink:href="http://lod.bco-dmo.org/id/project/499723.rdf" xlink:title="Project Name" xlink:actuate="onRequest">U.S. GEOTRACES East Pacific Zonal Transect</gmx:Anchor>
                          </gmd:name>
                          <gmd:description>
                            <gco:CharacterString>http://dmoserv3.whoi.edu/data_docs/GEOTRACES/EPZT/GEOTRACES_EPZT_TN303_CruiseTrack.png</gco:CharacterString>
                          </gmd:description>
                          <gmd:function>
                            <gmd:CI_OnLineFunctionCode codeList="http://www.isotc211.org/2005/resources/Codelist/gmxCodelists.xml#CI_OnLineFunctionCode" codeListValue="information"/>
                          </gmd:function>
                      </gmd:CI_OnlineResource>
                    </gmd:onlineResource>
                  </gmd:CI_Contact>
                </gmd:contactInfo>
                <gmd:role/>
              </gmd:CI_ResponsibleParty>
            </gmd:citedResponsibleParty>
          </gmd:CI_Citation>
        </gmd:aggregateDataSetName>
          <gmd:aggregateDataSetIdentifier>
            <gmd:MD_Identifier>
              <gmd:code>
                <gmx:Anchor xlink:href="http://lod.bco-dmo.org/id/project/499723.rdf" xlink:title="Project Acronym" xlink:actuate="onRequest">U.S. GEOTRACES EPZT</gmx:Anchor>
              </gmd:code>
            </gmd:MD_Identifier>
          </gmd:aggregateDataSetIdentifier>
          <gmd:associationType>
            <gmd:DS_AssociationTypeCode codeList="http://www.ngdc.noaa.gov/metadata/published/xsd/schema/resources/Codelist/gmxCodelists.xml#DS_AssociationTypeCode" codeListValue="largerWorkCitation">largerWorkCitation</gmd:DS_AssociationTypeCode>
          </gmd:associationType>
          <gmd:initiativeType>
            <gmd:DS_InitiativeTypeCode codeList="http://www.ngdc.noaa.gov/metadata/published/xsd/schema/resources/Codelist/gmxCodelists.xml#DS_InitiativeTypeCode" codeListValue="project">project</gmd:DS_InitiativeTypeCode>
          </gmd:initiativeType>
        </gmd:MD_AggregateInformation>
      </gmd:aggregationInfo>
      <gmd:language>
        <gco:CharacterString>eng; USA</gco:CharacterString>
      </gmd:language>
      <gmd:topicCategory>
        <gmd:MD_TopicCategoryCode>oceans</gmd:MD_TopicCategoryCode>
      </gmd:topicCategory>
       <gmd:extent>
        <gmd:EX_Extent id="boundingExtent"><gmd:description>
            <gco:CharacterString>Eastern Tropical Pacific - Transect from Peru to Tahiti</gco:CharacterString>
          </gmd:description><gmd:geographicElement>
            <gmd:EX_GeographicBoundingBox id="boundingGeographicBoundingBox">
              <gmd:westBoundLongitude>
                <gco:Decimal>-152.079</gco:Decimal>
              </gmd:westBoundLongitude>
              <gmd:eastBoundLongitude>
                <gco:Decimal>-77.37617</gco:Decimal>
              </gmd:eastBoundLongitude>
              <gmd:southBoundLatitude>
                <gco:Decimal>-17.57333</gco:Decimal>
              </gmd:southBoundLatitude>
              <gmd:northBoundLatitude>
                <gco:Decimal>-10.224</gco:Decimal>
              </gmd:northBoundLatitude>
            </gmd:EX_GeographicBoundingBox>
          </gmd:geographicElement>
        <gmd:temporalElement>
            <gmd:EX_TemporalExtent>
              <gmd:extent>
                <gml:TimeInstant frame="#ISO-8601" gml:id="ID">
                  <gml:timePosition>2014-10-30</gml:timePosition>
                </gml:TimeInstant>
              </gmd:extent>
            </gmd:EX_TemporalExtent>
          </gmd:temporalElement>
          </gmd:EX_Extent>
      </gmd:extent>
    </gmd:MD_DataIdentification>
  </gmd:identificationInfo>
  <gmd:contentInfo>
    <gmd:MD_FeatureCatalogueDescription>
      <gmd:includedWithDataset>
        <gco:Boolean>0</gco:Boolean>
      </gmd:includedWithDataset>
      <gmd:featureCatalogueCitation>
        <gmd:CI_Citation>
          <gmd:title>
            <gco:CharacterString>BCO-DMO catalogue of parameters from Cast Events Summary Table from the U.S. GEOTRACES EPZT project of the U.S. GEOTRACES program</gco:CharacterString>
          </gmd:title>
          <gmd:date gco:nilReason="unknown"/>
          <gmd:citedResponsibleParty>
            <gmd:CI_ResponsibleParty>
  <gmd:organisationName>
    <gmx:Anchor xlink:href="http://lod.bco-dmo.org/id/affiliation/191.rdf" xlink:actuate="onRequest">Biological and Chemical Oceanography Data Management Office (BCO-DMO)</gmx:Anchor>
  </gmd:organisationName>
  <gmd:contactInfo>
    <gmd:CI_Contact>
		  <gmd:phone>
		    <gmd:CI_Telephone>
				  <gmd:voice>
				    <gco:CharacterString>Unavailable</gco:CharacterString>
				  </gmd:voice>
				  <gmd:facsimile>
				    <gco:CharacterString>508-289-2009</gco:CharacterString>
				  </gmd:facsimile>
				</gmd:CI_Telephone>
		  </gmd:phone>
		  <gmd:address>
		    <gmd:CI_Address>
				  <gmd:deliveryPoint>
				    <gco:CharacterString>WHOI MS#36</gco:CharacterString>
				  </gmd:deliveryPoint>
				  <gmd:city>
				    <gco:CharacterString>Woods Hole</gco:CharacterString>
				  </gmd:city>
				  <gmd:administrativeArea>
				    <gco:CharacterString>MA</gco:CharacterString>
				  </gmd:administrativeArea>
				  <gmd:postalCode>
				    <gco:CharacterString>02543</gco:CharacterString>
				  </gmd:postalCode>
				  <gmd:country>
				    <gco:CharacterString>USA</gco:CharacterString>
				  </gmd:country>
				  <gmd:electronicMailAddress>
				    <gco:CharacterString>info@bco-dmo.org</gco:CharacterString>
				  </gmd:electronicMailAddress>
		    </gmd:CI_Address>
		  </gmd:address>
      <gmd:onlineResource>
          <gmd:CI_OnlineResource>
            <gmd:linkage>
              <gmd:URL>http://www.bco-dmo.org</gmd:URL>
            </gmd:linkage>
          </gmd:CI_OnlineResource>
        </gmd:onlineResource>
		  <gmd:hoursOfService>
        <gco:CharacterString>Monday - Friday 8:00am - 5:00pm</gco:CharacterString>
      </gmd:hoursOfService>
		  <gmd:contactInstructions>
		    <gco:CharacterString>For questions regarding this resource, please contact BCO-DMO via the email address provided.</gco:CharacterString>
		  </gmd:contactInstructions>
		</gmd:CI_Contact>
  </gmd:contactInfo>
  <gmd:role>
    <gmd:CI_RoleCode codeList="http://www.isotc211.org/2005/resources/Codelist/gmxCodelists.xml#CI_RoleCode" codeListValue="pointOfContact" codeSpace="007">pointOfContact</gmd:CI_RoleCode>
  </gmd:role>
</gmd:CI_ResponsibleParty>
          </gmd:citedResponsibleParty>
          <gmd:otherCitationDetails>
            <gco:CharacterString>
            http://lod.bco-dmo.org/id/dataset-parameter/523413.rdf
	Name: EXPOCODE
	Units: text
	Description: expedition code assigned by the CCHDO: NODCShipCodeYearMonthDay 
http://lod.bco-dmo.org/id/dataset-parameter/523414.rdf
	Name: SECT_ID
	Units: text
	Description: cruise section identification number 
http://lod.bco-dmo.org/id/dataset-parameter/523415.rdf
	Name: GEOTRC_EVENTNO
	Units: dimensionless
	Description: GEOTRACES Event Number 
http://lod.bco-dmo.org/id/dataset-parameter/523416.rdf
	Name: STNNBR
	Units: dimensionless
	Description: station number 
http://lod.bco-dmo.org/id/dataset-parameter/523417.rdf
	Name: CASTNO
	Units: dimensionless
	Description: cast number 
http://lod.bco-dmo.org/id/dataset-parameter/523418.rdf
	Name: CAST_TYPE
	Units: text
	Description: cast type 
http://lod.bco-dmo.org/id/dataset-parameter/523419.rdf
	Name: DATE
	Units: YYYYMMDD
	Description: Station Date (GMT) 
http://lod.bco-dmo.org/id/dataset-parameter/523420.rdf
	Name: TIME
	Units: HHMM
	Description: Station Time (GMT) 
http://lod.bco-dmo.org/id/dataset-parameter/523421.rdf
	Name: EVENT_CODE
	Units: text
	Description: event code (Begin; Bottom; End) 
http://lod.bco-dmo.org/id/dataset-parameter/523422.rdf
	Name: LATITUDE
	Units: decimal degrees
	Description: Station Latitude (South is negative) 
http://lod.bco-dmo.org/id/dataset-parameter/523423.rdf
	Name: LONGITUDE
	Units: decimal degrees
	Description: Station Longitude (West is negative) 
http://lod.bco-dmo.org/id/dataset-parameter/523424.rdf
	Name: NAV
	Units: text
	Description: nav source 
http://lod.bco-dmo.org/id/dataset-parameter/523425.rdf
	Name: CORR_DEPTH
	Units: meters
	Description: corrected depth (CTD depth + height above bottom) 
http://lod.bco-dmo.org/id/dataset-parameter/523426.rdf
	Name: HT_ABOVE_BOTTOM
	Units: meters
	Description: height above bottom 
http://lod.bco-dmo.org/id/dataset-parameter/523427.rdf
	Name: WIRE_OUT
	Units: meters
	Description: wire out 
http://lod.bco-dmo.org/id/dataset-parameter/523428.rdf
	Name: MAX_PRESS
	Units: dbar
	Description: max pressure 
http://lod.bco-dmo.org/id/dataset-parameter/523429.rdf
	Name: NO_BOTTLES
	Units: dimensionless
	Description: number of bottles 
http://lod.bco-dmo.org/id/dataset-parameter/523430.rdf
	Name: PARAMETERS
	Units: text
	Description: parameters measured 
http://lod.bco-dmo.org/id/dataset-parameter/523431.rdf
	Name: COMMENTS
	Units: text
	Description: comments 
http://lod.bco-dmo.org/id/dataset-parameter/557135.rdf
	Name: ISO_DATE_TIME
	Units: YYYY-MM-DDTHH:MM:SS[.xx]Z
	Description: Date/Time (ISO formatted) 
</gco:CharacterString>
          </gmd:otherCitationDetails>
        </gmd:CI_Citation>
      </gmd:featureCatalogueCitation>
      <gmd:featureCatalogueCitation>
        <gmd:CI_Citation>
          <gmd:title>
            <gco:CharacterString>GB/NERC/BODC &gt; British Oceanographic Data Centre, Natural Environment Research Council, United Kingdom</gco:CharacterString>
          </gmd:title>
          <gmd:date gco:nilReason="unknown"/>
          <gmd:citedResponsibleParty xlink:href="https://www.ngdc.noaa.gov/docucomp/3D8FE2C9DA324D40939C8D007587E011" xlink:title="GB/NERC/BODC &gt; British Oceanographic Data Centre, Natural Environment Research Council, United Kingdom"/>
          <gmd:otherCitationDetails>
            <gco:CharacterString>
            http://vocab.nerc.ac.uk/collection/P01/current/ADATAA01/ 
	Name: Date (UT as yyyymmdd) 
	Description: Unavailable 
http://vocab.nerc.ac.uk/collection/P01/current/AHMSAA01/ 
	Name: Time (UT as hh24miss) 
	Description: Time elapsed between 00:00 UT on the date of the event of interest and that event. 
http://vocab.nerc.ac.uk/collection/P09/current/LATX/ 
	Name: LATITUDE 
	Description: The angular distance north or south from the equator, measured along the meridian of the point of interest. 
http://vocab.nerc.ac.uk/collection/P09/current/LONX/ 
	Name: LONGITUDE 
	Description: The angular distance east or west east or west of Greenwich to the point of interest. 
http://vocab.nerc.ac.uk/collection/P01/current/DTUT8601/ 
	Name: Date and time (UT in ISO8601 format to sub-second precision) 
	Description: String corresponding to format 'yyyy-mm-ddThh:mi:ss.sss' optionally terminated by 'Z' 
</gco:CharacterString>
          </gmd:otherCitationDetails>
        </gmd:CI_Citation>
      </gmd:featureCatalogueCitation>
    </gmd:MD_FeatureCatalogueDescription>
  </gmd:contentInfo>
  <gmd:contentInfo>
    <gmi:MI_CoverageDescription>
      <gmd:attributeDescription>
        <gco:RecordType>Parameters for this dataset</gco:RecordType>
      </gmd:attributeDescription>
      <gmd:contentType>
        <gmd:MD_CoverageContentTypeCode codeList="MD_CoverageContentTypeCode" codeListValue="physicalMeasurement">physicalMeasurement</gmd:MD_CoverageContentTypeCode>
      </gmd:contentType>
      <gmd:dimension>
        <gmd:MD_Band>
          <gmd:sequenceIdentifier xlink:href="http://lod.bco-dmo.org/id/dataset-parameter/523413.rdf" xlink:title="cruise name" xlink:actuate="onRequest">
            <gco:MemberName>
              <gco:aName>
                <gco:CharacterString>EXPOCODE</gco:CharacterString>
              </gco:aName>
              <gco:attributeType>                <gco:TypeName>
                  <gco:aName>
                    <gco:CharacterString>cruise name</gco:CharacterString>
                  </gco:aName>
                </gco:TypeName>
              </gco:attributeType>
            </gco:MemberName>
          </gmd:sequenceIdentifier>
          <gmd:descriptor>
            <gco:CharacterString>PI-supplied Description: expedition code assigned by the CCHDO: NODCShipCodeYearMonthDay; General Description: The cruise_name is a local name chosen by project investigators for a research expedition on a vessel, as opposed to the formal/official cruise ID asserted by the vessel operator.</gco:CharacterString>
          </gmd:descriptor>
          <gmd:units>
            <gml:UnitDefinition gml:id="_parameterUnits523413">
             <gml:identifier codeSpace="http://lod.bco-dmo.org/id/dataset-parameter/523413.rdf">http://lod.bco-dmo.org/id/dataset-parameter/523413.rdf</gml:identifier>
             <gml:name>text</gml:name>
          </gml:UnitDefinition>
          </gmd:units>
        </gmd:MD_Band>
      </gmd:dimension>
      <gmd:dimension>
        <gmd:MD_Band>
          <gmd:sequenceIdentifier xlink:href="http://lod.bco-dmo.org/id/dataset-parameter/523414.rdf" xlink:title="cruise name" xlink:actuate="onRequest">
            <gco:MemberName>
              <gco:aName>
                <gco:CharacterString>SECT_ID</gco:CharacterString>
              </gco:aName>
              <gco:attributeType>                <gco:TypeName>
                  <gco:aName>
                    <gco:CharacterString>cruise name</gco:CharacterString>
                  </gco:aName>
                </gco:TypeName>
              </gco:attributeType>
            </gco:MemberName>
          </gmd:sequenceIdentifier>
          <gmd:descriptor>
            <gco:CharacterString>PI-supplied Description: cruise section identification number; General Description: The cruise_name is a local name chosen by project investigators for a research expedition on a vessel, as opposed to the formal/official cruise ID asserted by the vessel operator.</gco:CharacterString>
          </gmd:descriptor>
          <gmd:units>
            <gml:UnitDefinition gml:id="_parameterUnits523414">
             <gml:identifier codeSpace="http://lod.bco-dmo.org/id/dataset-parameter/523414.rdf">http://lod.bco-dmo.org/id/dataset-parameter/523414.rdf</gml:identifier>
             <gml:name>text</gml:name>
          </gml:UnitDefinition>
          </gmd:units>
        </gmd:MD_Band>
      </gmd:dimension>
      <gmd:dimension>
        <gmd:MD_Band>
          <gmd:sequenceIdentifier xlink:href="http://lod.bco-dmo.org/id/dataset-parameter/523415.rdf" xlink:title="event" xlink:actuate="onRequest">
            <gco:MemberName>
              <gco:aName>
                <gco:CharacterString>GEOTRC_EVENTNO</gco:CharacterString>
              </gco:aName>
              <gco:attributeType>                <gco:TypeName>
                  <gco:aName>
                    <gco:CharacterString>event</gco:CharacterString>
                  </gco:aName>
                </gco:TypeName>
              </gco:attributeType>
            </gco:MemberName>
          </gmd:sequenceIdentifier>
          <gmd:descriptor>
            <gco:CharacterString>PI-supplied Description: GEOTRACES Event Number; General Description: event or operation number; often derived from date/time (MMDDHHmm) of sampling and when combined with year (YYYY) is a unique sampling identifier/data processing key.  Date/time is not necessarily in GMT.</gco:CharacterString>
          </gmd:descriptor>
          <gmd:units>
            <gml:UnitDefinition gml:id="_parameterUnits523415">
             <gml:identifier codeSpace="http://lod.bco-dmo.org/id/dataset-parameter/523415.rdf">http://lod.bco-dmo.org/id/dataset-parameter/523415.rdf</gml:identifier>
             <gml:name>dimensionless</gml:name>
          </gml:UnitDefinition>
          </gmd:units>
        </gmd:MD_Band>
      </gmd:dimension>
      <gmd:dimension>
        <gmd:MD_Band>
          <gmd:sequenceIdentifier xlink:href="http://lod.bco-dmo.org/id/dataset-parameter/523416.rdf" xlink:title="station" xlink:actuate="onRequest">
            <gco:MemberName>
              <gco:aName>
                <gco:CharacterString>STNNBR</gco:CharacterString>
              </gco:aName>
              <gco:attributeType>                <gco:TypeName>
                  <gco:aName>
                    <gco:CharacterString>station</gco:CharacterString>
                  </gco:aName>
                </gco:TypeName>
              </gco:attributeType>
            </gco:MemberName>
          </gmd:sequenceIdentifier>
          <gmd:descriptor>
            <gco:CharacterString>PI-supplied Description: station number; General Description: consecutive station number</gco:CharacterString>
          </gmd:descriptor>
          <gmd:units>
            <gml:UnitDefinition gml:id="_parameterUnits523416">
             <gml:identifier codeSpace="http://lod.bco-dmo.org/id/dataset-parameter/523416.rdf">http://lod.bco-dmo.org/id/dataset-parameter/523416.rdf</gml:identifier>
             <gml:name>dimensionless</gml:name>
          </gml:UnitDefinition>
          </gmd:units>
        </gmd:MD_Band>
      </gmd:dimension>
      <gmd:dimension>
        <gmd:MD_Band>
          <gmd:sequenceIdentifier xlink:href="http://lod.bco-dmo.org/id/dataset-parameter/523417.rdf" xlink:title="cast" xlink:actuate="onRequest">
            <gco:MemberName>
              <gco:aName>
                <gco:CharacterString>CASTNO</gco:CharacterString>
              </gco:aName>
              <gco:attributeType>                <gco:TypeName>
                  <gco:aName>
                    <gco:CharacterString>cast</gco:CharacterString>
                  </gco:aName>
                </gco:TypeName>
              </gco:attributeType>
            </gco:MemberName>
          </gmd:sequenceIdentifier>
          <gmd:descriptor>
            <gco:CharacterString>PI-supplied Description: cast number; General Description: cast or profile number</gco:CharacterString>
          </gmd:descriptor>
          <gmd:units>
            <gml:UnitDefinition gml:id="_parameterUnits523417">
             <gml:identifier codeSpace="http://lod.bco-dmo.org/id/dataset-parameter/523417.rdf">http://lod.bco-dmo.org/id/dataset-parameter/523417.rdf</gml:identifier>
             <gml:name>dimensionless</gml:name>
          </gml:UnitDefinition>
          </gmd:units>
        </gmd:MD_Band>
      </gmd:dimension>
      <gmd:dimension>
        <gmd:MD_Band>
          <gmd:sequenceIdentifier xlink:href="http://lod.bco-dmo.org/id/dataset-parameter/523418.rdf" xlink:title="cast type" xlink:actuate="onRequest">
            <gco:MemberName>
              <gco:aName>
                <gco:CharacterString>CAST_TYPE</gco:CharacterString>
              </gco:aName>
              <gco:attributeType>                <gco:TypeName>
                  <gco:aName>
                    <gco:CharacterString>cast type</gco:CharacterString>
                  </gco:aName>
                </gco:TypeName>
              </gco:attributeType>
            </gco:MemberName>
          </gmd:sequenceIdentifier>
          <gmd:descriptor>
            <gco:CharacterString>PI-supplied Description: cast type; General Description: sampling activity code; where CTD means CTD rosette bottle cast; TM means Trace Metal free rosette bottle cast</gco:CharacterString>
          </gmd:descriptor>
          <gmd:units>
            <gml:UnitDefinition gml:id="_parameterUnits523418">
             <gml:identifier codeSpace="http://lod.bco-dmo.org/id/dataset-parameter/523418.rdf">http://lod.bco-dmo.org/id/dataset-parameter/523418.rdf</gml:identifier>
             <gml:name>text</gml:name>
          </gml:UnitDefinition>
          </gmd:units>
        </gmd:MD_Band>
      </gmd:dimension>
      <gmd:dimension>
        <gmd:MD_Band>
          <gmd:sequenceIdentifier xlink:href="http://lod.bco-dmo.org/id/dataset-parameter/523419.rdf" xlink:title="date" xlink:actuate="onRequest">
            <gco:MemberName>
              <gco:aName>
                <gco:CharacterString>DATE</gco:CharacterString>
              </gco:aName>
              <gco:attributeType xlink:href="http://vocab.nerc.ac.uk/collection/P01/current/ADATAA01/" xlink:title="Date (UT as yyyymmdd)" xlink:actuate="onRequest">                <gco:TypeName>
                  <gco:aName>
                    <gco:CharacterString>date</gco:CharacterString>
                  </gco:aName>
                </gco:TypeName>
              </gco:attributeType>
            </gco:MemberName>
          </gmd:sequenceIdentifier>
          <gmd:descriptor>
            <gco:CharacterString>PI-supplied Description: Station Date (GMT); General Description: date; generally reported in GMT as YYYYMMDD (year; month; day); also as MMDD (month; day); EqPac dates are local Hawaii time NERC Description: Unavailable</gco:CharacterString>
          </gmd:descriptor>
          <gmd:units>
            <gml:UnitDefinition gml:id="_parameterUnits523419">
             <gml:identifier codeSpace="http://lod.bco-dmo.org/id/dataset-parameter/523419.rdf">http://lod.bco-dmo.org/id/dataset-parameter/523419.rdf</gml:identifier>
             <gml:name>YYYYMMDD</gml:name>
          </gml:UnitDefinition>
          </gmd:units>
        </gmd:MD_Band>
      </gmd:dimension>
      <gmd:dimension>
        <gmd:MD_Band>
          <gmd:sequenceIdentifier xlink:href="http://lod.bco-dmo.org/id/dataset-parameter/523420.rdf" xlink:title="time of day" xlink:actuate="onRequest">
            <gco:MemberName>
              <gco:aName>
                <gco:CharacterString>TIME</gco:CharacterString>
              </gco:aName>
              <gco:attributeType xlink:href="http://vocab.nerc.ac.uk/collection/P01/current/AHMSAA01/" xlink:title="Time (UT as hh24miss)" xlink:actuate="onRequest">                <gco:TypeName>
                  <gco:aName>
                    <gco:CharacterString>time of day</gco:CharacterString>
                  </gco:aName>
                </gco:TypeName>
              </gco:attributeType>
            </gco:MemberName>
          </gmd:sequenceIdentifier>
          <gmd:descriptor>
            <gco:CharacterString>PI-supplied Description: Station Time (GMT); General Description: Time GMT defined as HHMM; time of day; generally reported in GMT as HHMM (hours and minutes) but may also be HH.H (decimal hours) or HHMMSS (hours; minutes and seconds); in EqPac time is reported as Hawaii local time NERC Description: Time elapsed between 00:00 UT on the date of the event of interest and that event.</gco:CharacterString>
          </gmd:descriptor>
          <gmd:units>
            <gml:UnitDefinition gml:id="_parameterUnits523420">
             <gml:identifier codeSpace="http://lod.bco-dmo.org/id/dataset-parameter/523420.rdf">http://lod.bco-dmo.org/id/dataset-parameter/523420.rdf</gml:identifier>
             <gml:name>HHMM</gml:name>
          </gml:UnitDefinition>
          </gmd:units>
        </gmd:MD_Band>
      </gmd:dimension>
      <gmd:dimension>
        <gmd:MD_Band>
          <gmd:sequenceIdentifier xlink:href="http://lod.bco-dmo.org/id/dataset-parameter/523421.rdf" xlink:title="event code" xlink:actuate="onRequest">
            <gco:MemberName>
              <gco:aName>
                <gco:CharacterString>EVENT_CODE</gco:CharacterString>
              </gco:aName>
              <gco:attributeType>                <gco:TypeName>
                  <gco:aName>
                    <gco:CharacterString>event code</gco:CharacterString>
                  </gco:aName>
                </gco:TypeName>
              </gco:attributeType>
            </gco:MemberName>
          </gmd:sequenceIdentifier>
          <gmd:descriptor>
            <gco:CharacterString>PI-supplied Description: event code (Begin; Bottom; End); General Description: an abbreviation code describing the sampling event type and sequence number, e.g. CTD001, TM001, MULVFS_01, MOCNESS_01</gco:CharacterString>
          </gmd:descriptor>
          <gmd:units>
            <gml:UnitDefinition gml:id="_parameterUnits523421">
             <gml:identifier codeSpace="http://lod.bco-dmo.org/id/dataset-parameter/523421.rdf">http://lod.bco-dmo.org/id/dataset-parameter/523421.rdf</gml:identifier>
             <gml:name>text</gml:name>
          </gml:UnitDefinition>
          </gmd:units>
        </gmd:MD_Band>
      </gmd:dimension>
      <gmd:dimension>
        <gmd:MD_Band>
          <gmd:sequenceIdentifier xlink:href="http://lod.bco-dmo.org/id/dataset-parameter/523422.rdf" xlink:title="latitude" xlink:actuate="onRequest">
            <gco:MemberName>
              <gco:aName>
                <gco:CharacterString>LATITUDE</gco:CharacterString>
              </gco:aName>
              <gco:attributeType xlink:href="http://vocab.nerc.ac.uk/collection/P09/current/LATX/" xlink:title="LATITUDE" xlink:actuate="onRequest">                <gco:TypeName>
                  <gco:aName>
                    <gco:CharacterString>latitude</gco:CharacterString>
                  </gco:aName>
                </gco:TypeName>
              </gco:attributeType>
            </gco:MemberName>
          </gmd:sequenceIdentifier>
          <gmd:descriptor>
            <gco:CharacterString>PI-supplied Description: Station Latitude (South is negative); General Description: latitude, in decimal degrees, North is positive, negative denotes South; Reported in some datasets as degrees, minutes NERC Description: The angular distance north or south from the equator, measured along the meridian of the point of interest.</gco:CharacterString>
          </gmd:descriptor>
          <gmd:units>
            <gml:UnitDefinition gml:id="_parameterUnits523422">
             <gml:identifier codeSpace="http://lod.bco-dmo.org/id/dataset-parameter/523422.rdf">http://lod.bco-dmo.org/id/dataset-parameter/523422.rdf</gml:identifier>
             <gml:name>decimal degrees</gml:name>
          </gml:UnitDefinition>
          </gmd:units>
        </gmd:MD_Band>
      </gmd:dimension>
      <gmd:dimension>
        <gmd:MD_Band>
          <gmd:sequenceIdentifier xlink:href="http://lod.bco-dmo.org/id/dataset-parameter/523423.rdf" xlink:title="longitude" xlink:actuate="onRequest">
            <gco:MemberName>
              <gco:aName>
                <gco:CharacterString>LONGITUDE</gco:CharacterString>
              </gco:aName>
              <gco:attributeType xlink:href="http://vocab.nerc.ac.uk/collection/P09/current/LONX/" xlink:title="LONGITUDE" xlink:actuate="onRequest">                <gco:TypeName>
                  <gco:aName>
                    <gco:CharacterString>longitude</gco:CharacterString>
                  </gco:aName>
                </gco:TypeName>
              </gco:attributeType>
            </gco:MemberName>
          </gmd:sequenceIdentifier>
          <gmd:descriptor>
            <gco:CharacterString>PI-supplied Description: Station Longitude (West is negative); General Description: longitude, in decimal degrees, East is positive, negative denotes West; Reported in some datsets as degrees, minutes NERC Description: The angular distance east or west east or west of Greenwich to the point of interest.</gco:CharacterString>
          </gmd:descriptor>
          <gmd:units>
            <gml:UnitDefinition gml:id="_parameterUnits523423">
             <gml:identifier codeSpace="http://lod.bco-dmo.org/id/dataset-parameter/523423.rdf">http://lod.bco-dmo.org/id/dataset-parameter/523423.rdf</gml:identifier>
             <gml:name>decimal degrees</gml:name>
          </gml:UnitDefinition>
          </gmd:units>
        </gmd:MD_Band>
      </gmd:dimension>
      <gmd:dimension>
        <gmd:MD_Band>
          <gmd:sequenceIdentifier xlink:href="http://lod.bco-dmo.org/id/dataset-parameter/523424.rdf" xlink:title="navigation source" xlink:actuate="onRequest">
            <gco:MemberName>
              <gco:aName>
                <gco:CharacterString>NAV</gco:CharacterString>
              </gco:aName>
              <gco:attributeType>                <gco:TypeName>
                  <gco:aName>
                    <gco:CharacterString>navigation source</gco:CharacterString>
                  </gco:aName>
                </gco:TypeName>
              </gco:attributeType>
            </gco:MemberName>
          </gmd:sequenceIdentifier>
          <gmd:descriptor>
            <gco:CharacterString>PI-supplied Description: nav source; General Description: along with navigation type, navigation source such as level of processing (Raw/Real Time, reNaved, etc)</gco:CharacterString>
          </gmd:descriptor>
          <gmd:units>
            <gml:UnitDefinition gml:id="_parameterUnits523424">
             <gml:identifier codeSpace="http://lod.bco-dmo.org/id/dataset-parameter/523424.rdf">http://lod.bco-dmo.org/id/dataset-parameter/523424.rdf</gml:identifier>
             <gml:name>text</gml:name>
          </gml:UnitDefinition>
          </gmd:units>
        </gmd:MD_Band>
      </gmd:dimension>
      <gmd:dimension>
        <gmd:MD_Band>
          <gmd:sequenceIdentifier xlink:href="http://lod.bco-dmo.org/id/dataset-parameter/523425.rdf" xlink:title="depth_w" xlink:actuate="onRequest">
            <gco:MemberName>
              <gco:aName>
                <gco:CharacterString>CORR_DEPTH</gco:CharacterString>
              </gco:aName>
              <gco:attributeType>                <gco:TypeName>
                  <gco:aName>
                    <gco:CharacterString>depth_w</gco:CharacterString>
                  </gco:aName>
                </gco:TypeName>
              </gco:attributeType>
            </gco:MemberName>
          </gmd:sequenceIdentifier>
          <gmd:descriptor>
            <gco:CharacterString>PI-supplied Description: corrected depth (CTD depth + height above bottom); General Description: water depth, in meters</gco:CharacterString>
          </gmd:descriptor>
          <gmd:units>
            <gml:UnitDefinition gml:id="_parameterUnits523425">
             <gml:identifier codeSpace="http://lod.bco-dmo.org/id/dataset-parameter/523425.rdf">http://lod.bco-dmo.org/id/dataset-parameter/523425.rdf</gml:identifier>
             <gml:name>meters</gml:name>
          </gml:UnitDefinition>
          </gmd:units>
        </gmd:MD_Band>
      </gmd:dimension>
      <gmd:dimension>
        <gmd:MD_Band>
          <gmd:sequenceIdentifier xlink:href="http://lod.bco-dmo.org/id/dataset-parameter/523426.rdf" xlink:title="altitude" xlink:actuate="onRequest">
            <gco:MemberName>
              <gco:aName>
                <gco:CharacterString>HT_ABOVE_BOTTOM</gco:CharacterString>
              </gco:aName>
              <gco:attributeType>                <gco:TypeName>
                  <gco:aName>
                    <gco:CharacterString>altitude</gco:CharacterString>
                  </gco:aName>
                </gco:TypeName>
              </gco:attributeType>
            </gco:MemberName>
          </gmd:sequenceIdentifier>
          <gmd:descriptor>
            <gco:CharacterString>PI-supplied Description: height above bottom; General Description: Altitude of sampler above the bottom</gco:CharacterString>
          </gmd:descriptor>
          <gmd:units>
            <gml:UnitDefinition gml:id="_parameterUnits523426">
             <gml:identifier codeSpace="http://lod.bco-dmo.org/id/dataset-parameter/523426.rdf">http://lod.bco-dmo.org/id/dataset-parameter/523426.rdf</gml:identifier>
             <gml:name>meters</gml:name>
          </gml:UnitDefinition>
          </gmd:units>
        </gmd:MD_Band>
      </gmd:dimension>
      <gmd:dimension>
        <gmd:MD_Band>
          <gmd:sequenceIdentifier xlink:href="http://lod.bco-dmo.org/id/dataset-parameter/523427.rdf" xlink:title="wire out" xlink:actuate="onRequest">
            <gco:MemberName>
              <gco:aName>
                <gco:CharacterString>WIRE_OUT</gco:CharacterString>
              </gco:aName>
              <gco:attributeType>                <gco:TypeName>
                  <gco:aName>
                    <gco:CharacterString>wire out</gco:CharacterString>
                  </gco:aName>
                </gco:TypeName>
              </gco:attributeType>
            </gco:MemberName>
          </gmd:sequenceIdentifier>
          <gmd:descriptor>
            <gco:CharacterString>PI-supplied Description: wire out; General Description: wire out in meters</gco:CharacterString>
          </gmd:descriptor>
          <gmd:units>
            <gml:UnitDefinition gml:id="_parameterUnits523427">
             <gml:identifier codeSpace="http://lod.bco-dmo.org/id/dataset-parameter/523427.rdf">http://lod.bco-dmo.org/id/dataset-parameter/523427.rdf</gml:identifier>
             <gml:name>meters</gml:name>
          </gml:UnitDefinition>
          </gmd:units>
        </gmd:MD_Band>
      </gmd:dimension>
      <gmd:dimension>
        <gmd:MD_Band>
          <gmd:sequenceIdentifier xlink:href="http://lod.bco-dmo.org/id/dataset-parameter/523428.rdf" xlink:title="maximum pressure" xlink:actuate="onRequest">
            <gco:MemberName>
              <gco:aName>
                <gco:CharacterString>MAX_PRESS</gco:CharacterString>
              </gco:aName>
              <gco:attributeType>                <gco:TypeName>
                  <gco:aName>
                    <gco:CharacterString>maximum pressure</gco:CharacterString>
                  </gco:aName>
                </gco:TypeName>
              </gco:attributeType>
            </gco:MemberName>
          </gmd:sequenceIdentifier>
          <gmd:descriptor>
            <gco:CharacterString>PI-supplied Description: max pressure; General Description: Maximum pressure measured in decibars.</gco:CharacterString>
          </gmd:descriptor>
          <gmd:units>
            <gml:UnitDefinition gml:id="_parameterUnits523428">
             <gml:identifier codeSpace="http://lod.bco-dmo.org/id/dataset-parameter/523428.rdf">http://lod.bco-dmo.org/id/dataset-parameter/523428.rdf</gml:identifier>
             <gml:name>dbar</gml:name>
          </gml:UnitDefinition>
          </gmd:units>
        </gmd:MD_Band>
      </gmd:dimension>
      <gmd:dimension>
        <gmd:MD_Band>
          <gmd:sequenceIdentifier xlink:href="http://lod.bco-dmo.org/id/dataset-parameter/523429.rdf" xlink:title="bottles" xlink:actuate="onRequest">
            <gco:MemberName>
              <gco:aName>
                <gco:CharacterString>NO_BOTTLES</gco:CharacterString>
              </gco:aName>
              <gco:attributeType>                <gco:TypeName>
                  <gco:aName>
                    <gco:CharacterString>bottles</gco:CharacterString>
                  </gco:aName>
                </gco:TypeName>
              </gco:attributeType>
            </gco:MemberName>
          </gmd:sequenceIdentifier>
          <gmd:descriptor>
            <gco:CharacterString>PI-supplied Description: number of bottles; General Description: rosette bottle numbers; composite sample drawn from two or more bottles</gco:CharacterString>
          </gmd:descriptor>
          <gmd:units>
            <gml:UnitDefinition gml:id="_parameterUnits523429">
             <gml:identifier codeSpace="http://lod.bco-dmo.org/id/dataset-parameter/523429.rdf">http://lod.bco-dmo.org/id/dataset-parameter/523429.rdf</gml:identifier>
             <gml:name>dimensionless</gml:name>
          </gml:UnitDefinition>
          </gmd:units>
        </gmd:MD_Band>
      </gmd:dimension>
      <gmd:dimension>
        <gmd:MD_Band>
          <gmd:sequenceIdentifier xlink:href="http://lod.bco-dmo.org/id/dataset-parameter/523430.rdf" xlink:title="sample type" xlink:actuate="onRequest">
            <gco:MemberName>
              <gco:aName>
                <gco:CharacterString>PARAMETERS</gco:CharacterString>
              </gco:aName>
              <gco:attributeType>                <gco:TypeName>
                  <gco:aName>
                    <gco:CharacterString>sample type</gco:CharacterString>
                  </gco:aName>
                </gco:TypeName>
              </gco:attributeType>
            </gco:MemberName>
          </gmd:sequenceIdentifier>
          <gmd:descriptor>
            <gco:CharacterString>PI-supplied Description: parameters measured; General Description: text description of type of sample collected (rock, bio, fluid, etc)</gco:CharacterString>
          </gmd:descriptor>
          <gmd:units>
            <gml:UnitDefinition gml:id="_parameterUnits523430">
             <gml:identifier codeSpace="http://lod.bco-dmo.org/id/dataset-parameter/523430.rdf">http://lod.bco-dmo.org/id/dataset-parameter/523430.rdf</gml:identifier>
             <gml:name>text</gml:name>
          </gml:UnitDefinition>
          </gmd:units>
        </gmd:MD_Band>
      </gmd:dimension>
      <gmd:dimension>
        <gmd:MD_Band>
          <gmd:sequenceIdentifier xlink:href="http://lod.bco-dmo.org/id/dataset-parameter/523431.rdf" xlink:title="comments" xlink:actuate="onRequest">
            <gco:MemberName>
              <gco:aName>
                <gco:CharacterString>COMMENTS</gco:CharacterString>
              </gco:aName>
              <gco:attributeType>                <gco:TypeName>
                  <gco:aName>
                    <gco:CharacterString>comments</gco:CharacterString>
                  </gco:aName>
                </gco:TypeName>
              </gco:attributeType>
            </gco:MemberName>
          </gmd:sequenceIdentifier>
          <gmd:descriptor>
            <gco:CharacterString>PI-supplied Description: comments; General Description: free text comments, may only have meaning to submitting PI</gco:CharacterString>
          </gmd:descriptor>
          <gmd:units>
            <gml:UnitDefinition gml:id="_parameterUnits523431">
             <gml:identifier codeSpace="http://lod.bco-dmo.org/id/dataset-parameter/523431.rdf">http://lod.bco-dmo.org/id/dataset-parameter/523431.rdf</gml:identifier>
             <gml:name>text</gml:name>
          </gml:UnitDefinition>
          </gmd:units>
        </gmd:MD_Band>
      </gmd:dimension>
      <gmd:dimension>
        <gmd:MD_Band>
          <gmd:sequenceIdentifier xlink:href="http://lod.bco-dmo.org/id/dataset-parameter/557135.rdf" xlink:title="ISO_DateTime_UTC" xlink:actuate="onRequest">
            <gco:MemberName>
              <gco:aName>
                <gco:CharacterString>ISO_DATE_TIME</gco:CharacterString>
              </gco:aName>
              <gco:attributeType xlink:href="http://vocab.nerc.ac.uk/collection/P01/current/DTUT8601/" xlink:title="Date and time (UT in ISO8601 format to sub-second precision)" xlink:actuate="onRequest">                <gco:TypeName>
                  <gco:aName>
                    <gco:CharacterString>ISO_DateTime_UTC</gco:CharacterString>
                  </gco:aName>
                </gco:TypeName>
              </gco:attributeType>
            </gco:MemberName>
          </gmd:sequenceIdentifier>
          <gmd:descriptor>
            <gco:CharacterString>PI-supplied Description: Date/Time (ISO formatted); General Description: Date/Time (UTC) ISO formattedThis standard is based on ISO 8601:2004(E) and takes on any of the following forms:2009-08-30T09:05:00[.xx] (local time)2009-08-30T14:05:00[.xx]Z (UTC time)2009-08-30T14:05:00[.xx]-05:00The dashes and the colons can be dropped.The T can also be dropped &quot;by mutual agreement&quot;, but one needs the trailing Z if the time is UTC.Sample ISO_datetime_utc:2009-08-30T14:05:00[.xx]Z (UTC time)Format: YYYY-mm-ddTHH:MM:SS[.xx]Z (UTC time) NERC Description: String corresponding to format 'yyyy-mm-ddThh:mi:ss.sss' optionally terminated by 'Z'</gco:CharacterString>
          </gmd:descriptor>
          <gmd:units>
            <gml:UnitDefinition gml:id="_parameterUnits557135">
             <gml:identifier codeSpace="http://lod.bco-dmo.org/id/dataset-parameter/557135.rdf">http://lod.bco-dmo.org/id/dataset-parameter/557135.rdf</gml:identifier>
             <gml:name>YYYY-MM-DDTHH:MM:SS[.xx]Z</gml:name>
          </gml:UnitDefinition>
          </gmd:units>
        </gmd:MD_Band>
      </gmd:dimension>
      </gmi:MI_CoverageDescription>
  </gmd:contentInfo>
  <gmd:distributionInfo>
    <gmd:MD_Distribution>
      <gmd:distributor>
        <gmd:MD_Distributor>
          <gmd:distributorContact>
            <gmd:CI_ResponsibleParty>
  <gmd:organisationName>
    <gmx:Anchor xlink:href="http://lod.bco-dmo.org/id/affiliation/191.rdf" xlink:actuate="onRequest">Biological and Chemical Oceanography Data Management Office (BCO-DMO)</gmx:Anchor>
  </gmd:organisationName>
  <gmd:contactInfo>
    <gmd:CI_Contact>
		  <gmd:phone>
		    <gmd:CI_Telephone>
				  <gmd:voice>
				    <gco:CharacterString>Unavailable</gco:CharacterString>
				  </gmd:voice>
				  <gmd:facsimile>
				    <gco:CharacterString>508-289-2009</gco:CharacterString>
				  </gmd:facsimile>
				</gmd:CI_Telephone>
		  </gmd:phone>
		  <gmd:address>
		    <gmd:CI_Address>
				  <gmd:deliveryPoint>
				    <gco:CharacterString>WHOI MS#36</gco:CharacterString>
				  </gmd:deliveryPoint>
				  <gmd:city>
				    <gco:CharacterString>Woods Hole</gco:CharacterString>
				  </gmd:city>
				  <gmd:administrativeArea>
				    <gco:CharacterString>MA</gco:CharacterString>
				  </gmd:administrativeArea>
				  <gmd:postalCode>
				    <gco:CharacterString>02543</gco:CharacterString>
				  </gmd:postalCode>
				  <gmd:country>
				    <gco:CharacterString>USA</gco:CharacterString>
				  </gmd:country>
				  <gmd:electronicMailAddress>
				    <gco:CharacterString>info@bco-dmo.org</gco:CharacterString>
				  </gmd:electronicMailAddress>
		    </gmd:CI_Address>
		  </gmd:address>
      <gmd:onlineResource>
          <gmd:CI_OnlineResource>
            <gmd:linkage>
              <gmd:URL>http://www.bco-dmo.org</gmd:URL>
            </gmd:linkage>
          </gmd:CI_OnlineResource>
        </gmd:onlineResource>
		  <gmd:hoursOfService>
        <gco:CharacterString>Monday - Friday 8:00am - 5:00pm</gco:CharacterString>
      </gmd:hoursOfService>
		  <gmd:contactInstructions>
		    <gco:CharacterString>For questions regarding this resource, please contact BCO-DMO via the email address provided.</gco:CharacterString>
		  </gmd:contactInstructions>
		</gmd:CI_Contact>
  </gmd:contactInfo>
  <gmd:role>
    <gmd:CI_RoleCode codeList="http://www.isotc211.org/2005/resources/Codelist/gmxCodelists.xml#CI_RoleCode" codeListValue="pointOfContact" codeSpace="007">pointOfContact</gmd:CI_RoleCode>
  </gmd:role>
</gmd:CI_ResponsibleParty>
          </gmd:distributorContact>
        </gmd:MD_Distributor>
      </gmd:distributor>
      <gmd:transferOptions>
        <gmd:MD_DigitalTransferOptions>
        <gmd:onLine>
            <gmd:CI_OnlineResource>
              <gmd:linkage>
                <gmd:URL>http://www.bco-dmo.org/dataset/522846/data/download</gmd:URL>
              </gmd:linkage>
              <gmd:function>
                <gmd:CI_OnLineFunctionCode codeList="http://www.ngdc.noaa.gov/metadata/published/xsd/schema/resources/Codelist/gmxCodelists.xml#CI_OnLineFunctionCode" codeListValue="download">download</gmd:CI_OnLineFunctionCode>
              </gmd:function>
            </gmd:CI_OnlineResource>
          </gmd:onLine>
        </gmd:MD_DigitalTransferOptions>
      </gmd:transferOptions>
    </gmd:MD_Distribution>
  </gmd:distributionInfo>
  <gmd:dataQualityInfo>
    <gmd:DQ_DataQuality>
      <gmd:scope>
        <gmd:DQ_Scope>
          <gmd:level>
            <gmd:MD_ScopeCode codeList="http://www.ngdc.noaa.gov/metadata/published/xsd/schema/resources/Codelist/gmxCodelists.xml#MD_ScopeCode" codeListValue="dataset">dataset</gmd:MD_ScopeCode>
          </gmd:level>
        </gmd:DQ_Scope>
      </gmd:scope>
      <gmd:lineage>
        <gmd:LI_Lineage>
          <gmd:processStep xlink:title="Acquisition Description">
            <gmd:LI_ProcessStep>
              <gmd:description>
                <gco:CharacterString>&amp;lt;p&amp;gt;Contributed by ODF staff&amp;lt;/p&amp;gt;</gco:CharacterString>
              </gmd:description>
            </gmd:LI_ProcessStep>
          </gmd:processStep>
          <gmd:processStep xlink:title="Processing Description">
            <gmd:LI_ProcessStep>
              <gmd:description>
                <gco:CharacterString>&amp;lt;p&amp;gt;Contributed by ODF staff&amp;lt;/p&amp;gt;&amp;lt;p&amp;gt;&amp;lt;strong&amp;gt;BCO-DMO Processing Notes&amp;lt;/strong&amp;gt;&amp;lt;br /&amp;gt;&amp;amp;nbsp;- Generated from original .xlsx file &amp;quot;gt13.sum&amp;quot; contributed by MCJ&amp;lt;br /&amp;gt;&amp;amp;nbsp;- Edits made by MCJ incorporated in v30Oct2014 version&amp;lt;br /&amp;gt;&amp;amp;nbsp;- &amp;quot;nd&amp;quot; no data inserted into blank cells&amp;lt;br /&amp;gt;&amp;amp;nbsp;- date reformatted to BCO-DMO standard of YYYYMMDD&amp;lt;br /&amp;gt;&amp;amp;nbsp;- time reformatted to BCO-DMO standard of HHMM&amp;lt;br /&amp;gt;&amp;amp;nbsp;- ISO date/time field inserted&amp;lt;br /&amp;gt;&amp;amp;nbsp;- parameters and comments re-formatted into single fields&amp;lt;br /&amp;gt;&amp;amp;nbsp;- GEOTRC_EVENTNO field added as a separate column&amp;lt;br /&amp;gt;&amp;amp;nbsp;- latitude in decimal degrees generated from latitude degs, mins&amp;lt;br /&amp;gt;&amp;amp;nbsp;- longitude in decimal degrees generated from longitude degs, mins&amp;lt;/p&amp;gt;</gco:CharacterString>
              </gmd:description>
            </gmd:LI_ProcessStep>
          </gmd:processStep>
        </gmd:LI_Lineage>
      </gmd:lineage>
   </gmd:DQ_DataQuality>
  </gmd:dataQualityInfo>
  <gmd:metadataMaintenance>
    <gmd:MD_MaintenanceInformation>
      <gmd:maintenanceAndUpdateFrequency>
        <gmd:MD_MaintenanceFrequencyCode codeList="http://www.isotc211.org/2005/resources/Codelist/gmxCodelists.xml#MD_MaintenanceFrequencyCode" codeListValue="asNeeded" codeSpace="009">asNeeded</gmd:MD_MaintenanceFrequencyCode>
      </gmd:maintenanceAndUpdateFrequency>
      <gmd:maintenanceNote>
        <gco:CharacterString>7.x-1.1</gco:CharacterString>
      </gmd:maintenanceNote>
      <gmd:contact>
        <gmd:CI_ResponsibleParty>
  <gmd:organisationName>
    <gmx:Anchor xlink:href="http://lod.bco-dmo.org/id/affiliation/191.rdf" xlink:actuate="onRequest">Biological and Chemical Oceanography Data Management Office (BCO-DMO)</gmx:Anchor>
  </gmd:organisationName>
  <gmd:contactInfo>
    <gmd:CI_Contact>
		  <gmd:phone>
		    <gmd:CI_Telephone>
				  <gmd:voice>
				    <gco:CharacterString>Unavailable</gco:CharacterString>
				  </gmd:voice>
				  <gmd:facsimile>
				    <gco:CharacterString>508-289-2009</gco:CharacterString>
				  </gmd:facsimile>
				</gmd:CI_Telephone>
		  </gmd:phone>
		  <gmd:address>
		    <gmd:CI_Address>
				  <gmd:deliveryPoint>
				    <gco:CharacterString>WHOI MS#36</gco:CharacterString>
				  </gmd:deliveryPoint>
				  <gmd:city>
				    <gco:CharacterString>Woods Hole</gco:CharacterString>
				  </gmd:city>
				  <gmd:administrativeArea>
				    <gco:CharacterString>MA</gco:CharacterString>
				  </gmd:administrativeArea>
				  <gmd:postalCode>
				    <gco:CharacterString>02543</gco:CharacterString>
				  </gmd:postalCode>
				  <gmd:country>
				    <gco:CharacterString>USA</gco:CharacterString>
				  </gmd:country>
				  <gmd:electronicMailAddress>
				    <gco:CharacterString>info@bco-dmo.org</gco:CharacterString>
				  </gmd:electronicMailAddress>
		    </gmd:CI_Address>
		  </gmd:address>
      <gmd:onlineResource>
          <gmd:CI_OnlineResource>
            <gmd:linkage>
              <gmd:URL>http://www.bco-dmo.org</gmd:URL>
            </gmd:linkage>
          </gmd:CI_OnlineResource>
        </gmd:onlineResource>
		  <gmd:hoursOfService>
        <gco:CharacterString>Monday - Friday 8:00am - 5:00pm</gco:CharacterString>
      </gmd:hoursOfService>
		  <gmd:contactInstructions>
		    <gco:CharacterString>For questions regarding this resource, please contact BCO-DMO via the email address provided.</gco:CharacterString>
		  </gmd:contactInstructions>
		</gmd:CI_Contact>
  </gmd:contactInfo>
  <gmd:role>
    <gmd:CI_RoleCode codeList="http://www.isotc211.org/2005/resources/Codelist/gmxCodelists.xml#CI_RoleCode" codeListValue="pointOfContact" codeSpace="007">pointOfContact</gmd:CI_RoleCode>
  </gmd:role>
</gmd:CI_ResponsibleParty>
      </gmd:contact>
    </gmd:MD_MaintenanceInformation>
  </gmd:metadataMaintenance>
  <gmi:acquisitionInformation>
    <gmi:MI_AcquisitionInformation>
    <gmi:operation>
          <gmi:MI_Operation>
            <gmi:description>
              <gco:CharacterString>Cruise: TN303</gco:CharacterString>
            </gmi:description>
            <gmi:identifier>
              <gmd:MD_Identifier>
                <gmd:code>
                  <gmx:Anchor xlink:href="http://lod.bco-dmo.org/id/deployment/499719.rdf" xlink:title="Cruise" xlink:actuate="onRequest">TN303</gmx:Anchor>
                </gmd:code>
              </gmd:MD_Identifier>
            </gmi:identifier>
            <gmi:status>
              <gmd:MD_ProgressCode codeList="http://www.ngdc.noaa.gov/metadata/published/xsd/schema/resources/Codelist/gmxCodelists.xml#MD_ProgressCode" codeListValue="completed"/>
            </gmi:status>
            <gmi:type>
              <gmi:MI_OperationTypeCode codeList="http://www.ngdc.noaa.gov/metadata/published/xsd/schema/resources/Codelist/gmxCodelists.xml#MI_OperationTypeCode" codeListValue="real"/>
            </gmi:type>
            <gmi:parentOperation gco:nilReason="inapplicable"/>
            <gmi:platform>
              <gmi:MI_Platform>
                <gmi:citation>
                 <gmd:CI_Citation>
                   <gmd:title>
                     <gmx:Anchor xlink:href="http://www.ocean.washington.edu/story/RV+Thomas+G+Thompson" xlink:actuate="onRequest">R/V Thomas G. Thompson</gmx:Anchor>
                   </gmd:title>
                   <gmd:date gco:nilReason="unknown"/>
                 </gmd:CI_Citation>
                </gmi:citation>
                <gmi:citation>
                 <gmd:CI_Citation>
                   <gmd:title>
                     <gmx:Anchor xlink:href="http://vocab.nerc.ac.uk/collection/C17/current/3250" xlink:actuate="onRequest">Community Standard Description</gmx:Anchor>
                   </gmd:title>
                   <gmd:date gco:nilReason="unknown"/>
                 </gmd:CI_Citation>
                </gmi:citation>
                <gmi:identifier>
                  <gmd:MD_Identifier>
                    <gmd:authority>
                      <gmd:CI_Citation>
                        <gmd:title>
                          <gmx:Anchor xlink:href="http://lod.bco-dmo.org/id/authority/1.rdf" xlink:actuate="onRequest">International Council for the Exploration of the Sea</gmx:Anchor>
                        </gmd:title>
                        <gmd:date gco:nilReason="unknown"/>
                      </gmd:CI_Citation>
                    </gmd:authority>
                    <gmd:code>
                      <gmx:Anchor xlink:href="http://lod.bco-dmo.org/id/platform/54017.rdf"
                       xlink:title="3250" xlink:actuate="onRequest">R/V Thomas G. Thompson</gmx:Anchor>
                    </gmd:code>
                  </gmd:MD_Identifier>
                </gmi:identifier>
                <gmi:description>
                  <gmx:Anchor xlink:href="http://lod.bco-dmo.org/id/platform/54017.rdf" xlink:title="R/V Thomas G. Thompson" xlink:actuate="onRequest">vessel</gmx:Anchor>
                </gmi:description>
                <gmi:instrument gco:nilReason="unknown"/>
              </gmi:MI_Platform>
            </gmi:platform>
            <gmi:plan>
              <gmi:MI_Plan>
                <gmi:status>
                  <gmd:MD_ProgressCode codeList="http://www.isotc211.org/2005/resources/Codelist/gmxCodelists.xml#MD_ProgressCode" codeListValue="completed"/>
                </gmi:status>
                <gmi:citation>
                  <gmd:CI_Citation>
                    <gmd:title>
                      <gmx:Anchor xlink:href="http://lod.bco-dmo.org/id/deployment/499719.rdf" xlink:title="Cruise" xlink:actuate="onRequest">TN303</gmx:Anchor>
                    </gmd:title>
                    <gmd:date gco:nilReason="unknown"/>
                    <gmd:citedResponsibleParty>
                      <gmd:CI_ResponsibleParty>
                      <gmd:individualName>
                          <gmx:Anchor xlink:href="http://lod.bco-dmo.org/id/person/50800.rdf" xlink:actuate="onRequest">Dr James W. Moffett</gmx:Anchor>
                        </gmd:individualName>
                        <gmd:organisationName>
                          <gmx:Anchor xlink:href="http://lod.bco-dmo.org/id/affiliation/39.rdf" xlink:title="Affiliation" xlink:actuate="onRequest">University of Southern California</gmx:Anchor>
                        </gmd:organisationName>
                        <gmd:contactInfo>
                        <gmd:CI_Contact>
                          <gmd:onlineResource>
                            <gmd:CI_OnlineResource>
                              <gmd:linkage>
                                <gmd:URL>http://dmoserv3.whoi.edu/data_docs/GEOTRACES/EPZT/GT13_EPZT_ODFReport_All.pdf</gmd:URL>
                              </gmd:linkage>
                              <gmd:description>
                                <gco:CharacterString>Report describing TN303</gco:CharacterString>
                              </gmd:description>
                            </gmd:CI_OnlineResource>
                          </gmd:onlineResource>
                        </gmd:CI_Contact>
                      </gmd:contactInfo>
                      <gmd:role>
                        <gmd:CI_RoleCode codeList="http://www.isotc211.org/2005/resources/Codelist/gmxCodelists.xml#CI_RoleCode" codeListValue="principalInvestigator"/>
                      </gmd:role>
                      </gmd:CI_ResponsibleParty>
                    </gmd:citedResponsibleParty>
                   </gmd:CI_Citation>
                </gmi:citation>
              </gmi:MI_Plan>
            </gmi:plan>
            </gmi:MI_Operation>
      </gmi:operation></gmi:MI_AcquisitionInformation>
  </gmi:acquisitionInformation>
</gmi:MI_Metadata>
