<?xml version="1.0" encoding="utf-8" ?><gmi:MI_Metadata
  xmlns:xsi="http://www.w3.org/2001/XMLSchema-instance"
  xmlns:gco="http://www.isotc211.org/2005/gco"
  xmlns:gfc="http://www.isotc211.org/2005/gfc"
  xmlns:gmd="http://www.isotc211.org/2005/gmd"
  xmlns:xlink="http://www.w3.org/1999/xlink"
  xmlns:srv="http://www.isotc211.org/2005/srv"
  xmlns:gml="http://www.opengis.net/gml/3.2"
  xmlns:gsr="http://www.isotc211.org/2005/gsr"
  xmlns:gss="http://www.isotc211.org/2005/gss"
  xmlns:gts="http://www.isotc211.org/2005/gts"
  xmlns:gmi="http://www.isotc211.org/2005/gmi"
  xmlns:gmx="http://www.isotc211.org/2005/gmx"
  xsi:schemaLocation="http://www.isotc211.org/2005/gmi http://www.ngdc.noaa.gov/metadata/published/xsd/schema.xsd">
  <gmd:fileIdentifier>
    <gco:CharacterString>http://lod.bco-dmo.org/id/dataset/3842</gco:CharacterString>
  </gmd:fileIdentifier>
  <gmd:language>
    <gco:CharacterString>eng; USA</gco:CharacterString>
  </gmd:language>
  <gmd:characterSet>
    <gmd:MD_CharacterSetCode codeList="http://www.isotc211.org/2005/resources/Codelist/gmxCodelists.xml#MD_CharacterSetCode" codeListValue="utf8">utf8</gmd:MD_CharacterSetCode>
  </gmd:characterSet>
  <gmd:hierarchyLevel>
    <gmd:MD_ScopeCode codeList="http://www.isotc211.org/2005/resources/Codelist/gmxCodelists.xml#MD_ScopeCode" codeListValue="dataset" codeSpace="005">dataset</gmd:MD_ScopeCode>
  </gmd:hierarchyLevel>
  <gmd:hierarchyLevelName>
    <gco:CharacterString>Highest level of data collection, from a common set of sensors or instrumentation, usually within the same research project</gco:CharacterString>
  </gmd:hierarchyLevelName>
  <gmd:contact>
    <gmd:CI_ResponsibleParty>
  <gmd:organisationName>
    <gmx:Anchor xlink:href="http://lod.bco-dmo.org/id/affiliation/191.rdf" xlink:actuate="onRequest">Biological and Chemical Oceanography Data Management Office (BCO-DMO)</gmx:Anchor>
  </gmd:organisationName>
  <gmd:contactInfo>
    <gmd:CI_Contact>
		  <gmd:phone>
		    <gmd:CI_Telephone>
				  <gmd:voice>
				    <gco:CharacterString>Unavailable</gco:CharacterString>
				  </gmd:voice>
				  <gmd:facsimile>
				    <gco:CharacterString>508-289-2009</gco:CharacterString>
				  </gmd:facsimile>
				</gmd:CI_Telephone>
		  </gmd:phone>
		  <gmd:address>
		    <gmd:CI_Address>
				  <gmd:deliveryPoint>
				    <gco:CharacterString>WHOI MS#36</gco:CharacterString>
				  </gmd:deliveryPoint>
				  <gmd:city>
				    <gco:CharacterString>Woods Hole</gco:CharacterString>
				  </gmd:city>
				  <gmd:administrativeArea>
				    <gco:CharacterString>MA</gco:CharacterString>
				  </gmd:administrativeArea>
				  <gmd:postalCode>
				    <gco:CharacterString>02543</gco:CharacterString>
				  </gmd:postalCode>
				  <gmd:country>
				    <gco:CharacterString>USA</gco:CharacterString>
				  </gmd:country>
				  <gmd:electronicMailAddress>
				    <gco:CharacterString>info@bco-dmo.org</gco:CharacterString>
				  </gmd:electronicMailAddress>
		    </gmd:CI_Address>
		  </gmd:address>
      <gmd:onlineResource>
          <gmd:CI_OnlineResource>
            <gmd:linkage>
              <gmd:URL>http://www.bco-dmo.org</gmd:URL>
            </gmd:linkage>
          </gmd:CI_OnlineResource>
        </gmd:onlineResource>
		  <gmd:hoursOfService>
        <gco:CharacterString>Monday - Friday 8:00am - 5:00pm</gco:CharacterString>
      </gmd:hoursOfService>
		  <gmd:contactInstructions>
		    <gco:CharacterString>For questions regarding this resource, please contact BCO-DMO via the email address provided.</gco:CharacterString>
		  </gmd:contactInstructions>
		</gmd:CI_Contact>
  </gmd:contactInfo>
  <gmd:role>
    <gmd:CI_RoleCode codeList="http://www.isotc211.org/2005/resources/Codelist/gmxCodelists.xml#CI_RoleCode" codeListValue="pointOfContact" codeSpace="007">pointOfContact</gmd:CI_RoleCode>
  </gmd:role>
</gmd:CI_ResponsibleParty>
  </gmd:contact>
  <gmd:dateStamp>
    <gco:Date>2013-01-07</gco:Date>
  </gmd:dateStamp>
  <gmd:metadataStandardName>
    <gco:CharacterString>ISO 19115-2 Geographic Information - Metadata - Part 2: Extensions for Imagery and Gridded Data</gco:CharacterString>
  </gmd:metadataStandardName>
  <gmd:metadataStandardVersion>
    <gco:CharacterString>ISO 19115-2:2009(E)</gco:CharacterString>
  </gmd:metadataStandardVersion>
  <gmd:referenceSystemInfo xlink:href="https://www.ngdc.noaa.gov/docucomp/895cc120-95ed-11e0-aa80-0800200c9a66" xlink:title="WGS 84 / World Mercator"/>
  <gmd:identificationInfo>
    <gmd:MD_DataIdentification>
      <gmd:citation>
        <gmd:CI_Citation>
          <gmd:title>
            <gmx:Anchor xlink:href="http://lod.bco-dmo.org/id/dataset/3842.rdf" xlink:actuate="onRequest">GT11 - Cruise Event Log from the U.S. GEOTRACES NAT project of the U.S. GEOTRACES program</gmx:Anchor>
          </gmd:title>
          <gmd:date>
            <gmd:CI_Date>
              <gmd:date>
                <gco:Date>2013-01-25</gco:Date>
              </gmd:date>
              <gmd:dateType>
                <gmd:CI_DateTypeCode codeList="http://www.isotc211.org/2005/resources/Codelist/gmxCodelists.xml#CI_DateTypeCode" codeListValue="publication" codeSpace="002">publication</gmd:CI_DateTypeCode>
              </gmd:dateType>
            </gmd:CI_Date>
          </gmd:date>
          <gmd:citedResponsibleParty>
           <gmd:CI_ResponsibleParty>
              <gmd:individualName>
                <gmx:Anchor xlink:href="http://lod.bco-dmo.org/id/person/50984.rdf" xlink:actuate="onRequest">Dr Edward  A. Boyle</gmx:Anchor>
              </gmd:individualName>
              <gmd:organisationName>
                <gmx:Anchor xlink:href="http://lod.bco-dmo.org/id/affiliation/24.rdf" xlink:actuate="onRequest">Massachusetts Institute of Technology</gmx:Anchor>
              </gmd:organisationName>
              <gmd:positionName>
               <gco:CharacterString></gco:CharacterString>
              </gmd:positionName>
              <gmd:role>
                <gmd:CI_RoleCode codeList="http://www.isotc211.org/2005/resources/Codelist/gmxCodelists.xml#CI_RoleCode" codeListValue="principalInvestigator" codeSpace="008">principalInvestigator</gmd:CI_RoleCode>
              </gmd:role>
            </gmd:CI_ResponsibleParty>
          </gmd:citedResponsibleParty>
          <gmd:citedResponsibleParty>
           <gmd:CI_ResponsibleParty>
              <gmd:individualName>
                <gmx:Anchor xlink:href="http://lod.bco-dmo.org/id/person/50679.rdf" xlink:actuate="onRequest">Dr Gregory Cutter</gmx:Anchor>
              </gmd:individualName>
              <gmd:organisationName>
                <gmx:Anchor xlink:href="http://lod.bco-dmo.org/id/affiliation/49.rdf" xlink:actuate="onRequest">Old Dominion University</gmx:Anchor>
              </gmd:organisationName>
              <gmd:positionName>
               <gco:CharacterString></gco:CharacterString>
              </gmd:positionName>
              <gmd:role>
                <gmd:CI_RoleCode codeList="http://www.isotc211.org/2005/resources/Codelist/gmxCodelists.xml#CI_RoleCode" codeListValue="principalInvestigator" codeSpace="008">principalInvestigator</gmd:CI_RoleCode>
              </gmd:role>
            </gmd:CI_ResponsibleParty>
          </gmd:citedResponsibleParty>
          <gmd:presentationForm>
            <gmd:CI_PresentationFormCode codeList="http://www.isotc211.org/2005/resources/Codelist/gmxCodelists.xml#CI_PresentationFormCode" codeListValue="documentDigital">documentDigital</gmd:CI_PresentationFormCode>
          </gmd:presentationForm>
          </gmd:CI_Citation>
      </gmd:citation>
      <gmd:abstract>
        <gco:CharacterString>GT11 (KN204-01) scientific sampling event log. Dataset Description: &amp;lt;p&amp;gt;Log of sampling events from the 2011 GEOTRACES cruise (GT11 / KN204-01), includes description of events at each station, lat/lon, date/time, and sample numbers.&amp;lt;/p&amp;gt; Acquisition Description: &amp;lt;p&amp;gt;Spreadsheet of events generated aboard vessel by the science party. The following code lists were used.&amp;lt;/p&amp;gt;&amp;lt;p&amp;gt;&amp;lt;b&amp;gt;Event Description Codes:&amp;lt;/b&amp;gt;&amp;lt;br /&amp;gt;nd = unknown/not entered&amp;lt;br /&amp;gt;GT-C = GEOTRACES carousel&amp;lt;br /&amp;gt;30-ODF = 30L Niskin Rosette&amp;lt;br /&amp;gt;Stn-GeoF = GeoFish Station sampling; misc samples&amp;lt;br /&amp;gt;GeoF = GeoFish TM dissolved; Nuts; As&amp;lt;br /&amp;gt;mid-GeoF = GeoFish TM diss/uf; Nuts; nanoNuts; As; Alk Phosphatase&amp;lt;br /&amp;gt;Super-GeoF = GeoFishTM diss/uf; Nuts; NanoNuts; As; Alk Phos; Se; WML; A. Shiller&amp;lt;br /&amp;gt;RaPUW = Radium UW pump&amp;lt;br /&amp;gt;MITv2 = MIT-vane&amp;lt;br /&amp;gt;UAFv = UAF-vane&amp;lt;br /&amp;gt;KnoR = Knorr rosette&amp;lt;br /&amp;gt;MastUp = NASA solar reference mast UP&amp;lt;br /&amp;gt;MastDown = NASA solar reference mast DOWN&amp;lt;br /&amp;gt;McL-Ros = McLane pump rosette&amp;lt;br /&amp;gt;McL-Prof = McLane pump profile&amp;lt;br /&amp;gt;Aeros = Aerosol sampler&amp;lt;br /&amp;gt;AOP = Apparent Optical Properties cast&amp;lt;br /&amp;gt;NASAsurf = NASA surface pump water sample&amp;lt;br /&amp;gt;NEMO = NEMO Float Deployment&amp;lt;br /&amp;gt;Ra/Th/Pig = Ra/Th/Pigment Niskin Cast&amp;lt;br /&amp;gt;Surf Ra bag = Surface Ra bag&amp;lt;br /&amp;gt;Rain = Rain sample&amp;lt;/p&amp;gt;&amp;lt;p&amp;gt;&amp;lt;b&amp;gt;Sample Codes:&amp;lt;/b&amp;gt;&amp;lt;br /&amp;gt;nd = unknown/not recorded&amp;lt;br /&amp;gt;diss = dissolved samples&amp;lt;br /&amp;gt;diss+part = dissolved and particulate samples&amp;lt;br /&amp;gt;unfilt = unfiltered seawater&amp;lt;br /&amp;gt;filter = filter for particulates&amp;lt;br /&amp;gt;none = none&amp;lt;/p&amp;gt;</gco:CharacterString>
      </gmd:abstract>
      <gmd:credit>
        <gmx:Anchor xlink:href="http://lod.bco-dmo.org/id/award/54753.rdf" xlink:title="OCE-0926423" xlink:actuate="onRequest">Funding provided by NSF Ocean Sciences (NSF OCE) Award Number: OCE-0926423 Award URL: http://www.nsf.gov/awardsearch/showAward.do?AwardNumber=0926423</gmx:Anchor>
      </gmd:credit>
        <gmd:credit>
        <gmx:Anchor xlink:href="http://lod.bco-dmo.org/id/award/54938.rdf" xlink:title="OCE-0926092" xlink:actuate="onRequest">Funding provided by NSF Ocean Sciences (NSF OCE) Award Number: OCE-0926092 Award URL: http://www.nsf.gov/awardsearch/showAward.do?AwardNumber=0926092</gmx:Anchor>
      </gmd:credit>
        <gmd:credit>
        <gmx:Anchor xlink:href="http://lod.bco-dmo.org/id/award/55139.rdf" xlink:title="OCE-0926204" xlink:actuate="onRequest">Funding provided by NSF Ocean Sciences (NSF OCE) Award Number: OCE-0926204 Award URL: http://www.nsf.gov/awardsearch/showAward?AWD_ID=0926204&amp;amp;HistoricalAwards=false</gmx:Anchor>
      </gmd:credit>
        <gmd:status>
        <gmd:MD_ProgressCode codeList="http://www.isotc211.org/2005/resources/Codelist/gmxCodelists.xml#MD_ProgressCode" codeListValue="completed">completed</gmd:MD_ProgressCode>
      </gmd:status>
      <gmd:pointOfContact>
        <gmd:CI_ResponsibleParty>
          <gmd:individualName>
            <gmx:Anchor xlink:href="http://lod.bco-dmo.org/id/person/50984.rdf" xlink:actuate="onRequest">Dr Edward  A. Boyle</gmx:Anchor>
          </gmd:individualName>
          <gmd:organisationName>
            <gmx:Anchor xlink:href="http://lod.bco-dmo.org/id/affiliation/24.rdf" xlink:actuate="onRequest">Massachusetts Institute of Technology</gmx:Anchor>
          </gmd:organisationName>
          <gmd:contactInfo>
            <gmd:CI_Contact>
            <gmd:phone>
                <gmd:CI_Telephone>
                  <gmd:voice>
                    <gco:CharacterString>617-253-3388</gco:CharacterString>
                  </gmd:voice>
                </gmd:CI_Telephone>
              </gmd:phone>
            <gmd:address>
                <gmd:CI_Address>
                                  <gmd:deliveryPoint>
                    <gco:CharacterString>Chemical Oceanography, Trace Metal Group  MIT E25-619, 45 Carleton St</gco:CharacterString>
                  </gmd:deliveryPoint>
                                  <gmd:city>
                    <gco:CharacterString>Cambridge</gco:CharacterString>
                  </gmd:city>                  <gmd:administrativeArea>
                    <gco:CharacterString>MA</gco:CharacterString>
                  </gmd:administrativeArea>                  <gmd:postalCode>
                    <gco:CharacterString>02142</gco:CharacterString>
                  </gmd:postalCode>                  <gmd:country>
                    <gco:CharacterString>USA</gco:CharacterString>
                  </gmd:country>                  <gmd:electronicMailAddress>
                    <gco:CharacterString>eaboyle@mit.edu</gco:CharacterString>
                  </gmd:electronicMailAddress>
                </gmd:CI_Address>
              </gmd:address>
            </gmd:CI_Contact>
          </gmd:contactInfo>
          <gmd:role>
            <gmd:CI_RoleCode codeList="http://www.isotc211.org/2005/resources/Codelist/gmxCodelists.xml#CI_RoleCode" codeListValue="pointOfContact" codeSpace="007">pointOfContact</gmd:CI_RoleCode>
          </gmd:role>
        </gmd:CI_ResponsibleParty>
      </gmd:pointOfContact>
      <gmd:pointOfContact>
        <gmd:CI_ResponsibleParty>
          <gmd:individualName>
            <gmx:Anchor xlink:href="http://lod.bco-dmo.org/id/person/50679.rdf" xlink:actuate="onRequest">Dr Gregory Cutter</gmx:Anchor>
          </gmd:individualName>
          <gmd:organisationName>
            <gmx:Anchor xlink:href="http://lod.bco-dmo.org/id/affiliation/49.rdf" xlink:actuate="onRequest">Old Dominion University</gmx:Anchor>
          </gmd:organisationName>
          <gmd:contactInfo>
            <gmd:CI_Contact>
            <gmd:phone>
                <gmd:CI_Telephone>
                  <gmd:voice>
                    <gco:CharacterString>757-683-4929</gco:CharacterString>
                  </gmd:voice>
                </gmd:CI_Telephone>
              </gmd:phone>
            <gmd:address>
                <gmd:CI_Address>
                                  <gmd:deliveryPoint>
                    <gco:CharacterString>Department of Ocean, Earth, and Atmospheric Sciences 4500 Elkhorn Ave</gco:CharacterString>
                  </gmd:deliveryPoint>
                                  <gmd:city>
                    <gco:CharacterString>Norfolk</gco:CharacterString>
                  </gmd:city>                  <gmd:administrativeArea>
                    <gco:CharacterString>VA</gco:CharacterString>
                  </gmd:administrativeArea>                  <gmd:postalCode>
                    <gco:CharacterString>23529-0276</gco:CharacterString>
                  </gmd:postalCode>                  <gmd:country>
                    <gco:CharacterString>USA</gco:CharacterString>
                  </gmd:country>                  <gmd:electronicMailAddress>
                    <gco:CharacterString>gcutter@odu.edu</gco:CharacterString>
                  </gmd:electronicMailAddress>
                </gmd:CI_Address>
              </gmd:address>
            </gmd:CI_Contact>
          </gmd:contactInfo>
          <gmd:role>
            <gmd:CI_RoleCode codeList="http://www.isotc211.org/2005/resources/Codelist/gmxCodelists.xml#CI_RoleCode" codeListValue="pointOfContact" codeSpace="007">pointOfContact</gmd:CI_RoleCode>
          </gmd:role>
        </gmd:CI_ResponsibleParty>
      </gmd:pointOfContact>
            <gmd:resourceMaintenance>
        <gmd:MD_MaintenanceInformation>
          <gmd:maintenanceAndUpdateFrequency>
            <gmd:MD_MaintenanceFrequencyCode codeList="http://www.isotc211.org/2005/resources/Codelist/gmxCodelists.xml#MD_MaintenanceFrequencyCode" codeListValue="asNeeded" codeSpace="009">asNeeded</gmd:MD_MaintenanceFrequencyCode>
          </gmd:maintenanceAndUpdateFrequency>
          <gmd:maintenanceNote>
            <gco:CharacterString>Dataset Version: 25 Jan 2013</gco:CharacterString>
          </gmd:maintenanceNote>
          </gmd:MD_MaintenanceInformation>
      </gmd:resourceMaintenance>
            <gmd:descriptiveKeywords>
        <gmd:MD_Keywords>
                <gmd:keyword>
          <gmx:Anchor xlink:href="http://lod.bco-dmo.org/id/dataset-parameter/31674.rdf" xlink:title="http://lod.bco-dmo.org/id/parameter/829.rdf" xlink:actuate="onRequest">event</gmx:Anchor>
        </gmd:keyword>
                <gmd:keyword>
          <gmx:Anchor xlink:href="http://lod.bco-dmo.org/id/dataset-parameter/31675.rdf" xlink:title="http://lod.bco-dmo.org/id/parameter/1082.rdf" xlink:actuate="onRequest">Site_Desig</gmx:Anchor>
        </gmd:keyword>
                <gmd:keyword>
          <gmx:Anchor xlink:href="http://lod.bco-dmo.org/id/dataset-parameter/31676.rdf" xlink:title="http://lod.bco-dmo.org/id/parameter/1009.rdf" xlink:actuate="onRequest">time_start</gmx:Anchor>
        </gmd:keyword>
                <gmd:keyword>
          <gmx:Anchor xlink:href="http://lod.bco-dmo.org/id/dataset-parameter/31677.rdf" xlink:title="http://lod.bco-dmo.org/id/parameter/1003.rdf" xlink:actuate="onRequest">time_end</gmx:Anchor>
        </gmd:keyword>
                <gmd:keyword>
          <gmx:Anchor xlink:href="http://lod.bco-dmo.org/id/dataset-parameter/31678.rdf" xlink:title="http://lod.bco-dmo.org/id/parameter/730.rdf" xlink:actuate="onRequest">latitude</gmx:Anchor>
        </gmd:keyword>
                <gmd:keyword>
          <gmx:Anchor xlink:href="http://lod.bco-dmo.org/id/dataset-parameter/31679.rdf" xlink:title="http://lod.bco-dmo.org/id/parameter/731.rdf" xlink:actuate="onRequest">longitude</gmx:Anchor>
        </gmd:keyword>
                <gmd:keyword>
          <gmx:Anchor xlink:href="http://lod.bco-dmo.org/id/dataset-parameter/31680.rdf" xlink:title="http://lod.bco-dmo.org/id/parameter/1689.rdf" xlink:actuate="onRequest">depth_min</gmx:Anchor>
        </gmd:keyword>
                <gmd:keyword>
          <gmx:Anchor xlink:href="http://lod.bco-dmo.org/id/dataset-parameter/31681.rdf" xlink:title="http://lod.bco-dmo.org/id/parameter/1690.rdf" xlink:actuate="onRequest">depth_max</gmx:Anchor>
        </gmd:keyword>
                <gmd:keyword>
          <gmx:Anchor xlink:href="http://lod.bco-dmo.org/id/dataset-parameter/31682.rdf" xlink:title="http://lod.bco-dmo.org/id/parameter/1681.rdf" xlink:actuate="onRequest">ev_type</gmx:Anchor>
        </gmd:keyword>
                <gmd:keyword>
          <gmx:Anchor xlink:href="http://lod.bco-dmo.org/id/dataset-parameter/31683.rdf" xlink:title="http://lod.bco-dmo.org/id/parameter/1741.rdf" xlink:actuate="onRequest">sample_descrip</gmx:Anchor>
        </gmd:keyword>
                <gmd:keyword>
          <gmx:Anchor xlink:href="http://lod.bco-dmo.org/id/dataset-parameter/31684.rdf" xlink:title="http://lod.bco-dmo.org/id/parameter/960.rdf" xlink:actuate="onRequest">sample</gmx:Anchor>
        </gmd:keyword>
                <gmd:keyword>
          <gmx:Anchor xlink:href="http://lod.bco-dmo.org/id/dataset-parameter/31685.rdf" xlink:title="http://lod.bco-dmo.org/id/parameter/778.rdf" xlink:actuate="onRequest">comment</gmx:Anchor>
        </gmd:keyword>
                <gmd:keyword>
          <gmx:Anchor xlink:href="http://lod.bco-dmo.org/id/dataset-parameter/31686.rdf" xlink:title="http://lod.bco-dmo.org/id/parameter/1102.rdf" xlink:actuate="onRequest">cruise_id</gmx:Anchor>
        </gmd:keyword>
                <gmd:keyword>
          <gmx:Anchor xlink:href="http://lod.bco-dmo.org/id/dataset-parameter/31687.rdf" xlink:title="http://lod.bco-dmo.org/id/parameter/1062.rdf" xlink:actuate="onRequest">year</gmx:Anchor>
        </gmd:keyword>
                <gmd:keyword>
          <gmx:Anchor xlink:href="http://lod.bco-dmo.org/id/dataset-parameter/31688.rdf" xlink:title="http://lod.bco-dmo.org/id/parameter/892.rdf" xlink:actuate="onRequest">month_start</gmx:Anchor>
        </gmd:keyword>
                <gmd:keyword>
          <gmx:Anchor xlink:href="http://lod.bco-dmo.org/id/dataset-parameter/31689.rdf" xlink:title="http://lod.bco-dmo.org/id/parameter/801.rdf" xlink:actuate="onRequest">day_start</gmx:Anchor>
        </gmd:keyword>
                <gmd:keyword>
          <gmx:Anchor xlink:href="http://lod.bco-dmo.org/id/dataset-parameter/31690.rdf" xlink:title="http://lod.bco-dmo.org/id/parameter/893.rdf" xlink:actuate="onRequest">month_end</gmx:Anchor>
        </gmd:keyword>
                <gmd:keyword>
          <gmx:Anchor xlink:href="http://lod.bco-dmo.org/id/dataset-parameter/31691.rdf" xlink:title="http://lod.bco-dmo.org/id/parameter/802.rdf" xlink:actuate="onRequest">day_end</gmx:Anchor>
        </gmd:keyword>
        <gmd:type>
            <gmd:MD_KeywordTypeCode codeList="http://www.isotc211.org/2005/resources/Codelist/gmxCodelists.xml#MD_KeywordTypeCode" codeListValue="theme" codeSpace="005">theme</gmd:MD_KeywordTypeCode>
          </gmd:type>
          <gmd:thesaurusName>
            <gmd:CI_Citation>
              <gmd:title>
                <gco:CharacterString>None, User defined</gco:CharacterString>
              </gmd:title>
              <gmd:date gco:nilReason="unknown"/>
            </gmd:CI_Citation>
          </gmd:thesaurusName>
        </gmd:MD_Keywords>
      </gmd:descriptiveKeywords>
            <gmd:descriptiveKeywords>
        <gmd:MD_Keywords>
                <gmd:keyword>
          <gmx:Anchor xlink:href="http://lod.bco-dmo.org/id/parameter/829.rdf" xlink:title="Parameter" xlink:actuate="onRequest">event</gmx:Anchor>
        </gmd:keyword>
                <gmd:keyword>
          <gmx:Anchor xlink:href="http://lod.bco-dmo.org/id/parameter/1082.rdf" xlink:title="Parameter" xlink:actuate="onRequest">Site_Desig</gmx:Anchor>
        </gmd:keyword>
                <gmd:keyword>
          <gmx:Anchor xlink:href="http://lod.bco-dmo.org/id/parameter/1009.rdf" xlink:title="Parameter" xlink:actuate="onRequest">time_start</gmx:Anchor>
        </gmd:keyword>
                <gmd:keyword>
          <gmx:Anchor xlink:href="http://lod.bco-dmo.org/id/parameter/1003.rdf" xlink:title="Parameter" xlink:actuate="onRequest">time_end</gmx:Anchor>
        </gmd:keyword>
                <gmd:keyword>
          <gmx:Anchor xlink:href="http://lod.bco-dmo.org/id/parameter/730.rdf" xlink:title="Parameter" xlink:actuate="onRequest">latitude</gmx:Anchor>
        </gmd:keyword>
                <gmd:keyword>
          <gmx:Anchor xlink:href="http://lod.bco-dmo.org/id/parameter/731.rdf" xlink:title="Parameter" xlink:actuate="onRequest">longitude</gmx:Anchor>
        </gmd:keyword>
                <gmd:keyword>
          <gmx:Anchor xlink:href="http://lod.bco-dmo.org/id/parameter/1689.rdf" xlink:title="Parameter" xlink:actuate="onRequest">depth_min</gmx:Anchor>
        </gmd:keyword>
                <gmd:keyword>
          <gmx:Anchor xlink:href="http://lod.bco-dmo.org/id/parameter/1690.rdf" xlink:title="Parameter" xlink:actuate="onRequest">depth_max</gmx:Anchor>
        </gmd:keyword>
                <gmd:keyword>
          <gmx:Anchor xlink:href="http://lod.bco-dmo.org/id/parameter/1681.rdf" xlink:title="Parameter" xlink:actuate="onRequest">event type</gmx:Anchor>
        </gmd:keyword>
                <gmd:keyword>
          <gmx:Anchor xlink:href="http://lod.bco-dmo.org/id/parameter/1741.rdf" xlink:title="Parameter" xlink:actuate="onRequest">sample description</gmx:Anchor>
        </gmd:keyword>
                <gmd:keyword>
          <gmx:Anchor xlink:href="http://lod.bco-dmo.org/id/parameter/960.rdf" xlink:title="Parameter" xlink:actuate="onRequest">sample identification</gmx:Anchor>
        </gmd:keyword>
                <gmd:keyword>
          <gmx:Anchor xlink:href="http://lod.bco-dmo.org/id/parameter/778.rdf" xlink:title="Parameter" xlink:actuate="onRequest">comments</gmx:Anchor>
        </gmd:keyword>
                <gmd:keyword>
          <gmx:Anchor xlink:href="http://lod.bco-dmo.org/id/parameter/1102.rdf" xlink:title="Parameter" xlink:actuate="onRequest">cruise id</gmx:Anchor>
        </gmd:keyword>
                <gmd:keyword>
          <gmx:Anchor xlink:href="http://lod.bco-dmo.org/id/parameter/1062.rdf" xlink:title="Parameter" xlink:actuate="onRequest">year</gmx:Anchor>
        </gmd:keyword>
                <gmd:keyword>
          <gmx:Anchor xlink:href="http://lod.bco-dmo.org/id/parameter/892.rdf" xlink:title="Parameter" xlink:actuate="onRequest">month_start</gmx:Anchor>
        </gmd:keyword>
                <gmd:keyword>
          <gmx:Anchor xlink:href="http://lod.bco-dmo.org/id/parameter/801.rdf" xlink:title="Parameter" xlink:actuate="onRequest">day_start</gmx:Anchor>
        </gmd:keyword>
                <gmd:keyword>
          <gmx:Anchor xlink:href="http://lod.bco-dmo.org/id/parameter/893.rdf" xlink:title="Parameter" xlink:actuate="onRequest">month_end</gmx:Anchor>
        </gmd:keyword>
                <gmd:keyword>
          <gmx:Anchor xlink:href="http://lod.bco-dmo.org/id/parameter/802.rdf" xlink:title="Parameter" xlink:actuate="onRequest">day_end</gmx:Anchor>
        </gmd:keyword>
        <gmd:type>
            <gmd:MD_KeywordTypeCode codeList="http://www.isotc211.org/2005/resources/Codelist/gmxCodelists.xml#MD_KeywordTypeCode" codeListValue="featureType">featureType</gmd:MD_KeywordTypeCode>
          </gmd:type>
          <gmd:thesaurusName>
            <gmd:CI_Citation>
              <gmd:title>
                <gco:CharacterString>BCO-DMO Standard Parameters</gco:CharacterString>
              </gmd:title>
              <gmd:date gco:nilReason="unknown"/>
            </gmd:CI_Citation>
          </gmd:thesaurusName>
        </gmd:MD_Keywords>
      </gmd:descriptiveKeywords>
            <gmd:descriptiveKeywords>
        <gmd:MD_Keywords>
                <gmd:keyword>
          <gmx:Anchor xlink:href="http://lod.bco-dmo.org/id/deployment/58786.rdf" xlink:title="Cruise" xlink:actuate="onRequest">KN204-01</gmx:Anchor>
        </gmd:keyword>
        <gmd:type>
            <gmd:MD_KeywordTypeCode codeList="http://www.ngdc.noaa.gov/metadata/published/xsd/schema/resources/Codelist/gmxCodelists.xml#MD_KeywordTypeCode" codeListValue="service">service</gmd:MD_KeywordTypeCode>
          </gmd:type>
          <gmd:thesaurusName>
            <gmd:CI_Citation>
              <gmd:title>
                <gco:CharacterString>Deployment Activity</gco:CharacterString>
              </gmd:title>
              <gmd:date gco:nilReason="unknown"/>
            </gmd:CI_Citation>
          </gmd:thesaurusName>
        </gmd:MD_Keywords>
      </gmd:descriptiveKeywords>
            <gmd:descriptiveKeywords>
        <gmd:MD_Keywords>
        <gmd:keyword>
            <gmx:Anchor xlink:href="http://lod.bco-dmo.org/id/deployment/58786.rdf" xlink:title="Deployment Location" xlink:actuate="onRequest">Subtropical northern Atlantic Ocean</gmx:Anchor>
          </gmd:keyword>
          <gmd:type>
            <gmd:MD_KeywordTypeCode codeList="http://www.isotc211.org/2005/resources/Codelist/gmxCodelists.xml#MD_KeywordTypeCode" codeListValue="place" codeSpace="002">place</gmd:MD_KeywordTypeCode>
          </gmd:type>
          <gmd:thesaurusName>
            <gmd:CI_Citation>
              <gmd:title>
                <gco:CharacterString>Locations</gco:CharacterString>
              </gmd:title>
              <gmd:date gco:nilReason="unknown"/>
            </gmd:CI_Citation>
          </gmd:thesaurusName>
        </gmd:MD_Keywords>
      </gmd:descriptiveKeywords>
      <gmd:resourceConstraints>
        <gmd:MD_LegalConstraints>
          <gmd:accessConstraints>
            <gmd:MD_RestrictionCode codeList="http://www.isotc211.org/2005/resources/Codelist/gmxCodelists.xml#MD_RestrictionCode" codeListValue="otherRestrictions" codeSpace="008">otherRestrictions</gmd:MD_RestrictionCode>
          </gmd:accessConstraints>
          <gmd:useConstraints>
            <gmd:MD_RestrictionCode codeList="http://www.isotc211.org/2005/resources/Codelist/gmxCodelists.xml#MD_RestrictionCode" codeListValue="otherRestrictions" codeSpace="008">otherRestrictions</gmd:MD_RestrictionCode>
          </gmd:useConstraints>
          <gmd:otherConstraints>
            <gco:CharacterString>Access Constraints: none. Use Constraints: Please follow guidelines at: http://www.bco-dmo.org/terms-use Distribution liability: Under no circumstances shall BCO-DMO be liable for any direct, incidental, special, consequential, indirect, or punitive damages that result from the use of, or the inability to use, the materials in this data submission. If you are dissatisfied with any materials in this data submission your sole and exclusive remedy is to discontinue use.</gco:CharacterString>
          </gmd:otherConstraints>
        </gmd:MD_LegalConstraints>
      </gmd:resourceConstraints>
      <gmd:aggregationInfo>
          <gmd:MD_AggregateInformation>
            <gmd:aggregateDataSetName>
              <gmd:CI_Citation>
                <gmd:title>
                  <gmx:Anchor xlink:href="http://lod.bco-dmo.org/id/program/2022.rdf" xlink:title="Program" xlink:actuate="onRequest">U.S. GEOTRACES</gmx:Anchor>
                </gmd:title>
                <gmd:date gco:nilReason="inapplicable"/>
                <gmd:citedResponsibleParty>
                  <gmd:CI_ResponsibleParty>
                    <gmd:contactInfo>
                      <gmd:CI_Contact>
                        <gmd:onlineResource>
                          <gmd:CI_OnlineResource>
                          <gmd:linkage>
                            <gmd:URL>http://www.geotraces.org/</gmd:URL>
                          </gmd:linkage>
                          <gmd:name>
                            <gmx:Anchor xlink:href="http://lod.bco-dmo.org/id/program/2022.rdf" xlink:title="Program Name" xlink:actuate="onRequest">U.S. GEOTRACES</gmx:Anchor>
                          </gmd:name>
                          <gmd:description>
                            <gco:CharacterString>GEOTRACES is a SCOR sponsored program; and funding for program infrastructure development is provided by the U.S. National Science Foundation.GEOTRACES gained momentum following a special symposium, S02: Biogeochemical cycling of trace elements and isotopes in the ocean and applications to constrain contemporary marine processes (GEOSECS II), at a 2003 Goldschmidt meeting convened in Japan. The GEOSECS II acronym referred to the Geochemical Ocean Section Studies To determine full water column distributions of selected trace elements and isotopes, including their concentration, chemical speciation, and physical form, along a sufficient number of sections in each ocean basin to establish the principal relationships between these distributions and with more traditional hydrographic parameters;* To evaluate the sources, sinks, and internal cycling of these species and thereby characterize more completely the physical, chemical and biological processes regulating their distributions, and the sensitivity of these processes to global change; and* To understand the processes that control the concentrations of geochemical species used for proxies of the past environment, both in the water column and in the substrates that reflect the water column.GEOTRACES will be global in scope, consisting of ocean sections complemented by regional process studies. Sections and process studies will combine fieldwork, laboratory experiments and modelling. Beyond realizing the scientific objectives identified above, a natural outcome of this work will be to build a community of marine scientists who understand the processes regulating trace element cycles sufficiently well to exploit this knowledge reliably in future interdisciplinary studies.</gco:CharacterString>
                          </gmd:description>
                          <gmd:function>
                            <gmd:CI_OnLineFunctionCode codeList="http://www.isotc211.org/2005/resources/Codelist/gmxCodelists.xml#CI_OnLineFunctionCode" codeListValue="information"/>
                          </gmd:function>
                      </gmd:CI_OnlineResource>
                    </gmd:onlineResource>
                  </gmd:CI_Contact>
                </gmd:contactInfo>
                <gmd:role/>
              </gmd:CI_ResponsibleParty>
            </gmd:citedResponsibleParty>
          </gmd:CI_Citation>
        </gmd:aggregateDataSetName>
          <gmd:aggregateDataSetIdentifier>
            <gmd:MD_Identifier>
              <gmd:code>
                <gmx:Anchor xlink:href="http://lod.bco-dmo.org/id/program/2022.rdf" xlink:title="Program Acronym" xlink:actuate="onRequest">U.S. GEOTRACES</gmx:Anchor>
              </gmd:code>
            </gmd:MD_Identifier>
          </gmd:aggregateDataSetIdentifier>
          <gmd:associationType>
            <gmd:DS_AssociationTypeCode codeList="http://www.ngdc.noaa.gov/metadata/published/xsd/schema/resources/Codelist/gmxCodelists.xml#DS_AssociationTypeCode" codeListValue="largerWorkCitation">largerWorkCitation</gmd:DS_AssociationTypeCode>
          </gmd:associationType>
          <gmd:initiativeType>
            <gmd:DS_InitiativeTypeCode codeList="http://www.ngdc.noaa.gov/metadata/published/xsd/schema/resources/Codelist/gmxCodelists.xml#DS_InitiativeTypeCode" codeListValue="program">program</gmd:DS_InitiativeTypeCode>
          </gmd:initiativeType>
        </gmd:MD_AggregateInformation>
      </gmd:aggregationInfo><gmd:aggregationInfo>
        <gmd:MD_AggregateInformation>
          <gmd:aggregateDataSetName>
              <gmd:CI_Citation>
                <gmd:title>
                  <gmx:Anchor xlink:href="http://lod.bco-dmo.org/id/project/2066.rdf" xlink:title="Project" xlink:actuate="onRequest">U.S. GEOTRACES North Atlantic Transect</gmx:Anchor>
                </gmd:title>
                <gmd:date gco:nilReason="inapplicable"/>
                <gmd:citedResponsibleParty>
                  <gmd:CI_ResponsibleParty>
                    <gmd:contactInfo>
                      <gmd:CI_Contact>
                        <gmd:onlineResource>
                          <gmd:CI_OnlineResource>
                          <gmd:linkage>
                            <gmd:URL>http://www.geotraces.org/</gmd:URL>
                          </gmd:linkage>
                          <gmd:name>
                            <gmx:Anchor xlink:href="http://lod.bco-dmo.org/id/project/2066.rdf" xlink:title="Project Name" xlink:actuate="onRequest">U.S. GEOTRACES North Atlantic Transect</gmx:Anchor>
                          </gmd:name>
                          <gmd:description>
                            <gco:CharacterString>http://bcodata.whoi.edu/US_GEOTRACES/AtlanticSection/GEOTRACES_Atl_stas.jpg</gco:CharacterString>
                          </gmd:description>
                          <gmd:function>
                            <gmd:CI_OnLineFunctionCode codeList="http://www.isotc211.org/2005/resources/Codelist/gmxCodelists.xml#CI_OnLineFunctionCode" codeListValue="information"/>
                          </gmd:function>
                      </gmd:CI_OnlineResource>
                    </gmd:onlineResource>
                  </gmd:CI_Contact>
                </gmd:contactInfo>
                <gmd:role/>
              </gmd:CI_ResponsibleParty>
            </gmd:citedResponsibleParty>
          </gmd:CI_Citation>
        </gmd:aggregateDataSetName>
          <gmd:aggregateDataSetIdentifier>
            <gmd:MD_Identifier>
              <gmd:code>
                <gmx:Anchor xlink:href="http://lod.bco-dmo.org/id/project/2066.rdf" xlink:title="Project Acronym" xlink:actuate="onRequest">U.S. GEOTRACES NAT</gmx:Anchor>
              </gmd:code>
            </gmd:MD_Identifier>
          </gmd:aggregateDataSetIdentifier>
          <gmd:associationType>
            <gmd:DS_AssociationTypeCode codeList="http://www.ngdc.noaa.gov/metadata/published/xsd/schema/resources/Codelist/gmxCodelists.xml#DS_AssociationTypeCode" codeListValue="largerWorkCitation">largerWorkCitation</gmd:DS_AssociationTypeCode>
          </gmd:associationType>
          <gmd:initiativeType>
            <gmd:DS_InitiativeTypeCode codeList="http://www.ngdc.noaa.gov/metadata/published/xsd/schema/resources/Codelist/gmxCodelists.xml#DS_InitiativeTypeCode" codeListValue="project">project</gmd:DS_InitiativeTypeCode>
          </gmd:initiativeType>
        </gmd:MD_AggregateInformation>
      </gmd:aggregationInfo>
      <gmd:language>
        <gco:CharacterString>eng; USA</gco:CharacterString>
      </gmd:language>
      <gmd:topicCategory>
        <gmd:MD_TopicCategoryCode>oceans</gmd:MD_TopicCategoryCode>
      </gmd:topicCategory>
       <gmd:extent>
        <gmd:EX_Extent id="boundingExtent"><gmd:description>
            <gco:CharacterString>Subtropical northern Atlantic Ocean</gco:CharacterString>
          </gmd:description><gmd:geographicElement>
            <gmd:EX_GeographicBoundingBox id="boundingGeographicBoundingBox">
              <gmd:westBoundLongitude>
                <gco:Decimal>-70.15</gco:Decimal>
              </gmd:westBoundLongitude>
              <gmd:eastBoundLongitude>
                <gco:Decimal>-24.5</gco:Decimal>
              </gmd:eastBoundLongitude>
              <gmd:southBoundLatitude>
                <gco:Decimal>17.4</gco:Decimal>
              </gmd:southBoundLatitude>
              <gmd:northBoundLatitude>
                <gco:Decimal>40.18</gco:Decimal>
              </gmd:northBoundLatitude>
            </gmd:EX_GeographicBoundingBox>
          </gmd:geographicElement>
        <gmd:temporalElement>
            <gmd:EX_TemporalExtent>
              <gmd:extent>
                <gml:TimeInstant frame="#ISO-8601" gml:id="ID">
                  <gml:timePosition>2013-01-25</gml:timePosition>
                </gml:TimeInstant>
              </gmd:extent>
            </gmd:EX_TemporalExtent>
          </gmd:temporalElement>
          </gmd:EX_Extent>
      </gmd:extent>
    </gmd:MD_DataIdentification>
  </gmd:identificationInfo>
  <gmd:contentInfo>
    <gmd:MD_FeatureCatalogueDescription>
      <gmd:includedWithDataset>
        <gco:Boolean>0</gco:Boolean>
      </gmd:includedWithDataset>
      <gmd:featureCatalogueCitation>
        <gmd:CI_Citation>
          <gmd:title>
            <gco:CharacterString>BCO-DMO catalogue of parameters from GT11 - Cruise Event Log from the U.S. GEOTRACES NAT project of the U.S. GEOTRACES program</gco:CharacterString>
          </gmd:title>
          <gmd:date gco:nilReason="unknown"/>
          <gmd:citedResponsibleParty>
            <gmd:CI_ResponsibleParty>
  <gmd:organisationName>
    <gmx:Anchor xlink:href="http://lod.bco-dmo.org/id/affiliation/191.rdf" xlink:actuate="onRequest">Biological and Chemical Oceanography Data Management Office (BCO-DMO)</gmx:Anchor>
  </gmd:organisationName>
  <gmd:contactInfo>
    <gmd:CI_Contact>
		  <gmd:phone>
		    <gmd:CI_Telephone>
				  <gmd:voice>
				    <gco:CharacterString>Unavailable</gco:CharacterString>
				  </gmd:voice>
				  <gmd:facsimile>
				    <gco:CharacterString>508-289-2009</gco:CharacterString>
				  </gmd:facsimile>
				</gmd:CI_Telephone>
		  </gmd:phone>
		  <gmd:address>
		    <gmd:CI_Address>
				  <gmd:deliveryPoint>
				    <gco:CharacterString>WHOI MS#36</gco:CharacterString>
				  </gmd:deliveryPoint>
				  <gmd:city>
				    <gco:CharacterString>Woods Hole</gco:CharacterString>
				  </gmd:city>
				  <gmd:administrativeArea>
				    <gco:CharacterString>MA</gco:CharacterString>
				  </gmd:administrativeArea>
				  <gmd:postalCode>
				    <gco:CharacterString>02543</gco:CharacterString>
				  </gmd:postalCode>
				  <gmd:country>
				    <gco:CharacterString>USA</gco:CharacterString>
				  </gmd:country>
				  <gmd:electronicMailAddress>
				    <gco:CharacterString>info@bco-dmo.org</gco:CharacterString>
				  </gmd:electronicMailAddress>
		    </gmd:CI_Address>
		  </gmd:address>
      <gmd:onlineResource>
          <gmd:CI_OnlineResource>
            <gmd:linkage>
              <gmd:URL>http://www.bco-dmo.org</gmd:URL>
            </gmd:linkage>
          </gmd:CI_OnlineResource>
        </gmd:onlineResource>
		  <gmd:hoursOfService>
        <gco:CharacterString>Monday - Friday 8:00am - 5:00pm</gco:CharacterString>
      </gmd:hoursOfService>
		  <gmd:contactInstructions>
		    <gco:CharacterString>For questions regarding this resource, please contact BCO-DMO via the email address provided.</gco:CharacterString>
		  </gmd:contactInstructions>
		</gmd:CI_Contact>
  </gmd:contactInfo>
  <gmd:role>
    <gmd:CI_RoleCode codeList="http://www.isotc211.org/2005/resources/Codelist/gmxCodelists.xml#CI_RoleCode" codeListValue="pointOfContact" codeSpace="007">pointOfContact</gmd:CI_RoleCode>
  </gmd:role>
</gmd:CI_ResponsibleParty>
          </gmd:citedResponsibleParty>
          <gmd:otherCitationDetails>
            <gco:CharacterString>
            http://lod.bco-dmo.org/id/dataset-parameter/31674.rdf
	Name: event
	Units: integer
	Description: Unique event number. 
http://lod.bco-dmo.org/id/dataset-parameter/31675.rdf
	Name: location
	Units: text
	Description: Location descriptor (typically station ID). 
http://lod.bco-dmo.org/id/dataset-parameter/31676.rdf
	Name: time_start
	Units: HHMM
	Description: Start time (GMT); 24-hour clock. 
http://lod.bco-dmo.org/id/dataset-parameter/31677.rdf
	Name: time_end
	Units: HHMM
	Description: End time (GMT); 24-hour clock. 
http://lod.bco-dmo.org/id/dataset-parameter/31678.rdf
	Name: lat
	Units: decimal degrees
	Description: Latitude (South is negative). 
http://lod.bco-dmo.org/id/dataset-parameter/31679.rdf
	Name: lon
	Units: decimal degrees
	Description: Longitude (West is negative). 
http://lod.bco-dmo.org/id/dataset-parameter/31680.rdf
	Name: depth_min
	Units: meters
	Description: Minimum depth. 
http://lod.bco-dmo.org/id/dataset-parameter/31681.rdf
	Name: depth_max
	Units: meters
	Description: Maximum depth. 
http://lod.bco-dmo.org/id/dataset-parameter/31682.rdf
	Name: event_description
	Units: text
	Description: Description of sampling event. See 'Acquisition Description' for event code definitions. 
http://lod.bco-dmo.org/id/dataset-parameter/31683.rdf
	Name: samples_taken
	Units: text
	Description: Samples taken. See 'Acquisition Description' for sample code definitions. 
http://lod.bco-dmo.org/id/dataset-parameter/31684.rdf
	Name: GEO_sample_id_range
	Units: text
	Description: Range of GEOTRACES ID numbers. 
http://lod.bco-dmo.org/id/dataset-parameter/31685.rdf
	Name: comment
	Units: text
	Description: Free-text comments about the event. 
http://lod.bco-dmo.org/id/dataset-parameter/31686.rdf
	Name: cruise_id
	Units: text
	Description: Official cruise identifier. 
http://lod.bco-dmo.org/id/dataset-parameter/31687.rdf
	Name: year
	Units: YYYY
	Description: 4-digit year of the cruise. 
http://lod.bco-dmo.org/id/dataset-parameter/31688.rdf
	Name: month_start
	Units: mm (01 to 12)
	Description: 2-digit month at start of event (GMT). 
http://lod.bco-dmo.org/id/dataset-parameter/31689.rdf
	Name: day_start
	Units: dd (01 to 31)
	Description: 2-digit day of the month at start of event (GMT). 
http://lod.bco-dmo.org/id/dataset-parameter/31690.rdf
	Name: month_end
	Units: mm (01 to 12)
	Description: 2-digit month at end of event (GMT). 
http://lod.bco-dmo.org/id/dataset-parameter/31691.rdf
	Name: day_end
	Units: dd (01 to 31)
	Description: 2-digit day of the month at end of event (GMT). 
</gco:CharacterString>
          </gmd:otherCitationDetails>
        </gmd:CI_Citation>
      </gmd:featureCatalogueCitation>
      <gmd:featureCatalogueCitation>
        <gmd:CI_Citation>
          <gmd:title>
            <gco:CharacterString>GB/NERC/BODC &gt; British Oceanographic Data Centre, Natural Environment Research Council, United Kingdom</gco:CharacterString>
          </gmd:title>
          <gmd:date gco:nilReason="unknown"/>
          <gmd:citedResponsibleParty xlink:href="https://www.ngdc.noaa.gov/docucomp/3D8FE2C9DA324D40939C8D007587E011" xlink:title="GB/NERC/BODC &gt; British Oceanographic Data Centre, Natural Environment Research Council, United Kingdom"/>
          <gmd:otherCitationDetails>
            <gco:CharacterString>
            http://vocab.nerc.ac.uk/collection/P09/current/LATX/ 
	Name: LATITUDE 
	Description: The angular distance north or south from the equator, measured along the meridian of the point of interest. 
http://vocab.nerc.ac.uk/collection/P09/current/LONX/ 
	Name: LONGITUDE 
	Description: The angular distance east or west east or west of Greenwich to the point of interest. 
http://vocab.nerc.ac.uk/collection/P02/current/ACYC/ 
	Name: Reference numbers 
	Description: Data record, event, sample or measurement reference numbers 
http://vocab.nerc.ac.uk/collection/P01/current/YEARXXXX/ 
	Name: Year since birth of Christ 
	Description: The number of Gregorian calendar years that have elapsed since the birth of Christ. 
</gco:CharacterString>
          </gmd:otherCitationDetails>
        </gmd:CI_Citation>
      </gmd:featureCatalogueCitation>
    </gmd:MD_FeatureCatalogueDescription>
  </gmd:contentInfo>
  <gmd:contentInfo>
    <gmi:MI_CoverageDescription>
      <gmd:attributeDescription>
        <gco:RecordType>Parameters for this dataset</gco:RecordType>
      </gmd:attributeDescription>
      <gmd:contentType>
        <gmd:MD_CoverageContentTypeCode codeList="MD_CoverageContentTypeCode" codeListValue="physicalMeasurement">physicalMeasurement</gmd:MD_CoverageContentTypeCode>
      </gmd:contentType>
      <gmd:dimension>
        <gmd:MD_Band>
          <gmd:sequenceIdentifier xlink:href="http://lod.bco-dmo.org/id/dataset-parameter/31674.rdf" xlink:title="event" xlink:actuate="onRequest">
            <gco:MemberName>
              <gco:aName>
                <gco:CharacterString>event</gco:CharacterString>
              </gco:aName>
              <gco:attributeType>                <gco:TypeName>
                  <gco:aName>
                    <gco:CharacterString>event</gco:CharacterString>
                  </gco:aName>
                </gco:TypeName>
              </gco:attributeType>
            </gco:MemberName>
          </gmd:sequenceIdentifier>
          <gmd:descriptor>
            <gco:CharacterString>PI-supplied Description: Unique event number.; General Description: event or operation number; often derived from date/time (MMDDHHmm) of sampling and when combined with year (YYYY) is a unique sampling identifier/data processing key.  Date/time is not necessarily in GMT.</gco:CharacterString>
          </gmd:descriptor>
          <gmd:units>
            <gml:UnitDefinition gml:id="_parameterUnits31674">
             <gml:identifier codeSpace="http://lod.bco-dmo.org/id/dataset-parameter/31674.rdf">http://lod.bco-dmo.org/id/dataset-parameter/31674.rdf</gml:identifier>
             <gml:name>integer</gml:name>
          </gml:UnitDefinition>
          </gmd:units>
        </gmd:MD_Band>
      </gmd:dimension>
      <gmd:dimension>
        <gmd:MD_Band>
          <gmd:sequenceIdentifier xlink:href="http://lod.bco-dmo.org/id/dataset-parameter/31675.rdf" xlink:title="Site_Desig" xlink:actuate="onRequest">
            <gco:MemberName>
              <gco:aName>
                <gco:CharacterString>location</gco:CharacterString>
              </gco:aName>
              <gco:attributeType>                <gco:TypeName>
                  <gco:aName>
                    <gco:CharacterString>Site_Desig</gco:CharacterString>
                  </gco:aName>
                </gco:TypeName>
              </gco:attributeType>
            </gco:MemberName>
          </gmd:sequenceIdentifier>
          <gmd:descriptor>
            <gco:CharacterString>PI-supplied Description: Location descriptor (typically station ID).; General Description: Alphanumeric string used as the designator for a sampling site</gco:CharacterString>
          </gmd:descriptor>
          <gmd:units>
            <gml:UnitDefinition gml:id="_parameterUnits31675">
             <gml:identifier codeSpace="http://lod.bco-dmo.org/id/dataset-parameter/31675.rdf">http://lod.bco-dmo.org/id/dataset-parameter/31675.rdf</gml:identifier>
             <gml:name>text</gml:name>
          </gml:UnitDefinition>
          </gmd:units>
        </gmd:MD_Band>
      </gmd:dimension>
      <gmd:dimension>
        <gmd:MD_Band>
          <gmd:sequenceIdentifier xlink:href="http://lod.bco-dmo.org/id/dataset-parameter/31676.rdf" xlink:title="time_start" xlink:actuate="onRequest">
            <gco:MemberName>
              <gco:aName>
                <gco:CharacterString>time_start</gco:CharacterString>
              </gco:aName>
              <gco:attributeType>                <gco:TypeName>
                  <gco:aName>
                    <gco:CharacterString>time_start</gco:CharacterString>
                  </gco:aName>
                </gco:TypeName>
              </gco:attributeType>
            </gco:MemberName>
          </gmd:sequenceIdentifier>
          <gmd:descriptor>
            <gco:CharacterString>PI-supplied Description: Start time (GMT); 24-hour clock.; General Description: starting time of observation, GMT time, 24 hour clock</gco:CharacterString>
          </gmd:descriptor>
          <gmd:units>
            <gml:UnitDefinition gml:id="_parameterUnits31676">
             <gml:identifier codeSpace="http://lod.bco-dmo.org/id/dataset-parameter/31676.rdf">http://lod.bco-dmo.org/id/dataset-parameter/31676.rdf</gml:identifier>
             <gml:name>HHMM</gml:name>
          </gml:UnitDefinition>
          </gmd:units>
        </gmd:MD_Band>
      </gmd:dimension>
      <gmd:dimension>
        <gmd:MD_Band>
          <gmd:sequenceIdentifier xlink:href="http://lod.bco-dmo.org/id/dataset-parameter/31677.rdf" xlink:title="time_end" xlink:actuate="onRequest">
            <gco:MemberName>
              <gco:aName>
                <gco:CharacterString>time_end</gco:CharacterString>
              </gco:aName>
              <gco:attributeType>                <gco:TypeName>
                  <gco:aName>
                    <gco:CharacterString>time_end</gco:CharacterString>
                  </gco:aName>
                </gco:TypeName>
              </gco:attributeType>
            </gco:MemberName>
          </gmd:sequenceIdentifier>
          <gmd:descriptor>
            <gco:CharacterString>PI-supplied Description: End time (GMT); 24-hour clock.; General Description: ending time of observation, GMT time , 24 hour clock</gco:CharacterString>
          </gmd:descriptor>
          <gmd:units>
            <gml:UnitDefinition gml:id="_parameterUnits31677">
             <gml:identifier codeSpace="http://lod.bco-dmo.org/id/dataset-parameter/31677.rdf">http://lod.bco-dmo.org/id/dataset-parameter/31677.rdf</gml:identifier>
             <gml:name>HHMM</gml:name>
          </gml:UnitDefinition>
          </gmd:units>
        </gmd:MD_Band>
      </gmd:dimension>
      <gmd:dimension>
        <gmd:MD_Band>
          <gmd:sequenceIdentifier xlink:href="http://lod.bco-dmo.org/id/dataset-parameter/31678.rdf" xlink:title="latitude" xlink:actuate="onRequest">
            <gco:MemberName>
              <gco:aName>
                <gco:CharacterString>lat</gco:CharacterString>
              </gco:aName>
              <gco:attributeType xlink:href="http://vocab.nerc.ac.uk/collection/P09/current/LATX/" xlink:title="LATITUDE" xlink:actuate="onRequest">                <gco:TypeName>
                  <gco:aName>
                    <gco:CharacterString>latitude</gco:CharacterString>
                  </gco:aName>
                </gco:TypeName>
              </gco:attributeType>
            </gco:MemberName>
          </gmd:sequenceIdentifier>
          <gmd:descriptor>
            <gco:CharacterString>PI-supplied Description: Latitude (South is negative).; General Description: latitude, in decimal degrees, North is positive, negative denotes South; Reported in some datasets as degrees, minutes NERC Description: The angular distance north or south from the equator, measured along the meridian of the point of interest.</gco:CharacterString>
          </gmd:descriptor>
          <gmd:units>
            <gml:UnitDefinition gml:id="_parameterUnits31678">
             <gml:identifier codeSpace="http://lod.bco-dmo.org/id/dataset-parameter/31678.rdf">http://lod.bco-dmo.org/id/dataset-parameter/31678.rdf</gml:identifier>
             <gml:name>decimal degrees</gml:name>
          </gml:UnitDefinition>
          </gmd:units>
        </gmd:MD_Band>
      </gmd:dimension>
      <gmd:dimension>
        <gmd:MD_Band>
          <gmd:sequenceIdentifier xlink:href="http://lod.bco-dmo.org/id/dataset-parameter/31679.rdf" xlink:title="longitude" xlink:actuate="onRequest">
            <gco:MemberName>
              <gco:aName>
                <gco:CharacterString>lon</gco:CharacterString>
              </gco:aName>
              <gco:attributeType xlink:href="http://vocab.nerc.ac.uk/collection/P09/current/LONX/" xlink:title="LONGITUDE" xlink:actuate="onRequest">                <gco:TypeName>
                  <gco:aName>
                    <gco:CharacterString>longitude</gco:CharacterString>
                  </gco:aName>
                </gco:TypeName>
              </gco:attributeType>
            </gco:MemberName>
          </gmd:sequenceIdentifier>
          <gmd:descriptor>
            <gco:CharacterString>PI-supplied Description: Longitude (West is negative).; General Description: longitude, in decimal degrees, East is positive, negative denotes West; Reported in some datsets as degrees, minutes NERC Description: The angular distance east or west east or west of Greenwich to the point of interest.</gco:CharacterString>
          </gmd:descriptor>
          <gmd:units>
            <gml:UnitDefinition gml:id="_parameterUnits31679">
             <gml:identifier codeSpace="http://lod.bco-dmo.org/id/dataset-parameter/31679.rdf">http://lod.bco-dmo.org/id/dataset-parameter/31679.rdf</gml:identifier>
             <gml:name>decimal degrees</gml:name>
          </gml:UnitDefinition>
          </gmd:units>
        </gmd:MD_Band>
      </gmd:dimension>
      <gmd:dimension>
        <gmd:MD_Band>
          <gmd:sequenceIdentifier xlink:href="http://lod.bco-dmo.org/id/dataset-parameter/31680.rdf" xlink:title="depth_min" xlink:actuate="onRequest">
            <gco:MemberName>
              <gco:aName>
                <gco:CharacterString>depth_min</gco:CharacterString>
              </gco:aName>
              <gco:attributeType>                <gco:TypeName>
                  <gco:aName>
                    <gco:CharacterString>depth_min</gco:CharacterString>
                  </gco:aName>
                </gco:TypeName>
              </gco:attributeType>
            </gco:MemberName>
          </gmd:sequenceIdentifier>
          <gmd:descriptor>
            <gco:CharacterString>PI-supplied Description: Minimum depth.; General Description: minimum depth sampled</gco:CharacterString>
          </gmd:descriptor>
          <gmd:units>
            <gml:UnitDefinition gml:id="_parameterUnits31680">
             <gml:identifier codeSpace="http://lod.bco-dmo.org/id/dataset-parameter/31680.rdf">http://lod.bco-dmo.org/id/dataset-parameter/31680.rdf</gml:identifier>
             <gml:name>meters</gml:name>
          </gml:UnitDefinition>
          </gmd:units>
        </gmd:MD_Band>
      </gmd:dimension>
      <gmd:dimension>
        <gmd:MD_Band>
          <gmd:sequenceIdentifier xlink:href="http://lod.bco-dmo.org/id/dataset-parameter/31681.rdf" xlink:title="depth_max" xlink:actuate="onRequest">
            <gco:MemberName>
              <gco:aName>
                <gco:CharacterString>depth_max</gco:CharacterString>
              </gco:aName>
              <gco:attributeType>                <gco:TypeName>
                  <gco:aName>
                    <gco:CharacterString>depth_max</gco:CharacterString>
                  </gco:aName>
                </gco:TypeName>
              </gco:attributeType>
            </gco:MemberName>
          </gmd:sequenceIdentifier>
          <gmd:descriptor>
            <gco:CharacterString>PI-supplied Description: Maximum depth.; General Description: maximum depth sampled</gco:CharacterString>
          </gmd:descriptor>
          <gmd:units>
            <gml:UnitDefinition gml:id="_parameterUnits31681">
             <gml:identifier codeSpace="http://lod.bco-dmo.org/id/dataset-parameter/31681.rdf">http://lod.bco-dmo.org/id/dataset-parameter/31681.rdf</gml:identifier>
             <gml:name>meters</gml:name>
          </gml:UnitDefinition>
          </gmd:units>
        </gmd:MD_Band>
      </gmd:dimension>
      <gmd:dimension>
        <gmd:MD_Band>
          <gmd:sequenceIdentifier xlink:href="http://lod.bco-dmo.org/id/dataset-parameter/31682.rdf" xlink:title="event type" xlink:actuate="onRequest">
            <gco:MemberName>
              <gco:aName>
                <gco:CharacterString>event_description</gco:CharacterString>
              </gco:aName>
              <gco:attributeType>                <gco:TypeName>
                  <gco:aName>
                    <gco:CharacterString>event type</gco:CharacterString>
                  </gco:aName>
                </gco:TypeName>
              </gco:attributeType>
            </gco:MemberName>
          </gmd:sequenceIdentifier>
          <gmd:descriptor>
            <gco:CharacterString>PI-supplied Description: Description of sampling event. See 'Acquisition Description' for event code definitions.; General Description: an abbreviation code describing the sampling event type, e.g. CTD, TM, MULVFS, MOCNESS, trap</gco:CharacterString>
          </gmd:descriptor>
          <gmd:units>
            <gml:UnitDefinition gml:id="_parameterUnits31682">
             <gml:identifier codeSpace="http://lod.bco-dmo.org/id/dataset-parameter/31682.rdf">http://lod.bco-dmo.org/id/dataset-parameter/31682.rdf</gml:identifier>
             <gml:name>text</gml:name>
          </gml:UnitDefinition>
          </gmd:units>
        </gmd:MD_Band>
      </gmd:dimension>
      <gmd:dimension>
        <gmd:MD_Band>
          <gmd:sequenceIdentifier xlink:href="http://lod.bco-dmo.org/id/dataset-parameter/31683.rdf" xlink:title="sample description" xlink:actuate="onRequest">
            <gco:MemberName>
              <gco:aName>
                <gco:CharacterString>samples_taken</gco:CharacterString>
              </gco:aName>
              <gco:attributeType>                <gco:TypeName>
                  <gco:aName>
                    <gco:CharacterString>sample description</gco:CharacterString>
                  </gco:aName>
                </gco:TypeName>
              </gco:attributeType>
            </gco:MemberName>
          </gmd:sequenceIdentifier>
          <gmd:descriptor>
            <gco:CharacterString>PI-supplied Description: Samples taken. See 'Acquisition Description' for sample code definitions.; General Description: text description of sample collected</gco:CharacterString>
          </gmd:descriptor>
          <gmd:units>
            <gml:UnitDefinition gml:id="_parameterUnits31683">
             <gml:identifier codeSpace="http://lod.bco-dmo.org/id/dataset-parameter/31683.rdf">http://lod.bco-dmo.org/id/dataset-parameter/31683.rdf</gml:identifier>
             <gml:name>text</gml:name>
          </gml:UnitDefinition>
          </gmd:units>
        </gmd:MD_Band>
      </gmd:dimension>
      <gmd:dimension>
        <gmd:MD_Band>
          <gmd:sequenceIdentifier xlink:href="http://lod.bco-dmo.org/id/dataset-parameter/31684.rdf" xlink:title="sample identification" xlink:actuate="onRequest">
            <gco:MemberName>
              <gco:aName>
                <gco:CharacterString>GEO_sample_id_range</gco:CharacterString>
              </gco:aName>
              <gco:attributeType xlink:href="http://vocab.nerc.ac.uk/collection/P02/current/ACYC/" xlink:title="Reference numbers" xlink:actuate="onRequest">                <gco:TypeName>
                  <gco:aName>
                    <gco:CharacterString>sample identification</gco:CharacterString>
                  </gco:aName>
                </gco:TypeName>
              </gco:attributeType>
            </gco:MemberName>
          </gmd:sequenceIdentifier>
          <gmd:descriptor>
            <gco:CharacterString>PI-supplied Description: Range of GEOTRACES ID numbers.; General Description: unique sample identification or number; any combination of alpha numeric characters; precise definition is file dependent NERC Description: Data record, event, sample or measurement reference numbers</gco:CharacterString>
          </gmd:descriptor>
          <gmd:units>
            <gml:UnitDefinition gml:id="_parameterUnits31684">
             <gml:identifier codeSpace="http://lod.bco-dmo.org/id/dataset-parameter/31684.rdf">http://lod.bco-dmo.org/id/dataset-parameter/31684.rdf</gml:identifier>
             <gml:name>text</gml:name>
          </gml:UnitDefinition>
          </gmd:units>
        </gmd:MD_Band>
      </gmd:dimension>
      <gmd:dimension>
        <gmd:MD_Band>
          <gmd:sequenceIdentifier xlink:href="http://lod.bco-dmo.org/id/dataset-parameter/31685.rdf" xlink:title="comments" xlink:actuate="onRequest">
            <gco:MemberName>
              <gco:aName>
                <gco:CharacterString>comment</gco:CharacterString>
              </gco:aName>
              <gco:attributeType>                <gco:TypeName>
                  <gco:aName>
                    <gco:CharacterString>comments</gco:CharacterString>
                  </gco:aName>
                </gco:TypeName>
              </gco:attributeType>
            </gco:MemberName>
          </gmd:sequenceIdentifier>
          <gmd:descriptor>
            <gco:CharacterString>PI-supplied Description: Free-text comments about the event.; General Description: free text comments, may only have meaning to submitting PI</gco:CharacterString>
          </gmd:descriptor>
          <gmd:units>
            <gml:UnitDefinition gml:id="_parameterUnits31685">
             <gml:identifier codeSpace="http://lod.bco-dmo.org/id/dataset-parameter/31685.rdf">http://lod.bco-dmo.org/id/dataset-parameter/31685.rdf</gml:identifier>
             <gml:name>text</gml:name>
          </gml:UnitDefinition>
          </gmd:units>
        </gmd:MD_Band>
      </gmd:dimension>
      <gmd:dimension>
        <gmd:MD_Band>
          <gmd:sequenceIdentifier xlink:href="http://lod.bco-dmo.org/id/dataset-parameter/31686.rdf" xlink:title="cruise id" xlink:actuate="onRequest">
            <gco:MemberName>
              <gco:aName>
                <gco:CharacterString>cruise_id</gco:CharacterString>
              </gco:aName>
              <gco:attributeType>                <gco:TypeName>
                  <gco:aName>
                    <gco:CharacterString>cruise id</gco:CharacterString>
                  </gco:aName>
                </gco:TypeName>
              </gco:attributeType>
            </gco:MemberName>
          </gmd:sequenceIdentifier>
          <gmd:descriptor>
            <gco:CharacterString>PI-supplied Description: Official cruise identifier.; General Description: cruise designation; name</gco:CharacterString>
          </gmd:descriptor>
          <gmd:units>
            <gml:UnitDefinition gml:id="_parameterUnits31686">
             <gml:identifier codeSpace="http://lod.bco-dmo.org/id/dataset-parameter/31686.rdf">http://lod.bco-dmo.org/id/dataset-parameter/31686.rdf</gml:identifier>
             <gml:name>text</gml:name>
          </gml:UnitDefinition>
          </gmd:units>
        </gmd:MD_Band>
      </gmd:dimension>
      <gmd:dimension>
        <gmd:MD_Band>
          <gmd:sequenceIdentifier xlink:href="http://lod.bco-dmo.org/id/dataset-parameter/31687.rdf" xlink:title="year" xlink:actuate="onRequest">
            <gco:MemberName>
              <gco:aName>
                <gco:CharacterString>year</gco:CharacterString>
              </gco:aName>
              <gco:attributeType xlink:href="http://vocab.nerc.ac.uk/collection/P01/current/YEARXXXX/" xlink:title="Year since birth of Christ" xlink:actuate="onRequest">                <gco:TypeName>
                  <gco:aName>
                    <gco:CharacterString>year</gco:CharacterString>
                  </gco:aName>
                </gco:TypeName>
              </gco:attributeType>
            </gco:MemberName>
          </gmd:sequenceIdentifier>
          <gmd:descriptor>
            <gco:CharacterString>PI-supplied Description: 4-digit year of the cruise.; General Description: year, reported as YYYY, e.g.  1995 NERC Description: The number of Gregorian calendar years that have elapsed since the birth of Christ.</gco:CharacterString>
          </gmd:descriptor>
          <gmd:units>
            <gml:UnitDefinition gml:id="_parameterUnits31687">
             <gml:identifier codeSpace="http://lod.bco-dmo.org/id/dataset-parameter/31687.rdf">http://lod.bco-dmo.org/id/dataset-parameter/31687.rdf</gml:identifier>
             <gml:name>YYYY</gml:name>
          </gml:UnitDefinition>
          </gmd:units>
        </gmd:MD_Band>
      </gmd:dimension>
      <gmd:dimension>
        <gmd:MD_Band>
          <gmd:sequenceIdentifier xlink:href="http://lod.bco-dmo.org/id/dataset-parameter/31688.rdf" xlink:title="month_start" xlink:actuate="onRequest">
            <gco:MemberName>
              <gco:aName>
                <gco:CharacterString>month_start</gco:CharacterString>
              </gco:aName>
              <gco:attributeType>                <gco:TypeName>
                  <gco:aName>
                    <gco:CharacterString>month_start</gco:CharacterString>
                  </gco:aName>
                </gco:TypeName>
              </gco:attributeType>
            </gco:MemberName>
          </gmd:sequenceIdentifier>
          <gmd:descriptor>
            <gco:CharacterString>PI-supplied Description: 2-digit month at start of event (GMT).; General Description: month at start of measurement period, use in conjunction with month_end and only when the duration of sampling is a critical element to the measurement.</gco:CharacterString>
          </gmd:descriptor>
          <gmd:units>
            <gml:UnitDefinition gml:id="_parameterUnits31688">
             <gml:identifier codeSpace="http://lod.bco-dmo.org/id/dataset-parameter/31688.rdf">http://lod.bco-dmo.org/id/dataset-parameter/31688.rdf</gml:identifier>
             <gml:name>mm (01 to 12)</gml:name>
          </gml:UnitDefinition>
          </gmd:units>
        </gmd:MD_Band>
      </gmd:dimension>
      <gmd:dimension>
        <gmd:MD_Band>
          <gmd:sequenceIdentifier xlink:href="http://lod.bco-dmo.org/id/dataset-parameter/31689.rdf" xlink:title="day_start" xlink:actuate="onRequest">
            <gco:MemberName>
              <gco:aName>
                <gco:CharacterString>day_start</gco:CharacterString>
              </gco:aName>
              <gco:attributeType>                <gco:TypeName>
                  <gco:aName>
                    <gco:CharacterString>day_start</gco:CharacterString>
                  </gco:aName>
                </gco:TypeName>
              </gco:attributeType>
            </gco:MemberName>
          </gmd:sequenceIdentifier>
          <gmd:descriptor>
            <gco:CharacterString>PI-supplied Description: 2-digit day of the month at start of event (GMT).; General Description: day at beginning of measurement period, use in conjuction with day_end and only when the duration of sampling is a critical element to the measurement.</gco:CharacterString>
          </gmd:descriptor>
          <gmd:units>
            <gml:UnitDefinition gml:id="_parameterUnits31689">
             <gml:identifier codeSpace="http://lod.bco-dmo.org/id/dataset-parameter/31689.rdf">http://lod.bco-dmo.org/id/dataset-parameter/31689.rdf</gml:identifier>
             <gml:name>dd (01 to 31)</gml:name>
          </gml:UnitDefinition>
          </gmd:units>
        </gmd:MD_Band>
      </gmd:dimension>
      <gmd:dimension>
        <gmd:MD_Band>
          <gmd:sequenceIdentifier xlink:href="http://lod.bco-dmo.org/id/dataset-parameter/31690.rdf" xlink:title="month_end" xlink:actuate="onRequest">
            <gco:MemberName>
              <gco:aName>
                <gco:CharacterString>month_end</gco:CharacterString>
              </gco:aName>
              <gco:attributeType>                <gco:TypeName>
                  <gco:aName>
                    <gco:CharacterString>month_end</gco:CharacterString>
                  </gco:aName>
                </gco:TypeName>
              </gco:attributeType>
            </gco:MemberName>
          </gmd:sequenceIdentifier>
          <gmd:descriptor>
            <gco:CharacterString>PI-supplied Description: 2-digit month at end of event (GMT).; General Description: month at end of measurement period, see month_start.</gco:CharacterString>
          </gmd:descriptor>
          <gmd:units>
            <gml:UnitDefinition gml:id="_parameterUnits31690">
             <gml:identifier codeSpace="http://lod.bco-dmo.org/id/dataset-parameter/31690.rdf">http://lod.bco-dmo.org/id/dataset-parameter/31690.rdf</gml:identifier>
             <gml:name>mm (01 to 12)</gml:name>
          </gml:UnitDefinition>
          </gmd:units>
        </gmd:MD_Band>
      </gmd:dimension>
      <gmd:dimension>
        <gmd:MD_Band>
          <gmd:sequenceIdentifier xlink:href="http://lod.bco-dmo.org/id/dataset-parameter/31691.rdf" xlink:title="day_end" xlink:actuate="onRequest">
            <gco:MemberName>
              <gco:aName>
                <gco:CharacterString>day_end</gco:CharacterString>
              </gco:aName>
              <gco:attributeType>                <gco:TypeName>
                  <gco:aName>
                    <gco:CharacterString>day_end</gco:CharacterString>
                  </gco:aName>
                </gco:TypeName>
              </gco:attributeType>
            </gco:MemberName>
          </gmd:sequenceIdentifier>
          <gmd:descriptor>
            <gco:CharacterString>PI-supplied Description: 2-digit day of the month at end of event (GMT).; General Description: day at ending of measurement period, see day_begin.</gco:CharacterString>
          </gmd:descriptor>
          <gmd:units>
            <gml:UnitDefinition gml:id="_parameterUnits31691">
             <gml:identifier codeSpace="http://lod.bco-dmo.org/id/dataset-parameter/31691.rdf">http://lod.bco-dmo.org/id/dataset-parameter/31691.rdf</gml:identifier>
             <gml:name>dd (01 to 31)</gml:name>
          </gml:UnitDefinition>
          </gmd:units>
        </gmd:MD_Band>
      </gmd:dimension>
      </gmi:MI_CoverageDescription>
  </gmd:contentInfo>
  <gmd:distributionInfo>
    <gmd:MD_Distribution>
      <gmd:distributor>
        <gmd:MD_Distributor>
          <gmd:distributorContact>
            <gmd:CI_ResponsibleParty>
  <gmd:organisationName>
    <gmx:Anchor xlink:href="http://lod.bco-dmo.org/id/affiliation/191.rdf" xlink:actuate="onRequest">Biological and Chemical Oceanography Data Management Office (BCO-DMO)</gmx:Anchor>
  </gmd:organisationName>
  <gmd:contactInfo>
    <gmd:CI_Contact>
		  <gmd:phone>
		    <gmd:CI_Telephone>
				  <gmd:voice>
				    <gco:CharacterString>Unavailable</gco:CharacterString>
				  </gmd:voice>
				  <gmd:facsimile>
				    <gco:CharacterString>508-289-2009</gco:CharacterString>
				  </gmd:facsimile>
				</gmd:CI_Telephone>
		  </gmd:phone>
		  <gmd:address>
		    <gmd:CI_Address>
				  <gmd:deliveryPoint>
				    <gco:CharacterString>WHOI MS#36</gco:CharacterString>
				  </gmd:deliveryPoint>
				  <gmd:city>
				    <gco:CharacterString>Woods Hole</gco:CharacterString>
				  </gmd:city>
				  <gmd:administrativeArea>
				    <gco:CharacterString>MA</gco:CharacterString>
				  </gmd:administrativeArea>
				  <gmd:postalCode>
				    <gco:CharacterString>02543</gco:CharacterString>
				  </gmd:postalCode>
				  <gmd:country>
				    <gco:CharacterString>USA</gco:CharacterString>
				  </gmd:country>
				  <gmd:electronicMailAddress>
				    <gco:CharacterString>info@bco-dmo.org</gco:CharacterString>
				  </gmd:electronicMailAddress>
		    </gmd:CI_Address>
		  </gmd:address>
      <gmd:onlineResource>
          <gmd:CI_OnlineResource>
            <gmd:linkage>
              <gmd:URL>http://www.bco-dmo.org</gmd:URL>
            </gmd:linkage>
          </gmd:CI_OnlineResource>
        </gmd:onlineResource>
		  <gmd:hoursOfService>
        <gco:CharacterString>Monday - Friday 8:00am - 5:00pm</gco:CharacterString>
      </gmd:hoursOfService>
		  <gmd:contactInstructions>
		    <gco:CharacterString>For questions regarding this resource, please contact BCO-DMO via the email address provided.</gco:CharacterString>
		  </gmd:contactInstructions>
		</gmd:CI_Contact>
  </gmd:contactInfo>
  <gmd:role>
    <gmd:CI_RoleCode codeList="http://www.isotc211.org/2005/resources/Codelist/gmxCodelists.xml#CI_RoleCode" codeListValue="pointOfContact" codeSpace="007">pointOfContact</gmd:CI_RoleCode>
  </gmd:role>
</gmd:CI_ResponsibleParty>
          </gmd:distributorContact>
        </gmd:MD_Distributor>
      </gmd:distributor>
      <gmd:transferOptions>
        <gmd:MD_DigitalTransferOptions>
        <gmd:onLine>
            <gmd:CI_OnlineResource>
              <gmd:linkage>
                <gmd:URL>http://www.bco-dmo.org/dataset/3842/data/download</gmd:URL>
              </gmd:linkage>
              <gmd:function>
                <gmd:CI_OnLineFunctionCode codeList="http://www.ngdc.noaa.gov/metadata/published/xsd/schema/resources/Codelist/gmxCodelists.xml#CI_OnLineFunctionCode" codeListValue="download">download</gmd:CI_OnLineFunctionCode>
              </gmd:function>
            </gmd:CI_OnlineResource>
          </gmd:onLine>
        </gmd:MD_DigitalTransferOptions>
      </gmd:transferOptions>
    </gmd:MD_Distribution>
  </gmd:distributionInfo>
  <gmd:dataQualityInfo>
    <gmd:DQ_DataQuality>
      <gmd:scope>
        <gmd:DQ_Scope>
          <gmd:level>
            <gmd:MD_ScopeCode codeList="http://www.ngdc.noaa.gov/metadata/published/xsd/schema/resources/Codelist/gmxCodelists.xml#MD_ScopeCode" codeListValue="dataset">dataset</gmd:MD_ScopeCode>
          </gmd:level>
        </gmd:DQ_Scope>
      </gmd:scope>
      <gmd:lineage>
        <gmd:LI_Lineage>
          <gmd:processStep xlink:title="Acquisition Description">
            <gmd:LI_ProcessStep>
              <gmd:description>
                <gco:CharacterString>&amp;lt;p&amp;gt;Spreadsheet of events generated aboard vessel by the science party. The following code lists were used.&amp;lt;/p&amp;gt;&amp;lt;p&amp;gt;&amp;lt;b&amp;gt;Event Description Codes:&amp;lt;/b&amp;gt;&amp;lt;br /&amp;gt;nd = unknown/not entered&amp;lt;br /&amp;gt;GT-C = GEOTRACES carousel&amp;lt;br /&amp;gt;30-ODF = 30L Niskin Rosette&amp;lt;br /&amp;gt;Stn-GeoF = GeoFish Station sampling; misc samples&amp;lt;br /&amp;gt;GeoF = GeoFish TM dissolved; Nuts; As&amp;lt;br /&amp;gt;mid-GeoF = GeoFish TM diss/uf; Nuts; nanoNuts; As; Alk Phosphatase&amp;lt;br /&amp;gt;Super-GeoF = GeoFishTM diss/uf; Nuts; NanoNuts; As; Alk Phos; Se; WML; A. Shiller&amp;lt;br /&amp;gt;RaPUW = Radium UW pump&amp;lt;br /&amp;gt;MITv2 = MIT-vane&amp;lt;br /&amp;gt;UAFv = UAF-vane&amp;lt;br /&amp;gt;KnoR = Knorr rosette&amp;lt;br /&amp;gt;MastUp = NASA solar reference mast UP&amp;lt;br /&amp;gt;MastDown = NASA solar reference mast DOWN&amp;lt;br /&amp;gt;McL-Ros = McLane pump rosette&amp;lt;br /&amp;gt;McL-Prof = McLane pump profile&amp;lt;br /&amp;gt;Aeros = Aerosol sampler&amp;lt;br /&amp;gt;AOP = Apparent Optical Properties cast&amp;lt;br /&amp;gt;NASAsurf = NASA surface pump water sample&amp;lt;br /&amp;gt;NEMO = NEMO Float Deployment&amp;lt;br /&amp;gt;Ra/Th/Pig = Ra/Th/Pigment Niskin Cast&amp;lt;br /&amp;gt;Surf Ra bag = Surface Ra bag&amp;lt;br /&amp;gt;Rain = Rain sample&amp;lt;/p&amp;gt;&amp;lt;p&amp;gt;&amp;lt;b&amp;gt;Sample Codes:&amp;lt;/b&amp;gt;&amp;lt;br /&amp;gt;nd = unknown/not recorded&amp;lt;br /&amp;gt;diss = dissolved samples&amp;lt;br /&amp;gt;diss+part = dissolved and particulate samples&amp;lt;br /&amp;gt;unfilt = unfiltered seawater&amp;lt;br /&amp;gt;filter = filter for particulates&amp;lt;br /&amp;gt;none = none&amp;lt;/p&amp;gt;</gco:CharacterString>
              </gmd:description>
            </gmd:LI_ProcessStep>
          </gmd:processStep>
          <gmd:processStep xlink:title="Processing Description">
            <gmd:LI_ProcessStep>
              <gmd:description>
                <gco:CharacterString>&amp;lt;p&amp;gt;BCO-DMO made the following modifications to the formatting of the data:&amp;lt;br /&amp;gt;- Blank cells were replaced with 'nd' to indicate 'no data'.&amp;lt;br /&amp;gt;- Parameter names were modified to conform with BCO-DMO naming conventions.&amp;lt;br /&amp;gt;- lat and lon were converted from degrees and decimal minutes to decimal degrees.&amp;lt;br /&amp;gt;- time_start and time_end were reformatted from HH:MM to HHMM.&amp;lt;br /&amp;gt;- Commas in text fields were replaced with semi-colons.&amp;lt;br /&amp;gt;- Original date fields separated into year, month, and day.&amp;lt;/p&amp;gt;&amp;lt;p&amp;gt;Additional corrections made by BCO-DMO:&amp;lt;br /&amp;gt;- Corrected lat value of event #3034 from 32.67 to 38.67 based on GTC castsheet. &amp;lt;br /&amp;gt;- Added station number to event #3112 (had been missing). Confirmed by GTC castsheet.&amp;lt;br /&amp;gt;- Changed sample number for event #3123 from 'nd' to 7245. Confirmed by aerosol data from C. Lamborg and W. Landing.&amp;lt;br /&amp;gt;- Corrected start and end dates of event #3203 from 12/01/11 to 12/02/11 based on rain data from William Landing.&amp;lt;br /&amp;gt;- Corrected location of event #3219 from transit to station 10 to transit to station 20.&amp;lt;br /&amp;gt;- Changed end time of event #3217 from 0000 to nd.&amp;lt;br /&amp;gt;- Corrected lon value of event #3228 from -25.87 to -35.87 based on aerosol data from William Landing.&amp;lt;/p&amp;gt;</gco:CharacterString>
              </gmd:description>
            </gmd:LI_ProcessStep>
          </gmd:processStep>
        </gmd:LI_Lineage>
      </gmd:lineage>
   </gmd:DQ_DataQuality>
  </gmd:dataQualityInfo>
  <gmd:metadataMaintenance>
    <gmd:MD_MaintenanceInformation>
      <gmd:maintenanceAndUpdateFrequency>
        <gmd:MD_MaintenanceFrequencyCode codeList="http://www.isotc211.org/2005/resources/Codelist/gmxCodelists.xml#MD_MaintenanceFrequencyCode" codeListValue="asNeeded" codeSpace="009">asNeeded</gmd:MD_MaintenanceFrequencyCode>
      </gmd:maintenanceAndUpdateFrequency>
      <gmd:maintenanceNote>
        <gco:CharacterString>7.x-1.1</gco:CharacterString>
      </gmd:maintenanceNote>
      <gmd:contact>
        <gmd:CI_ResponsibleParty>
  <gmd:organisationName>
    <gmx:Anchor xlink:href="http://lod.bco-dmo.org/id/affiliation/191.rdf" xlink:actuate="onRequest">Biological and Chemical Oceanography Data Management Office (BCO-DMO)</gmx:Anchor>
  </gmd:organisationName>
  <gmd:contactInfo>
    <gmd:CI_Contact>
		  <gmd:phone>
		    <gmd:CI_Telephone>
				  <gmd:voice>
				    <gco:CharacterString>Unavailable</gco:CharacterString>
				  </gmd:voice>
				  <gmd:facsimile>
				    <gco:CharacterString>508-289-2009</gco:CharacterString>
				  </gmd:facsimile>
				</gmd:CI_Telephone>
		  </gmd:phone>
		  <gmd:address>
		    <gmd:CI_Address>
				  <gmd:deliveryPoint>
				    <gco:CharacterString>WHOI MS#36</gco:CharacterString>
				  </gmd:deliveryPoint>
				  <gmd:city>
				    <gco:CharacterString>Woods Hole</gco:CharacterString>
				  </gmd:city>
				  <gmd:administrativeArea>
				    <gco:CharacterString>MA</gco:CharacterString>
				  </gmd:administrativeArea>
				  <gmd:postalCode>
				    <gco:CharacterString>02543</gco:CharacterString>
				  </gmd:postalCode>
				  <gmd:country>
				    <gco:CharacterString>USA</gco:CharacterString>
				  </gmd:country>
				  <gmd:electronicMailAddress>
				    <gco:CharacterString>info@bco-dmo.org</gco:CharacterString>
				  </gmd:electronicMailAddress>
		    </gmd:CI_Address>
		  </gmd:address>
      <gmd:onlineResource>
          <gmd:CI_OnlineResource>
            <gmd:linkage>
              <gmd:URL>http://www.bco-dmo.org</gmd:URL>
            </gmd:linkage>
          </gmd:CI_OnlineResource>
        </gmd:onlineResource>
		  <gmd:hoursOfService>
        <gco:CharacterString>Monday - Friday 8:00am - 5:00pm</gco:CharacterString>
      </gmd:hoursOfService>
		  <gmd:contactInstructions>
		    <gco:CharacterString>For questions regarding this resource, please contact BCO-DMO via the email address provided.</gco:CharacterString>
		  </gmd:contactInstructions>
		</gmd:CI_Contact>
  </gmd:contactInfo>
  <gmd:role>
    <gmd:CI_RoleCode codeList="http://www.isotc211.org/2005/resources/Codelist/gmxCodelists.xml#CI_RoleCode" codeListValue="pointOfContact" codeSpace="007">pointOfContact</gmd:CI_RoleCode>
  </gmd:role>
</gmd:CI_ResponsibleParty>
      </gmd:contact>
    </gmd:MD_MaintenanceInformation>
  </gmd:metadataMaintenance>
  <gmi:acquisitionInformation>
    <gmi:MI_AcquisitionInformation>
    <gmi:operation>
          <gmi:MI_Operation>
            <gmi:description>
              <gco:CharacterString>Cruise: KN204-01</gco:CharacterString>
            </gmi:description>
            <gmi:identifier>
              <gmd:MD_Identifier>
                <gmd:code>
                  <gmx:Anchor xlink:href="http://lod.bco-dmo.org/id/deployment/58786.rdf" xlink:title="Cruise" xlink:actuate="onRequest">KN204-01</gmx:Anchor>
                </gmd:code>
              </gmd:MD_Identifier>
            </gmi:identifier>
            <gmi:status>
              <gmd:MD_ProgressCode codeList="http://www.ngdc.noaa.gov/metadata/published/xsd/schema/resources/Codelist/gmxCodelists.xml#MD_ProgressCode" codeListValue="completed"/>
            </gmi:status>
            <gmi:type>
              <gmi:MI_OperationTypeCode codeList="http://www.ngdc.noaa.gov/metadata/published/xsd/schema/resources/Codelist/gmxCodelists.xml#MI_OperationTypeCode" codeListValue="real"/>
            </gmi:type>
            <gmi:parentOperation gco:nilReason="inapplicable"/>
            <gmi:platform>
              <gmi:MI_Platform>
                <gmi:citation>
                 <gmd:CI_Citation>
                   <gmd:title>
                     <gmx:Anchor xlink:href="http://www.whoi.edu/page.do?pid=8157" xlink:actuate="onRequest">R/V Knorr</gmx:Anchor>
                   </gmd:title>
                   <gmd:date gco:nilReason="unknown"/>
                 </gmd:CI_Citation>
                </gmi:citation>
                <gmi:citation>
                 <gmd:CI_Citation>
                   <gmd:title>
                     <gmx:Anchor xlink:href="http://vocab.nerc.ac.uk/collection/C17/current/316N" xlink:actuate="onRequest">Community Standard Description</gmx:Anchor>
                   </gmd:title>
                   <gmd:date gco:nilReason="unknown"/>
                 </gmd:CI_Citation>
                </gmi:citation>
                <gmi:identifier>
                  <gmd:MD_Identifier>
                    <gmd:authority>
                      <gmd:CI_Citation>
                        <gmd:title>
                          <gmx:Anchor xlink:href="http://lod.bco-dmo.org/id/authority/1.rdf" xlink:actuate="onRequest">International Council for the Exploration of the Sea</gmx:Anchor>
                        </gmd:title>
                        <gmd:date gco:nilReason="unknown"/>
                      </gmd:CI_Citation>
                    </gmd:authority>
                    <gmd:code>
                      <gmx:Anchor xlink:href="http://lod.bco-dmo.org/id/platform/53994.rdf"
                       xlink:title="316N" xlink:actuate="onRequest">R/V Knorr</gmx:Anchor>
                    </gmd:code>
                  </gmd:MD_Identifier>
                </gmi:identifier>
                <gmi:description>
                  <gmx:Anchor xlink:href="http://lod.bco-dmo.org/id/platform/53994.rdf" xlink:title="R/V Knorr" xlink:actuate="onRequest">vessel</gmx:Anchor>
                </gmi:description>
                <gmi:instrument gco:nilReason="unknown"/>
              </gmi:MI_Platform>
            </gmi:platform>
            <gmi:plan>
              <gmi:MI_Plan>
                <gmi:status>
                  <gmd:MD_ProgressCode codeList="http://www.isotc211.org/2005/resources/Codelist/gmxCodelists.xml#MD_ProgressCode" codeListValue="completed"/>
                </gmi:status>
                <gmi:citation>
                  <gmd:CI_Citation>
                    <gmd:title>
                      <gmx:Anchor xlink:href="http://lod.bco-dmo.org/id/deployment/58786.rdf" xlink:title="Cruise" xlink:actuate="onRequest">KN204-01</gmx:Anchor>
                    </gmd:title>
                    <gmd:date gco:nilReason="unknown"/>
                    <gmd:citedResponsibleParty>
                      <gmd:CI_ResponsibleParty>
                      <gmd:individualName>
                          <gmx:Anchor xlink:href="http://lod.bco-dmo.org/id/person/50984.rdf" xlink:actuate="onRequest">Dr Edward  A. Boyle</gmx:Anchor>
                        </gmd:individualName>
                        <gmd:organisationName>
                          <gmx:Anchor xlink:href="http://lod.bco-dmo.org/id/affiliation/222.rdf" xlink:title="Affiliation" xlink:actuate="onRequest">Massachusetts Institute of Technology</gmx:Anchor>
                        </gmd:organisationName>
                        <gmd:contactInfo>
                        <gmd:CI_Contact>
                          <gmd:onlineResource>
                            <gmd:CI_OnlineResource>
                              <gmd:linkage>
                                <gmd:URL>http://bcodata.whoi.edu/US_GEOTRACES/AtlanticSection/STS_Prelim_GT11_Doc.pdf</gmd:URL>
                              </gmd:linkage>
                              <gmd:description>
                                <gco:CharacterString>Report describing KN204-01</gco:CharacterString>
                              </gmd:description>
                            </gmd:CI_OnlineResource>
                          </gmd:onlineResource>
                        </gmd:CI_Contact>
                      </gmd:contactInfo>
                      <gmd:role>
                        <gmd:CI_RoleCode codeList="http://www.isotc211.org/2005/resources/Codelist/gmxCodelists.xml#CI_RoleCode" codeListValue="principalInvestigator"/>
                      </gmd:role>
                      </gmd:CI_ResponsibleParty>
                    </gmd:citedResponsibleParty>
                   </gmd:CI_Citation>
                </gmi:citation>
              </gmi:MI_Plan>
            </gmi:plan>
            </gmi:MI_Operation>
      </gmi:operation></gmi:MI_AcquisitionInformation>
  </gmi:acquisitionInformation>
</gmi:MI_Metadata>
