<?xml version="1.0" encoding="utf-8" ?><gmi:MI_Metadata
  xmlns:xsi="http://www.w3.org/2001/XMLSchema-instance"
  xmlns:gco="http://www.isotc211.org/2005/gco"
  xmlns:gfc="http://www.isotc211.org/2005/gfc"
  xmlns:gmd="http://www.isotc211.org/2005/gmd"
  xmlns:xlink="http://www.w3.org/1999/xlink"
  xmlns:srv="http://www.isotc211.org/2005/srv"
  xmlns:gml="http://www.opengis.net/gml/3.2"
  xmlns:gsr="http://www.isotc211.org/2005/gsr"
  xmlns:gss="http://www.isotc211.org/2005/gss"
  xmlns:gts="http://www.isotc211.org/2005/gts"
  xmlns:gmi="http://www.isotc211.org/2005/gmi"
  xmlns:gmx="http://www.isotc211.org/2005/gmx"
  xsi:schemaLocation="http://www.isotc211.org/2005/gmi http://www.ngdc.noaa.gov/metadata/published/xsd/schema.xsd">
  <gmd:fileIdentifier>
    <gco:CharacterString>http://lod.bco-dmo.org/id/dataset/3671</gco:CharacterString>
  </gmd:fileIdentifier>
  <gmd:language>
    <gco:CharacterString>eng; USA</gco:CharacterString>
  </gmd:language>
  <gmd:characterSet>
    <gmd:MD_CharacterSetCode codeList="http://www.isotc211.org/2005/resources/Codelist/gmxCodelists.xml#MD_CharacterSetCode" codeListValue="utf8">utf8</gmd:MD_CharacterSetCode>
  </gmd:characterSet>
  <gmd:hierarchyLevel>
    <gmd:MD_ScopeCode codeList="http://www.isotc211.org/2005/resources/Codelist/gmxCodelists.xml#MD_ScopeCode" codeListValue="dataset" codeSpace="005">dataset</gmd:MD_ScopeCode>
  </gmd:hierarchyLevel>
  <gmd:hierarchyLevelName>
    <gco:CharacterString>Highest level of data collection, from a common set of sensors or instrumentation, usually within the same research project</gco:CharacterString>
  </gmd:hierarchyLevelName>
  <gmd:contact>
    <gmd:CI_ResponsibleParty>
  <gmd:organisationName>
    <gmx:Anchor xlink:href="http://lod.bco-dmo.org/id/affiliation/191.rdf" xlink:actuate="onRequest">Biological and Chemical Oceanography Data Management Office (BCO-DMO)</gmx:Anchor>
  </gmd:organisationName>
  <gmd:contactInfo>
    <gmd:CI_Contact>
		  <gmd:phone>
		    <gmd:CI_Telephone>
				  <gmd:voice>
				    <gco:CharacterString>Unavailable</gco:CharacterString>
				  </gmd:voice>
				  <gmd:facsimile>
				    <gco:CharacterString>508-289-2009</gco:CharacterString>
				  </gmd:facsimile>
				</gmd:CI_Telephone>
		  </gmd:phone>
		  <gmd:address>
		    <gmd:CI_Address>
				  <gmd:deliveryPoint>
				    <gco:CharacterString>WHOI MS#36</gco:CharacterString>
				  </gmd:deliveryPoint>
				  <gmd:city>
				    <gco:CharacterString>Woods Hole</gco:CharacterString>
				  </gmd:city>
				  <gmd:administrativeArea>
				    <gco:CharacterString>MA</gco:CharacterString>
				  </gmd:administrativeArea>
				  <gmd:postalCode>
				    <gco:CharacterString>02543</gco:CharacterString>
				  </gmd:postalCode>
				  <gmd:country>
				    <gco:CharacterString>USA</gco:CharacterString>
				  </gmd:country>
				  <gmd:electronicMailAddress>
				    <gco:CharacterString>info@bco-dmo.org</gco:CharacterString>
				  </gmd:electronicMailAddress>
		    </gmd:CI_Address>
		  </gmd:address>
      <gmd:onlineResource>
          <gmd:CI_OnlineResource>
            <gmd:linkage>
              <gmd:URL>http://www.bco-dmo.org</gmd:URL>
            </gmd:linkage>
          </gmd:CI_OnlineResource>
        </gmd:onlineResource>
		  <gmd:hoursOfService>
        <gco:CharacterString>Monday - Friday 8:00am - 5:00pm</gco:CharacterString>
      </gmd:hoursOfService>
		  <gmd:contactInstructions>
		    <gco:CharacterString>For questions regarding this resource, please contact BCO-DMO via the email address provided.</gco:CharacterString>
		  </gmd:contactInstructions>
		</gmd:CI_Contact>
  </gmd:contactInfo>
  <gmd:role>
    <gmd:CI_RoleCode codeList="http://www.isotc211.org/2005/resources/Codelist/gmxCodelists.xml#CI_RoleCode" codeListValue="pointOfContact" codeSpace="007">pointOfContact</gmd:CI_RoleCode>
  </gmd:role>
</gmd:CI_ResponsibleParty>
  </gmd:contact>
  <gmd:dateStamp>
    <gco:Date>2012-07-11</gco:Date>
  </gmd:dateStamp>
  <gmd:metadataStandardName>
    <gco:CharacterString>ISO 19115-2 Geographic Information - Metadata - Part 2: Extensions for Imagery and Gridded Data</gco:CharacterString>
  </gmd:metadataStandardName>
  <gmd:metadataStandardVersion>
    <gco:CharacterString>ISO 19115-2:2009(E)</gco:CharacterString>
  </gmd:metadataStandardVersion>
  <gmd:referenceSystemInfo xlink:href="https://www.ngdc.noaa.gov/docucomp/895cc120-95ed-11e0-aa80-0800200c9a66" xlink:title="WGS 84 / World Mercator"/>
  <gmd:identificationInfo>
    <gmd:MD_DataIdentification>
      <gmd:citation>
        <gmd:CI_Citation>
          <gmd:title>
            <gmx:Anchor xlink:href="http://lod.bco-dmo.org/id/dataset/3671.rdf" xlink:actuate="onRequest">GT11 - CTD - GT-C Cast Sheets from the U.S. GEOTRACES NAT project of the U.S. GEOTRACES program</gmx:Anchor>
          </gmd:title>
          <gmd:date>
            <gmd:CI_Date>
              <gmd:date>
                <gco:Date>2013-01-30</gco:Date>
              </gmd:date>
              <gmd:dateType>
                <gmd:CI_DateTypeCode codeList="http://www.isotc211.org/2005/resources/Codelist/gmxCodelists.xml#CI_DateTypeCode" codeListValue="publication" codeSpace="002">publication</gmd:CI_DateTypeCode>
              </gmd:dateType>
            </gmd:CI_Date>
          </gmd:date>
          <gmd:citedResponsibleParty>
           <gmd:CI_ResponsibleParty>
              <gmd:individualName>
                <gmx:Anchor xlink:href="http://lod.bco-dmo.org/id/person/50984.rdf" xlink:actuate="onRequest">Dr Edward  A. Boyle</gmx:Anchor>
              </gmd:individualName>
              <gmd:organisationName>
                <gmx:Anchor xlink:href="http://lod.bco-dmo.org/id/affiliation/222.rdf" xlink:actuate="onRequest">Massachusetts Institute of Technology</gmx:Anchor>
              </gmd:organisationName>
              <gmd:positionName>
               <gco:CharacterString></gco:CharacterString>
              </gmd:positionName>
              <gmd:role>
                <gmd:CI_RoleCode codeList="http://www.isotc211.org/2005/resources/Codelist/gmxCodelists.xml#CI_RoleCode" codeListValue="principalInvestigator" codeSpace="008">principalInvestigator</gmd:CI_RoleCode>
              </gmd:role>
            </gmd:CI_ResponsibleParty>
          </gmd:citedResponsibleParty>
          <gmd:presentationForm>
            <gmd:CI_PresentationFormCode codeList="http://www.isotc211.org/2005/resources/Codelist/gmxCodelists.xml#CI_PresentationFormCode" codeListValue="documentDigital">documentDigital</gmd:CI_PresentationFormCode>
          </gmd:presentationForm>
          </gmd:CI_Citation>
      </gmd:citation>
      <gmd:abstract>
        <gco:CharacterString>CTD - GT-C Cast Sheets (PDF files) Dataset Description: &amp;lt;p&amp;gt;GT11/KN204-01 A/B GT-C Cast Sheets (.pdf files)&amp;lt;/p&amp;gt; Acquisition Description: &amp;lt;p&amp;gt;Hand written cast sheets generated by science party aboard vessel&amp;lt;/p&amp;gt;</gco:CharacterString>
      </gmd:abstract>
      <gmd:credit>
        <gmx:Anchor xlink:href="http://lod.bco-dmo.org/id/award/54753.rdf" xlink:title="OCE-0926423" xlink:actuate="onRequest">Funding provided by NSF Ocean Sciences (NSF OCE) Award Number: OCE-0926423 Award URL: http://www.nsf.gov/awardsearch/showAward.do?AwardNumber=0926423</gmx:Anchor>
      </gmd:credit>
        <gmd:credit>
        <gmx:Anchor xlink:href="http://lod.bco-dmo.org/id/award/54938.rdf" xlink:title="OCE-0926092" xlink:actuate="onRequest">Funding provided by NSF Ocean Sciences (NSF OCE) Award Number: OCE-0926092 Award URL: http://www.nsf.gov/awardsearch/showAward.do?AwardNumber=0926092</gmx:Anchor>
      </gmd:credit>
        <gmd:status>
        <gmd:MD_ProgressCode codeList="http://www.isotc211.org/2005/resources/Codelist/gmxCodelists.xml#MD_ProgressCode" codeListValue="completed">completed</gmd:MD_ProgressCode>
      </gmd:status>
      <gmd:pointOfContact>
        <gmd:CI_ResponsibleParty>
          <gmd:individualName>
            <gmx:Anchor xlink:href="http://lod.bco-dmo.org/id/person/50984.rdf" xlink:actuate="onRequest">Dr Edward  A. Boyle</gmx:Anchor>
          </gmd:individualName>
          <gmd:organisationName>
            <gmx:Anchor xlink:href="http://lod.bco-dmo.org/id/affiliation/222.rdf" xlink:actuate="onRequest">Massachusetts Institute of Technology</gmx:Anchor>
          </gmd:organisationName>
          <gmd:contactInfo>
            <gmd:CI_Contact>
            <gmd:phone>
                <gmd:CI_Telephone>
                  <gmd:voice>
                    <gco:CharacterString>617-253-3388</gco:CharacterString>
                  </gmd:voice>
                </gmd:CI_Telephone>
              </gmd:phone>
            <gmd:address>
                <gmd:CI_Address>
                                  <gmd:deliveryPoint>
                    <gco:CharacterString>Chemical Oceanography, Trace Metal Group  MIT E25-619, 45 Carleton St</gco:CharacterString>
                  </gmd:deliveryPoint>
                                  <gmd:city>
                    <gco:CharacterString>Cambridge</gco:CharacterString>
                  </gmd:city>                  <gmd:administrativeArea>
                    <gco:CharacterString>MA</gco:CharacterString>
                  </gmd:administrativeArea>                  <gmd:postalCode>
                    <gco:CharacterString>02142</gco:CharacterString>
                  </gmd:postalCode>                  <gmd:country>
                    <gco:CharacterString>USA</gco:CharacterString>
                  </gmd:country>                  <gmd:electronicMailAddress>
                    <gco:CharacterString>eaboyle@mit.edu</gco:CharacterString>
                  </gmd:electronicMailAddress>
                </gmd:CI_Address>
              </gmd:address>
            </gmd:CI_Contact>
          </gmd:contactInfo>
          <gmd:role>
            <gmd:CI_RoleCode codeList="http://www.isotc211.org/2005/resources/Codelist/gmxCodelists.xml#CI_RoleCode" codeListValue="pointOfContact" codeSpace="007">pointOfContact</gmd:CI_RoleCode>
          </gmd:role>
        </gmd:CI_ResponsibleParty>
      </gmd:pointOfContact>
            <gmd:resourceMaintenance>
        <gmd:MD_MaintenanceInformation>
          <gmd:maintenanceAndUpdateFrequency>
            <gmd:MD_MaintenanceFrequencyCode codeList="http://www.isotc211.org/2005/resources/Codelist/gmxCodelists.xml#MD_MaintenanceFrequencyCode" codeListValue="asNeeded" codeSpace="009">asNeeded</gmd:MD_MaintenanceFrequencyCode>
          </gmd:maintenanceAndUpdateFrequency>
          <gmd:maintenanceNote>
            <gco:CharacterString>Dataset Version: 30 January 2013</gco:CharacterString>
          </gmd:maintenanceNote>
          </gmd:MD_MaintenanceInformation>
      </gmd:resourceMaintenance>
            <gmd:descriptiveKeywords>
        <gmd:MD_Keywords>
                <gmd:keyword>
          <gmx:Anchor xlink:href="http://lod.bco-dmo.org/id/dataset-parameter/28104.rdf" xlink:title="http://lod.bco-dmo.org/id/parameter/1954.rdf" xlink:actuate="onRequest">cruise_part</gmx:Anchor>
        </gmd:keyword>
                <gmd:keyword>
          <gmx:Anchor xlink:href="http://lod.bco-dmo.org/id/dataset-parameter/28105.rdf" xlink:title="http://lod.bco-dmo.org/id/parameter/1729.rdf" xlink:actuate="onRequest">dataset_id</gmx:Anchor>
        </gmd:keyword>
                <gmd:keyword>
          <gmx:Anchor xlink:href="http://lod.bco-dmo.org/id/dataset-parameter/28106.rdf" xlink:title="http://lod.bco-dmo.org/id/parameter/987.rdf" xlink:actuate="onRequest">station</gmx:Anchor>
        </gmd:keyword>
                <gmd:keyword>
          <gmx:Anchor xlink:href="http://lod.bco-dmo.org/id/dataset-parameter/28107.rdf" xlink:title="http://lod.bco-dmo.org/id/parameter/761.rdf" xlink:actuate="onRequest">cast</gmx:Anchor>
        </gmd:keyword>
                <gmd:keyword>
          <gmx:Anchor xlink:href="http://lod.bco-dmo.org/id/dataset-parameter/28108.rdf" xlink:title="http://lod.bco-dmo.org/id/parameter/829.rdf" xlink:actuate="onRequest">event</gmx:Anchor>
        </gmd:keyword>
                <gmd:keyword>
          <gmx:Anchor xlink:href="http://lod.bco-dmo.org/id/dataset-parameter/28109.rdf" xlink:title="http://lod.bco-dmo.org/id/parameter/864.rdf" xlink:actuate="onRequest">instrument</gmx:Anchor>
        </gmd:keyword>
                <gmd:keyword>
          <gmx:Anchor xlink:href="http://lod.bco-dmo.org/id/dataset-parameter/28110.rdf" xlink:title="http://lod.bco-dmo.org/id/parameter/1070.rdf" xlink:actuate="onRequest">date</gmx:Anchor>
        </gmd:keyword>
                <gmd:keyword>
          <gmx:Anchor xlink:href="http://lod.bco-dmo.org/id/dataset-parameter/28111.rdf" xlink:title="http://lod.bco-dmo.org/id/parameter/1075.rdf" xlink:actuate="onRequest">time</gmx:Anchor>
        </gmd:keyword>
                <gmd:keyword>
          <gmx:Anchor xlink:href="http://lod.bco-dmo.org/id/dataset-parameter/28112.rdf" xlink:title="http://lod.bco-dmo.org/id/parameter/730.rdf" xlink:actuate="onRequest">latitude</gmx:Anchor>
        </gmd:keyword>
                <gmd:keyword>
          <gmx:Anchor xlink:href="http://lod.bco-dmo.org/id/dataset-parameter/28113.rdf" xlink:title="http://lod.bco-dmo.org/id/parameter/731.rdf" xlink:actuate="onRequest">longitude</gmx:Anchor>
        </gmd:keyword>
                <gmd:keyword>
          <gmx:Anchor xlink:href="http://lod.bco-dmo.org/id/dataset-parameter/28114.rdf" xlink:title="http://lod.bco-dmo.org/id/parameter/1729.rdf" xlink:actuate="onRequest">dataset_id</gmx:Anchor>
        </gmd:keyword>
                <gmd:keyword>
          <gmx:Anchor xlink:href="http://lod.bco-dmo.org/id/dataset-parameter/33211.rdf" xlink:title="http://lod.bco-dmo.org/id/parameter/1908.rdf" xlink:actuate="onRequest">ISO_DateTime_UTC</gmx:Anchor>
        </gmd:keyword>
                <gmd:keyword>
          <gmx:Anchor xlink:href="http://lod.bco-dmo.org/id/dataset-instrument/5814.rdf" xlink:title="http://lod.bco-dmo.org/id/instrument/411.rdf" xlink:actuate="onRequest">GO-FLO Bottle</gmx:Anchor>
        </gmd:keyword>
        <gmd:type>
            <gmd:MD_KeywordTypeCode codeList="http://www.isotc211.org/2005/resources/Codelist/gmxCodelists.xml#MD_KeywordTypeCode" codeListValue="theme" codeSpace="005">theme</gmd:MD_KeywordTypeCode>
          </gmd:type>
          <gmd:thesaurusName>
            <gmd:CI_Citation>
              <gmd:title>
                <gco:CharacterString>None, User defined</gco:CharacterString>
              </gmd:title>
              <gmd:date gco:nilReason="unknown"/>
            </gmd:CI_Citation>
          </gmd:thesaurusName>
        </gmd:MD_Keywords>
      </gmd:descriptiveKeywords>
            <gmd:descriptiveKeywords>
        <gmd:MD_Keywords>
                <gmd:keyword>
          <gmx:Anchor xlink:href="http://lod.bco-dmo.org/id/parameter/1954.rdf" xlink:title="Parameter" xlink:actuate="onRequest">cruise_part</gmx:Anchor>
        </gmd:keyword>
                <gmd:keyword>
          <gmx:Anchor xlink:href="http://lod.bco-dmo.org/id/parameter/1729.rdf" xlink:title="Parameter" xlink:actuate="onRequest">dataset_id</gmx:Anchor>
        </gmd:keyword>
                <gmd:keyword>
          <gmx:Anchor xlink:href="http://lod.bco-dmo.org/id/parameter/987.rdf" xlink:title="Parameter" xlink:actuate="onRequest">station</gmx:Anchor>
        </gmd:keyword>
                <gmd:keyword>
          <gmx:Anchor xlink:href="http://lod.bco-dmo.org/id/parameter/761.rdf" xlink:title="Parameter" xlink:actuate="onRequest">cast</gmx:Anchor>
        </gmd:keyword>
                <gmd:keyword>
          <gmx:Anchor xlink:href="http://lod.bco-dmo.org/id/parameter/829.rdf" xlink:title="Parameter" xlink:actuate="onRequest">event</gmx:Anchor>
        </gmd:keyword>
                <gmd:keyword>
          <gmx:Anchor xlink:href="http://lod.bco-dmo.org/id/parameter/864.rdf" xlink:title="Parameter" xlink:actuate="onRequest">instrument</gmx:Anchor>
        </gmd:keyword>
                <gmd:keyword>
          <gmx:Anchor xlink:href="http://lod.bco-dmo.org/id/parameter/1070.rdf" xlink:title="Parameter" xlink:actuate="onRequest">date</gmx:Anchor>
        </gmd:keyword>
                <gmd:keyword>
          <gmx:Anchor xlink:href="http://lod.bco-dmo.org/id/parameter/1075.rdf" xlink:title="Parameter" xlink:actuate="onRequest">time of day</gmx:Anchor>
        </gmd:keyword>
                <gmd:keyword>
          <gmx:Anchor xlink:href="http://lod.bco-dmo.org/id/parameter/730.rdf" xlink:title="Parameter" xlink:actuate="onRequest">latitude</gmx:Anchor>
        </gmd:keyword>
                <gmd:keyword>
          <gmx:Anchor xlink:href="http://lod.bco-dmo.org/id/parameter/731.rdf" xlink:title="Parameter" xlink:actuate="onRequest">longitude</gmx:Anchor>
        </gmd:keyword>
                <gmd:keyword>
          <gmx:Anchor xlink:href="http://lod.bco-dmo.org/id/parameter/1908.rdf" xlink:title="Parameter" xlink:actuate="onRequest">ISO_DateTime_UTC</gmx:Anchor>
        </gmd:keyword>
        <gmd:type>
            <gmd:MD_KeywordTypeCode codeList="http://www.isotc211.org/2005/resources/Codelist/gmxCodelists.xml#MD_KeywordTypeCode" codeListValue="featureType">featureType</gmd:MD_KeywordTypeCode>
          </gmd:type>
          <gmd:thesaurusName>
            <gmd:CI_Citation>
              <gmd:title>
                <gco:CharacterString>BCO-DMO Standard Parameters</gco:CharacterString>
              </gmd:title>
              <gmd:date gco:nilReason="unknown"/>
            </gmd:CI_Citation>
          </gmd:thesaurusName>
        </gmd:MD_Keywords>
      </gmd:descriptiveKeywords>
            <gmd:descriptiveKeywords>
        <gmd:MD_Keywords>
                <gmd:keyword>
          <gmx:Anchor xlink:href="http://lod.bco-dmo.org/id/instrument/411.rdf" xlink:title="Instrument" xlink:actuate="onRequest">GO-FLO Bottle</gmx:Anchor>
        </gmd:keyword>
        <gmd:type>
            <gmd:MD_KeywordTypeCode codeList="http://www.ngdc.noaa.gov/metadata/published/xsd/schema/resources/Codelist/gmxCodelists.xml#MD_KeywordTypeCode" codeListValue="instrument">instrument</gmd:MD_KeywordTypeCode>
          </gmd:type>
          <gmd:thesaurusName>
            <gmd:CI_Citation>
              <gmd:title>
                <gco:CharacterString>BCO-DMO Standard Instruments</gco:CharacterString>
              </gmd:title>
              <gmd:date gco:nilReason="unknown"/>
            </gmd:CI_Citation>
          </gmd:thesaurusName>
        </gmd:MD_Keywords>
      </gmd:descriptiveKeywords>
            <gmd:descriptiveKeywords>
        <gmd:MD_Keywords>
                <gmd:keyword>
          <gmx:Anchor xlink:href="http://lod.bco-dmo.org/id/deployment/58786.rdf" xlink:title="Cruise" xlink:actuate="onRequest">KN204-01</gmx:Anchor>
        </gmd:keyword>
        <gmd:type>
            <gmd:MD_KeywordTypeCode codeList="http://www.ngdc.noaa.gov/metadata/published/xsd/schema/resources/Codelist/gmxCodelists.xml#MD_KeywordTypeCode" codeListValue="service">service</gmd:MD_KeywordTypeCode>
          </gmd:type>
          <gmd:thesaurusName>
            <gmd:CI_Citation>
              <gmd:title>
                <gco:CharacterString>Deployment Activity</gco:CharacterString>
              </gmd:title>
              <gmd:date gco:nilReason="unknown"/>
            </gmd:CI_Citation>
          </gmd:thesaurusName>
        </gmd:MD_Keywords>
      </gmd:descriptiveKeywords>
            <gmd:descriptiveKeywords>
        <gmd:MD_Keywords>
        <gmd:keyword>
            <gmx:Anchor xlink:href="http://lod.bco-dmo.org/id/deployment/58786.rdf" xlink:title="Deployment Location" xlink:actuate="onRequest">Subtropical northern Atlantic Ocean</gmx:Anchor>
          </gmd:keyword>
          <gmd:type>
            <gmd:MD_KeywordTypeCode codeList="http://www.isotc211.org/2005/resources/Codelist/gmxCodelists.xml#MD_KeywordTypeCode" codeListValue="place" codeSpace="002">place</gmd:MD_KeywordTypeCode>
          </gmd:type>
          <gmd:thesaurusName>
            <gmd:CI_Citation>
              <gmd:title>
                <gco:CharacterString>Locations</gco:CharacterString>
              </gmd:title>
              <gmd:date gco:nilReason="unknown"/>
            </gmd:CI_Citation>
          </gmd:thesaurusName>
        </gmd:MD_Keywords>
      </gmd:descriptiveKeywords>
      <gmd:resourceConstraints>
        <gmd:MD_LegalConstraints>
          <gmd:accessConstraints>
            <gmd:MD_RestrictionCode codeList="http://www.isotc211.org/2005/resources/Codelist/gmxCodelists.xml#MD_RestrictionCode" codeListValue="otherRestrictions" codeSpace="008">otherRestrictions</gmd:MD_RestrictionCode>
          </gmd:accessConstraints>
          <gmd:useConstraints>
            <gmd:MD_RestrictionCode codeList="http://www.isotc211.org/2005/resources/Codelist/gmxCodelists.xml#MD_RestrictionCode" codeListValue="otherRestrictions" codeSpace="008">otherRestrictions</gmd:MD_RestrictionCode>
          </gmd:useConstraints>
          <gmd:otherConstraints>
            <gco:CharacterString>Access Constraints: none. Use Constraints: Please follow guidelines at: http://www.bco-dmo.org/terms-use Distribution liability: Under no circumstances shall BCO-DMO be liable for any direct, incidental, special, consequential, indirect, or punitive damages that result from the use of, or the inability to use, the materials in this data submission. If you are dissatisfied with any materials in this data submission your sole and exclusive remedy is to discontinue use.</gco:CharacterString>
          </gmd:otherConstraints>
        </gmd:MD_LegalConstraints>
      </gmd:resourceConstraints>
      <gmd:aggregationInfo>
          <gmd:MD_AggregateInformation>
            <gmd:aggregateDataSetName>
              <gmd:CI_Citation>
                <gmd:title>
                  <gmx:Anchor xlink:href="http://lod.bco-dmo.org/id/program/2022.rdf" xlink:title="Program" xlink:actuate="onRequest">U.S. GEOTRACES</gmx:Anchor>
                </gmd:title>
                <gmd:date gco:nilReason="inapplicable"/>
                <gmd:citedResponsibleParty>
                  <gmd:CI_ResponsibleParty>
                    <gmd:contactInfo>
                      <gmd:CI_Contact>
                        <gmd:onlineResource>
                          <gmd:CI_OnlineResource>
                          <gmd:linkage>
                            <gmd:URL>http://www.geotraces.org/</gmd:URL>
                          </gmd:linkage>
                          <gmd:name>
                            <gmx:Anchor xlink:href="http://lod.bco-dmo.org/id/program/2022.rdf" xlink:title="Program Name" xlink:actuate="onRequest">U.S. GEOTRACES</gmx:Anchor>
                          </gmd:name>
                          <gmd:description>
                            <gco:CharacterString>GEOTRACES is a SCOR sponsored program; and funding for program infrastructure development is provided by the U.S. National Science Foundation.GEOTRACES gained momentum following a special symposium, S02: Biogeochemical cycling of trace elements and isotopes in the ocean and applications to constrain contemporary marine processes (GEOSECS II), at a 2003 Goldschmidt meeting convened in Japan. The GEOSECS II acronym referred to the Geochemical Ocean Section Studies To determine full water column distributions of selected trace elements and isotopes, including their concentration, chemical speciation, and physical form, along a sufficient number of sections in each ocean basin to establish the principal relationships between these distributions and with more traditional hydrographic parameters;* To evaluate the sources, sinks, and internal cycling of these species and thereby characterize more completely the physical, chemical and biological processes regulating their distributions, and the sensitivity of these processes to global change; and* To understand the processes that control the concentrations of geochemical species used for proxies of the past environment, both in the water column and in the substrates that reflect the water column.GEOTRACES will be global in scope, consisting of ocean sections complemented by regional process studies. Sections and process studies will combine fieldwork, laboratory experiments and modelling. Beyond realizing the scientific objectives identified above, a natural outcome of this work will be to build a community of marine scientists who understand the processes regulating trace element cycles sufficiently well to exploit this knowledge reliably in future interdisciplinary studies.</gco:CharacterString>
                          </gmd:description>
                          <gmd:function>
                            <gmd:CI_OnLineFunctionCode codeList="http://www.isotc211.org/2005/resources/Codelist/gmxCodelists.xml#CI_OnLineFunctionCode" codeListValue="information"/>
                          </gmd:function>
                      </gmd:CI_OnlineResource>
                    </gmd:onlineResource>
                  </gmd:CI_Contact>
                </gmd:contactInfo>
                <gmd:role/>
              </gmd:CI_ResponsibleParty>
            </gmd:citedResponsibleParty>
          </gmd:CI_Citation>
        </gmd:aggregateDataSetName>
          <gmd:aggregateDataSetIdentifier>
            <gmd:MD_Identifier>
              <gmd:code>
                <gmx:Anchor xlink:href="http://lod.bco-dmo.org/id/program/2022.rdf" xlink:title="Program Acronym" xlink:actuate="onRequest">U.S. GEOTRACES</gmx:Anchor>
              </gmd:code>
            </gmd:MD_Identifier>
          </gmd:aggregateDataSetIdentifier>
          <gmd:associationType>
            <gmd:DS_AssociationTypeCode codeList="http://www.ngdc.noaa.gov/metadata/published/xsd/schema/resources/Codelist/gmxCodelists.xml#DS_AssociationTypeCode" codeListValue="largerWorkCitation">largerWorkCitation</gmd:DS_AssociationTypeCode>
          </gmd:associationType>
          <gmd:initiativeType>
            <gmd:DS_InitiativeTypeCode codeList="http://www.ngdc.noaa.gov/metadata/published/xsd/schema/resources/Codelist/gmxCodelists.xml#DS_InitiativeTypeCode" codeListValue="program">program</gmd:DS_InitiativeTypeCode>
          </gmd:initiativeType>
        </gmd:MD_AggregateInformation>
      </gmd:aggregationInfo><gmd:aggregationInfo>
        <gmd:MD_AggregateInformation>
          <gmd:aggregateDataSetName>
              <gmd:CI_Citation>
                <gmd:title>
                  <gmx:Anchor xlink:href="http://lod.bco-dmo.org/id/project/2066.rdf" xlink:title="Project" xlink:actuate="onRequest">U.S. GEOTRACES North Atlantic Transect</gmx:Anchor>
                </gmd:title>
                <gmd:date gco:nilReason="inapplicable"/>
                <gmd:citedResponsibleParty>
                  <gmd:CI_ResponsibleParty>
                    <gmd:contactInfo>
                      <gmd:CI_Contact>
                        <gmd:onlineResource>
                          <gmd:CI_OnlineResource>
                          <gmd:linkage>
                            <gmd:URL>http://www.geotraces.org/</gmd:URL>
                          </gmd:linkage>
                          <gmd:name>
                            <gmx:Anchor xlink:href="http://lod.bco-dmo.org/id/project/2066.rdf" xlink:title="Project Name" xlink:actuate="onRequest">U.S. GEOTRACES North Atlantic Transect</gmx:Anchor>
                          </gmd:name>
                          <gmd:description>
                            <gco:CharacterString>http://bcodata.whoi.edu/US_GEOTRACES/AtlanticSection/GEOTRACES_Atl_stas.jpg</gco:CharacterString>
                          </gmd:description>
                          <gmd:function>
                            <gmd:CI_OnLineFunctionCode codeList="http://www.isotc211.org/2005/resources/Codelist/gmxCodelists.xml#CI_OnLineFunctionCode" codeListValue="information"/>
                          </gmd:function>
                      </gmd:CI_OnlineResource>
                    </gmd:onlineResource>
                  </gmd:CI_Contact>
                </gmd:contactInfo>
                <gmd:role/>
              </gmd:CI_ResponsibleParty>
            </gmd:citedResponsibleParty>
          </gmd:CI_Citation>
        </gmd:aggregateDataSetName>
          <gmd:aggregateDataSetIdentifier>
            <gmd:MD_Identifier>
              <gmd:code>
                <gmx:Anchor xlink:href="http://lod.bco-dmo.org/id/project/2066.rdf" xlink:title="Project Acronym" xlink:actuate="onRequest">U.S. GEOTRACES NAT</gmx:Anchor>
              </gmd:code>
            </gmd:MD_Identifier>
          </gmd:aggregateDataSetIdentifier>
          <gmd:associationType>
            <gmd:DS_AssociationTypeCode codeList="http://www.ngdc.noaa.gov/metadata/published/xsd/schema/resources/Codelist/gmxCodelists.xml#DS_AssociationTypeCode" codeListValue="largerWorkCitation">largerWorkCitation</gmd:DS_AssociationTypeCode>
          </gmd:associationType>
          <gmd:initiativeType>
            <gmd:DS_InitiativeTypeCode codeList="http://www.ngdc.noaa.gov/metadata/published/xsd/schema/resources/Codelist/gmxCodelists.xml#DS_InitiativeTypeCode" codeListValue="project">project</gmd:DS_InitiativeTypeCode>
          </gmd:initiativeType>
        </gmd:MD_AggregateInformation>
      </gmd:aggregationInfo>
      <gmd:language>
        <gco:CharacterString>eng; USA</gco:CharacterString>
      </gmd:language>
      <gmd:topicCategory>
        <gmd:MD_TopicCategoryCode>oceans</gmd:MD_TopicCategoryCode>
      </gmd:topicCategory>
       <gmd:extent>
        <gmd:EX_Extent id="boundingExtent"><gmd:description>
            <gco:CharacterString>Subtropical northern Atlantic Ocean</gco:CharacterString>
          </gmd:description><gmd:geographicElement>
            <gmd:EX_GeographicBoundingBox id="boundingGeographicBoundingBox">
              <gmd:westBoundLongitude>
                <gco:Decimal>-69.81104</gco:Decimal>
              </gmd:westBoundLongitude>
              <gmd:eastBoundLongitude>
                <gco:Decimal>-24.49969</gco:Decimal>
              </gmd:eastBoundLongitude>
              <gmd:southBoundLatitude>
                <gco:Decimal>17.39958</gco:Decimal>
              </gmd:southBoundLatitude>
              <gmd:northBoundLatitude>
                <gco:Decimal>39.70024</gco:Decimal>
              </gmd:northBoundLatitude>
            </gmd:EX_GeographicBoundingBox>
          </gmd:geographicElement>
        <gmd:temporalElement>
            <gmd:EX_TemporalExtent>
              <gmd:extent>
                <gml:TimeInstant frame="#ISO-8601" gml:id="ID">
                  <gml:timePosition>2013-01-30</gml:timePosition>
                </gml:TimeInstant>
              </gmd:extent>
            </gmd:EX_TemporalExtent>
          </gmd:temporalElement>
          </gmd:EX_Extent>
      </gmd:extent>
    </gmd:MD_DataIdentification>
  </gmd:identificationInfo>
  <gmd:contentInfo>
    <gmd:MD_FeatureCatalogueDescription>
      <gmd:includedWithDataset>
        <gco:Boolean>0</gco:Boolean>
      </gmd:includedWithDataset>
      <gmd:featureCatalogueCitation>
        <gmd:CI_Citation>
          <gmd:title>
            <gco:CharacterString>BCO-DMO catalogue of parameters from GT11 - CTD - GT-C Cast Sheets from the U.S. GEOTRACES NAT project of the U.S. GEOTRACES program</gco:CharacterString>
          </gmd:title>
          <gmd:date gco:nilReason="unknown"/>
          <gmd:citedResponsibleParty>
            <gmd:CI_ResponsibleParty>
  <gmd:organisationName>
    <gmx:Anchor xlink:href="http://lod.bco-dmo.org/id/affiliation/191.rdf" xlink:actuate="onRequest">Biological and Chemical Oceanography Data Management Office (BCO-DMO)</gmx:Anchor>
  </gmd:organisationName>
  <gmd:contactInfo>
    <gmd:CI_Contact>
		  <gmd:phone>
		    <gmd:CI_Telephone>
				  <gmd:voice>
				    <gco:CharacterString>Unavailable</gco:CharacterString>
				  </gmd:voice>
				  <gmd:facsimile>
				    <gco:CharacterString>508-289-2009</gco:CharacterString>
				  </gmd:facsimile>
				</gmd:CI_Telephone>
		  </gmd:phone>
		  <gmd:address>
		    <gmd:CI_Address>
				  <gmd:deliveryPoint>
				    <gco:CharacterString>WHOI MS#36</gco:CharacterString>
				  </gmd:deliveryPoint>
				  <gmd:city>
				    <gco:CharacterString>Woods Hole</gco:CharacterString>
				  </gmd:city>
				  <gmd:administrativeArea>
				    <gco:CharacterString>MA</gco:CharacterString>
				  </gmd:administrativeArea>
				  <gmd:postalCode>
				    <gco:CharacterString>02543</gco:CharacterString>
				  </gmd:postalCode>
				  <gmd:country>
				    <gco:CharacterString>USA</gco:CharacterString>
				  </gmd:country>
				  <gmd:electronicMailAddress>
				    <gco:CharacterString>info@bco-dmo.org</gco:CharacterString>
				  </gmd:electronicMailAddress>
		    </gmd:CI_Address>
		  </gmd:address>
      <gmd:onlineResource>
          <gmd:CI_OnlineResource>
            <gmd:linkage>
              <gmd:URL>http://www.bco-dmo.org</gmd:URL>
            </gmd:linkage>
          </gmd:CI_OnlineResource>
        </gmd:onlineResource>
		  <gmd:hoursOfService>
        <gco:CharacterString>Monday - Friday 8:00am - 5:00pm</gco:CharacterString>
      </gmd:hoursOfService>
		  <gmd:contactInstructions>
		    <gco:CharacterString>For questions regarding this resource, please contact BCO-DMO via the email address provided.</gco:CharacterString>
		  </gmd:contactInstructions>
		</gmd:CI_Contact>
  </gmd:contactInfo>
  <gmd:role>
    <gmd:CI_RoleCode codeList="http://www.isotc211.org/2005/resources/Codelist/gmxCodelists.xml#CI_RoleCode" codeListValue="pointOfContact" codeSpace="007">pointOfContact</gmd:CI_RoleCode>
  </gmd:role>
</gmd:CI_ResponsibleParty>
          </gmd:citedResponsibleParty>
          <gmd:otherCitationDetails>
            <gco:CharacterString>
            http://lod.bco-dmo.org/id/dataset-parameter/28104.rdf
	Name: cruise_part
	Units: text
	Description: Part of cruise. For KN204-01:A = 11/6/2011 to 11/18/2011 (Woods Hole to Bermuda)B = 11/19/2011 to 12/11/2011 (Bermuda to Praia, Cabo Verde) 
http://lod.bco-dmo.org/id/dataset-parameter/28105.rdf
	Name: description
	Units: text
	Description: Description of the contents of the .pdf file 
http://lod.bco-dmo.org/id/dataset-parameter/28106.rdf
	Name: station_GEOTRC
	Units: integer
	Description: GEOTRACES station number; ranges from 1 through 12 for KN199-04 and 1 through 24 for KN204-01. Stations 7 and 9 were skipped on KN204-01. Previously called 'station', this parameter name has been changed to conform to BCO-DMO's GEOTRACES naming conventions. 
http://lod.bco-dmo.org/id/dataset-parameter/28107.rdf
	Name: cast_GEOTRC
	Units: integer
	Description: Cast identifier, numbered consecutively within a station. Previously called 'cast_no', this parameter name has been changed to conform to BCO-DMO's GEOTRACES naming conventions. 
http://lod.bco-dmo.org/id/dataset-parameter/28108.rdf
	Name: event_GEOTRC
	Units: integer
	Description: Unique identifying number for US GEOTRACES sampling events; ranges from 2001 to 2225 for KN199-04 events and from 3001 to 3282 for KN204-01 events. Previously called 'gt_event', this parameter name has been changed to conform to BCO-DMO's GEOTRACES naming conventions. 
http://lod.bco-dmo.org/id/dataset-parameter/28109.rdf
	Name: type
	Units: text
	Description: Cast/Instrument Type 
http://lod.bco-dmo.org/id/dataset-parameter/28110.rdf
	Name: date
	Units: YYYYMMDD
	Description: Date 
http://lod.bco-dmo.org/id/dataset-parameter/28111.rdf
	Name: time
	Units: HHMMSS
	Description: Time 
http://lod.bco-dmo.org/id/dataset-parameter/28112.rdf
	Name: lat
	Units: decimal degrees
	Description: Latitude (South is negative) 
http://lod.bco-dmo.org/id/dataset-parameter/28113.rdf
	Name: lon
	Units: decimal degrees
	Description: Longitude (West is negative) 
http://lod.bco-dmo.org/id/dataset-parameter/28114.rdf
	Name: castsheet
	Units: text
	Description: Filename of the cast sheet .pdf file 
http://lod.bco-dmo.org/id/dataset-parameter/33211.rdf
	Name: ISO_DateTime_UTC
	Units: YYYY-mm-ddTHH:MM:SS.ssZ
	Description: Date/Time formatted to ISO 8601 standard. T indicates start of time string; Z indicates UTC. Calculated using 'date' and 'time' parameters as input. 
</gco:CharacterString>
          </gmd:otherCitationDetails>
        </gmd:CI_Citation>
      </gmd:featureCatalogueCitation>
      <gmd:featureCatalogueCitation>
        <gmd:CI_Citation>
          <gmd:title>
            <gco:CharacterString>GB/NERC/BODC &gt; British Oceanographic Data Centre, Natural Environment Research Council, United Kingdom</gco:CharacterString>
          </gmd:title>
          <gmd:date gco:nilReason="unknown"/>
          <gmd:citedResponsibleParty xlink:href="https://www.ngdc.noaa.gov/docucomp/3D8FE2C9DA324D40939C8D007587E011" xlink:title="GB/NERC/BODC &gt; British Oceanographic Data Centre, Natural Environment Research Council, United Kingdom"/>
          <gmd:otherCitationDetails>
            <gco:CharacterString>
            http://vocab.nerc.ac.uk/collection/P01/current/ADATAA01/ 
	Name: Date (UT as yyyymmdd) 
	Description: Unavailable 
http://vocab.nerc.ac.uk/collection/P01/current/AHMSAA01/ 
	Name: Time (UT as hh24miss) 
	Description: Time elapsed between 00:00 UT on the date of the event of interest and that event. 
http://vocab.nerc.ac.uk/collection/P09/current/LATX/ 
	Name: LATITUDE 
	Description: The angular distance north or south from the equator, measured along the meridian of the point of interest. 
http://vocab.nerc.ac.uk/collection/P09/current/LONX/ 
	Name: LONGITUDE 
	Description: The angular distance east or west east or west of Greenwich to the point of interest. 
http://vocab.nerc.ac.uk/collection/P01/current/DTUT8601/ 
	Name: Date and time (UT in ISO8601 format to sub-second precision) 
	Description: String corresponding to format 'yyyy-mm-ddThh:mi:ss.sss' optionally terminated by 'Z' 
</gco:CharacterString>
          </gmd:otherCitationDetails>
        </gmd:CI_Citation>
      </gmd:featureCatalogueCitation>
    </gmd:MD_FeatureCatalogueDescription>
  </gmd:contentInfo>
  <gmd:contentInfo>
    <gmi:MI_CoverageDescription>
      <gmd:attributeDescription>
        <gco:RecordType>Parameters for this dataset</gco:RecordType>
      </gmd:attributeDescription>
      <gmd:contentType>
        <gmd:MD_CoverageContentTypeCode codeList="MD_CoverageContentTypeCode" codeListValue="physicalMeasurement">physicalMeasurement</gmd:MD_CoverageContentTypeCode>
      </gmd:contentType>
      <gmd:dimension>
        <gmd:MD_Band>
          <gmd:sequenceIdentifier xlink:href="http://lod.bco-dmo.org/id/dataset-parameter/28104.rdf" xlink:title="cruise_part" xlink:actuate="onRequest">
            <gco:MemberName>
              <gco:aName>
                <gco:CharacterString>cruise_part</gco:CharacterString>
              </gco:aName>
              <gco:attributeType>                <gco:TypeName>
                  <gco:aName>
                    <gco:CharacterString>cruise_part</gco:CharacterString>
                  </gco:aName>
                </gco:TypeName>
              </gco:attributeType>
            </gco:MemberName>
          </gmd:sequenceIdentifier>
          <gmd:descriptor>
            <gco:CharacterString>PI-supplied Description: Part of cruise. For KN204-01:A = 11/6/2011 to 11/18/2011 (Woods Hole to Bermuda)B = 11/19/2011 to 12/11/2011 (Bermuda to Praia, Cabo Verde); General Description: Identifier for a segment of a leg of a cruise, where a leg may have been broken into parts.</gco:CharacterString>
          </gmd:descriptor>
          <gmd:units>
            <gml:UnitDefinition gml:id="_parameterUnits28104">
             <gml:identifier codeSpace="http://lod.bco-dmo.org/id/dataset-parameter/28104.rdf">http://lod.bco-dmo.org/id/dataset-parameter/28104.rdf</gml:identifier>
             <gml:name>text</gml:name>
          </gml:UnitDefinition>
          </gmd:units>
        </gmd:MD_Band>
      </gmd:dimension>
      <gmd:dimension>
        <gmd:MD_Band>
          <gmd:sequenceIdentifier xlink:href="http://lod.bco-dmo.org/id/dataset-parameter/28105.rdf" xlink:title="dataset_id" xlink:actuate="onRequest">
            <gco:MemberName>
              <gco:aName>
                <gco:CharacterString>description</gco:CharacterString>
              </gco:aName>
              <gco:attributeType>                <gco:TypeName>
                  <gco:aName>
                    <gco:CharacterString>dataset_id</gco:CharacterString>
                  </gco:aName>
                </gco:TypeName>
              </gco:attributeType>
            </gco:MemberName>
          </gmd:sequenceIdentifier>
          <gmd:descriptor>
            <gco:CharacterString>PI-supplied Description: Description of the contents of the .pdf file; General Description: dataset_id: a unique combination of alpha and/or numeric characters designating a dataset (filename in many cases)</gco:CharacterString>
          </gmd:descriptor>
          <gmd:units>
            <gml:UnitDefinition gml:id="_parameterUnits28105">
             <gml:identifier codeSpace="http://lod.bco-dmo.org/id/dataset-parameter/28105.rdf">http://lod.bco-dmo.org/id/dataset-parameter/28105.rdf</gml:identifier>
             <gml:name>text</gml:name>
          </gml:UnitDefinition>
          </gmd:units>
        </gmd:MD_Band>
      </gmd:dimension>
      <gmd:dimension>
        <gmd:MD_Band>
          <gmd:sequenceIdentifier xlink:href="http://lod.bco-dmo.org/id/dataset-parameter/28106.rdf" xlink:title="station" xlink:actuate="onRequest">
            <gco:MemberName>
              <gco:aName>
                <gco:CharacterString>station_GEOTRC</gco:CharacterString>
              </gco:aName>
              <gco:attributeType>                <gco:TypeName>
                  <gco:aName>
                    <gco:CharacterString>station</gco:CharacterString>
                  </gco:aName>
                </gco:TypeName>
              </gco:attributeType>
            </gco:MemberName>
          </gmd:sequenceIdentifier>
          <gmd:descriptor>
            <gco:CharacterString>PI-supplied Description: GEOTRACES station number; ranges from 1 through 12 for KN199-04 and 1 through 24 for KN204-01. Stations 7 and 9 were skipped on KN204-01. Previously called 'station', this parameter name has been changed to conform to BCO-DMO's GEOTRACES naming conventions.; General Description: consecutive station number</gco:CharacterString>
          </gmd:descriptor>
          <gmd:units>
            <gml:UnitDefinition gml:id="_parameterUnits28106">
             <gml:identifier codeSpace="http://lod.bco-dmo.org/id/dataset-parameter/28106.rdf">http://lod.bco-dmo.org/id/dataset-parameter/28106.rdf</gml:identifier>
             <gml:name>integer</gml:name>
          </gml:UnitDefinition>
          </gmd:units>
        </gmd:MD_Band>
      </gmd:dimension>
      <gmd:dimension>
        <gmd:MD_Band>
          <gmd:sequenceIdentifier xlink:href="http://lod.bco-dmo.org/id/dataset-parameter/28107.rdf" xlink:title="cast" xlink:actuate="onRequest">
            <gco:MemberName>
              <gco:aName>
                <gco:CharacterString>cast_GEOTRC</gco:CharacterString>
              </gco:aName>
              <gco:attributeType>                <gco:TypeName>
                  <gco:aName>
                    <gco:CharacterString>cast</gco:CharacterString>
                  </gco:aName>
                </gco:TypeName>
              </gco:attributeType>
            </gco:MemberName>
          </gmd:sequenceIdentifier>
          <gmd:descriptor>
            <gco:CharacterString>PI-supplied Description: Cast identifier, numbered consecutively within a station. Previously called 'cast_no', this parameter name has been changed to conform to BCO-DMO's GEOTRACES naming conventions.; General Description: cast or profile number</gco:CharacterString>
          </gmd:descriptor>
          <gmd:units>
            <gml:UnitDefinition gml:id="_parameterUnits28107">
             <gml:identifier codeSpace="http://lod.bco-dmo.org/id/dataset-parameter/28107.rdf">http://lod.bco-dmo.org/id/dataset-parameter/28107.rdf</gml:identifier>
             <gml:name>integer</gml:name>
          </gml:UnitDefinition>
          </gmd:units>
        </gmd:MD_Band>
      </gmd:dimension>
      <gmd:dimension>
        <gmd:MD_Band>
          <gmd:sequenceIdentifier xlink:href="http://lod.bco-dmo.org/id/dataset-parameter/28108.rdf" xlink:title="event" xlink:actuate="onRequest">
            <gco:MemberName>
              <gco:aName>
                <gco:CharacterString>event_GEOTRC</gco:CharacterString>
              </gco:aName>
              <gco:attributeType>                <gco:TypeName>
                  <gco:aName>
                    <gco:CharacterString>event</gco:CharacterString>
                  </gco:aName>
                </gco:TypeName>
              </gco:attributeType>
            </gco:MemberName>
          </gmd:sequenceIdentifier>
          <gmd:descriptor>
            <gco:CharacterString>PI-supplied Description: Unique identifying number for US GEOTRACES sampling events; ranges from 2001 to 2225 for KN199-04 events and from 3001 to 3282 for KN204-01 events. Previously called 'gt_event', this parameter name has been changed to conform to BCO-DMO's GEOTRACES naming conventions.; General Description: event or operation number; often derived from date/time (MMDDHHmm) of sampling and when combined with year (YYYY) is a unique sampling identifier/data processing key.  Date/time is not necessarily in GMT.</gco:CharacterString>
          </gmd:descriptor>
          <gmd:units>
            <gml:UnitDefinition gml:id="_parameterUnits28108">
             <gml:identifier codeSpace="http://lod.bco-dmo.org/id/dataset-parameter/28108.rdf">http://lod.bco-dmo.org/id/dataset-parameter/28108.rdf</gml:identifier>
             <gml:name>integer</gml:name>
          </gml:UnitDefinition>
          </gmd:units>
        </gmd:MD_Band>
      </gmd:dimension>
      <gmd:dimension>
        <gmd:MD_Band>
          <gmd:sequenceIdentifier xlink:href="http://lod.bco-dmo.org/id/dataset-parameter/28109.rdf" xlink:title="instrument" xlink:actuate="onRequest">
            <gco:MemberName>
              <gco:aName>
                <gco:CharacterString>type</gco:CharacterString>
              </gco:aName>
              <gco:attributeType>                <gco:TypeName>
                  <gco:aName>
                    <gco:CharacterString>instrument</gco:CharacterString>
                  </gco:aName>
                </gco:TypeName>
              </gco:attributeType>
            </gco:MemberName>
          </gmd:sequenceIdentifier>
          <gmd:descriptor>
            <gco:CharacterString>PI-supplied Description: Cast/Instrument Type; General Description: instrument used to collect or process data, definition is specific to the data set in which it appears</gco:CharacterString>
          </gmd:descriptor>
          <gmd:units>
            <gml:UnitDefinition gml:id="_parameterUnits28109">
             <gml:identifier codeSpace="http://lod.bco-dmo.org/id/dataset-parameter/28109.rdf">http://lod.bco-dmo.org/id/dataset-parameter/28109.rdf</gml:identifier>
             <gml:name>text</gml:name>
          </gml:UnitDefinition>
          </gmd:units>
        </gmd:MD_Band>
      </gmd:dimension>
      <gmd:dimension>
        <gmd:MD_Band>
          <gmd:sequenceIdentifier xlink:href="http://lod.bco-dmo.org/id/dataset-parameter/28110.rdf" xlink:title="date" xlink:actuate="onRequest">
            <gco:MemberName>
              <gco:aName>
                <gco:CharacterString>date</gco:CharacterString>
              </gco:aName>
              <gco:attributeType xlink:href="http://vocab.nerc.ac.uk/collection/P01/current/ADATAA01/" xlink:title="Date (UT as yyyymmdd)" xlink:actuate="onRequest">                <gco:TypeName>
                  <gco:aName>
                    <gco:CharacterString>date</gco:CharacterString>
                  </gco:aName>
                </gco:TypeName>
              </gco:attributeType>
            </gco:MemberName>
          </gmd:sequenceIdentifier>
          <gmd:descriptor>
            <gco:CharacterString>PI-supplied Description: Date; General Description: date; generally reported in GMT as YYYYMMDD (year; month; day); also as MMDD (month; day); EqPac dates are local Hawaii time NERC Description: Unavailable</gco:CharacterString>
          </gmd:descriptor>
          <gmd:units>
            <gml:UnitDefinition gml:id="_parameterUnits28110">
             <gml:identifier codeSpace="http://lod.bco-dmo.org/id/dataset-parameter/28110.rdf">http://lod.bco-dmo.org/id/dataset-parameter/28110.rdf</gml:identifier>
             <gml:name>YYYYMMDD</gml:name>
          </gml:UnitDefinition>
          </gmd:units>
        </gmd:MD_Band>
      </gmd:dimension>
      <gmd:dimension>
        <gmd:MD_Band>
          <gmd:sequenceIdentifier xlink:href="http://lod.bco-dmo.org/id/dataset-parameter/28111.rdf" xlink:title="time of day" xlink:actuate="onRequest">
            <gco:MemberName>
              <gco:aName>
                <gco:CharacterString>time</gco:CharacterString>
              </gco:aName>
              <gco:attributeType xlink:href="http://vocab.nerc.ac.uk/collection/P01/current/AHMSAA01/" xlink:title="Time (UT as hh24miss)" xlink:actuate="onRequest">                <gco:TypeName>
                  <gco:aName>
                    <gco:CharacterString>time of day</gco:CharacterString>
                  </gco:aName>
                </gco:TypeName>
              </gco:attributeType>
            </gco:MemberName>
          </gmd:sequenceIdentifier>
          <gmd:descriptor>
            <gco:CharacterString>PI-supplied Description: Time; General Description: Time GMT defined as HHMM; time of day; generally reported in GMT as HHMM (hours and minutes) but may also be HH.H (decimal hours) or HHMMSS (hours; minutes and seconds); in EqPac time is reported as Hawaii local time NERC Description: Time elapsed between 00:00 UT on the date of the event of interest and that event.</gco:CharacterString>
          </gmd:descriptor>
          <gmd:units>
            <gml:UnitDefinition gml:id="_parameterUnits28111">
             <gml:identifier codeSpace="http://lod.bco-dmo.org/id/dataset-parameter/28111.rdf">http://lod.bco-dmo.org/id/dataset-parameter/28111.rdf</gml:identifier>
             <gml:name>HHMMSS</gml:name>
          </gml:UnitDefinition>
          </gmd:units>
        </gmd:MD_Band>
      </gmd:dimension>
      <gmd:dimension>
        <gmd:MD_Band>
          <gmd:sequenceIdentifier xlink:href="http://lod.bco-dmo.org/id/dataset-parameter/28112.rdf" xlink:title="latitude" xlink:actuate="onRequest">
            <gco:MemberName>
              <gco:aName>
                <gco:CharacterString>lat</gco:CharacterString>
              </gco:aName>
              <gco:attributeType xlink:href="http://vocab.nerc.ac.uk/collection/P09/current/LATX/" xlink:title="LATITUDE" xlink:actuate="onRequest">                <gco:TypeName>
                  <gco:aName>
                    <gco:CharacterString>latitude</gco:CharacterString>
                  </gco:aName>
                </gco:TypeName>
              </gco:attributeType>
            </gco:MemberName>
          </gmd:sequenceIdentifier>
          <gmd:descriptor>
            <gco:CharacterString>PI-supplied Description: Latitude (South is negative); General Description: latitude, in decimal degrees, North is positive, negative denotes South; Reported in some datasets as degrees, minutes NERC Description: The angular distance north or south from the equator, measured along the meridian of the point of interest.</gco:CharacterString>
          </gmd:descriptor>
          <gmd:units>
            <gml:UnitDefinition gml:id="_parameterUnits28112">
             <gml:identifier codeSpace="http://lod.bco-dmo.org/id/dataset-parameter/28112.rdf">http://lod.bco-dmo.org/id/dataset-parameter/28112.rdf</gml:identifier>
             <gml:name>decimal degrees</gml:name>
          </gml:UnitDefinition>
          </gmd:units>
        </gmd:MD_Band>
      </gmd:dimension>
      <gmd:dimension>
        <gmd:MD_Band>
          <gmd:sequenceIdentifier xlink:href="http://lod.bco-dmo.org/id/dataset-parameter/28113.rdf" xlink:title="longitude" xlink:actuate="onRequest">
            <gco:MemberName>
              <gco:aName>
                <gco:CharacterString>lon</gco:CharacterString>
              </gco:aName>
              <gco:attributeType xlink:href="http://vocab.nerc.ac.uk/collection/P09/current/LONX/" xlink:title="LONGITUDE" xlink:actuate="onRequest">                <gco:TypeName>
                  <gco:aName>
                    <gco:CharacterString>longitude</gco:CharacterString>
                  </gco:aName>
                </gco:TypeName>
              </gco:attributeType>
            </gco:MemberName>
          </gmd:sequenceIdentifier>
          <gmd:descriptor>
            <gco:CharacterString>PI-supplied Description: Longitude (West is negative); General Description: longitude, in decimal degrees, East is positive, negative denotes West; Reported in some datsets as degrees, minutes NERC Description: The angular distance east or west east or west of Greenwich to the point of interest.</gco:CharacterString>
          </gmd:descriptor>
          <gmd:units>
            <gml:UnitDefinition gml:id="_parameterUnits28113">
             <gml:identifier codeSpace="http://lod.bco-dmo.org/id/dataset-parameter/28113.rdf">http://lod.bco-dmo.org/id/dataset-parameter/28113.rdf</gml:identifier>
             <gml:name>decimal degrees</gml:name>
          </gml:UnitDefinition>
          </gmd:units>
        </gmd:MD_Band>
      </gmd:dimension>
      <gmd:dimension>
        <gmd:MD_Band>
          <gmd:sequenceIdentifier xlink:href="http://lod.bco-dmo.org/id/dataset-parameter/28114.rdf" xlink:title="dataset_id" xlink:actuate="onRequest">
            <gco:MemberName>
              <gco:aName>
                <gco:CharacterString>castsheet</gco:CharacterString>
              </gco:aName>
              <gco:attributeType>                <gco:TypeName>
                  <gco:aName>
                    <gco:CharacterString>dataset_id</gco:CharacterString>
                  </gco:aName>
                </gco:TypeName>
              </gco:attributeType>
            </gco:MemberName>
          </gmd:sequenceIdentifier>
          <gmd:descriptor>
            <gco:CharacterString>PI-supplied Description: Filename of the cast sheet .pdf file; General Description: dataset_id: a unique combination of alpha and/or numeric characters designating a dataset (filename in many cases)</gco:CharacterString>
          </gmd:descriptor>
          <gmd:units>
            <gml:UnitDefinition gml:id="_parameterUnits28114">
             <gml:identifier codeSpace="http://lod.bco-dmo.org/id/dataset-parameter/28114.rdf">http://lod.bco-dmo.org/id/dataset-parameter/28114.rdf</gml:identifier>
             <gml:name>text</gml:name>
          </gml:UnitDefinition>
          </gmd:units>
        </gmd:MD_Band>
      </gmd:dimension>
      <gmd:dimension>
        <gmd:MD_Band>
          <gmd:sequenceIdentifier xlink:href="http://lod.bco-dmo.org/id/dataset-parameter/33211.rdf" xlink:title="ISO_DateTime_UTC" xlink:actuate="onRequest">
            <gco:MemberName>
              <gco:aName>
                <gco:CharacterString>ISO_DateTime_UTC</gco:CharacterString>
              </gco:aName>
              <gco:attributeType xlink:href="http://vocab.nerc.ac.uk/collection/P01/current/DTUT8601/" xlink:title="Date and time (UT in ISO8601 format to sub-second precision)" xlink:actuate="onRequest">                <gco:TypeName>
                  <gco:aName>
                    <gco:CharacterString>ISO_DateTime_UTC</gco:CharacterString>
                  </gco:aName>
                </gco:TypeName>
              </gco:attributeType>
            </gco:MemberName>
          </gmd:sequenceIdentifier>
          <gmd:descriptor>
            <gco:CharacterString>PI-supplied Description: Date/Time formatted to ISO 8601 standard. T indicates start of time string; Z indicates UTC. Calculated using 'date' and 'time' parameters as input.; General Description: Date/Time (UTC) ISO formattedThis standard is based on ISO 8601:2004(E) and takes on any of the following forms:2009-08-30T09:05:00[.xx] (local time)2009-08-30T14:05:00[.xx]Z (UTC time)2009-08-30T14:05:00[.xx]-05:00The dashes and the colons can be dropped.The T can also be dropped &quot;by mutual agreement&quot;, but one needs the trailing Z if the time is UTC.Sample ISO_datetime_utc:2009-08-30T14:05:00[.xx]Z (UTC time)Format: YYYY-mm-ddTHH:MM:SS[.xx]Z (UTC time) NERC Description: String corresponding to format 'yyyy-mm-ddThh:mi:ss.sss' optionally terminated by 'Z'</gco:CharacterString>
          </gmd:descriptor>
          <gmd:units>
            <gml:UnitDefinition gml:id="_parameterUnits33211">
             <gml:identifier codeSpace="http://lod.bco-dmo.org/id/dataset-parameter/33211.rdf">http://lod.bco-dmo.org/id/dataset-parameter/33211.rdf</gml:identifier>
             <gml:name>YYYY-mm-ddTHH:MM:SS.ssZ</gml:name>
          </gml:UnitDefinition>
          </gmd:units>
        </gmd:MD_Band>
      </gmd:dimension>
      </gmi:MI_CoverageDescription>
  </gmd:contentInfo>
  <gmd:distributionInfo>
    <gmd:MD_Distribution>
      <gmd:distributor>
        <gmd:MD_Distributor>
          <gmd:distributorContact>
            <gmd:CI_ResponsibleParty>
  <gmd:organisationName>
    <gmx:Anchor xlink:href="http://lod.bco-dmo.org/id/affiliation/191.rdf" xlink:actuate="onRequest">Biological and Chemical Oceanography Data Management Office (BCO-DMO)</gmx:Anchor>
  </gmd:organisationName>
  <gmd:contactInfo>
    <gmd:CI_Contact>
		  <gmd:phone>
		    <gmd:CI_Telephone>
				  <gmd:voice>
				    <gco:CharacterString>Unavailable</gco:CharacterString>
				  </gmd:voice>
				  <gmd:facsimile>
				    <gco:CharacterString>508-289-2009</gco:CharacterString>
				  </gmd:facsimile>
				</gmd:CI_Telephone>
		  </gmd:phone>
		  <gmd:address>
		    <gmd:CI_Address>
				  <gmd:deliveryPoint>
				    <gco:CharacterString>WHOI MS#36</gco:CharacterString>
				  </gmd:deliveryPoint>
				  <gmd:city>
				    <gco:CharacterString>Woods Hole</gco:CharacterString>
				  </gmd:city>
				  <gmd:administrativeArea>
				    <gco:CharacterString>MA</gco:CharacterString>
				  </gmd:administrativeArea>
				  <gmd:postalCode>
				    <gco:CharacterString>02543</gco:CharacterString>
				  </gmd:postalCode>
				  <gmd:country>
				    <gco:CharacterString>USA</gco:CharacterString>
				  </gmd:country>
				  <gmd:electronicMailAddress>
				    <gco:CharacterString>info@bco-dmo.org</gco:CharacterString>
				  </gmd:electronicMailAddress>
		    </gmd:CI_Address>
		  </gmd:address>
      <gmd:onlineResource>
          <gmd:CI_OnlineResource>
            <gmd:linkage>
              <gmd:URL>http://www.bco-dmo.org</gmd:URL>
            </gmd:linkage>
          </gmd:CI_OnlineResource>
        </gmd:onlineResource>
		  <gmd:hoursOfService>
        <gco:CharacterString>Monday - Friday 8:00am - 5:00pm</gco:CharacterString>
      </gmd:hoursOfService>
		  <gmd:contactInstructions>
		    <gco:CharacterString>For questions regarding this resource, please contact BCO-DMO via the email address provided.</gco:CharacterString>
		  </gmd:contactInstructions>
		</gmd:CI_Contact>
  </gmd:contactInfo>
  <gmd:role>
    <gmd:CI_RoleCode codeList="http://www.isotc211.org/2005/resources/Codelist/gmxCodelists.xml#CI_RoleCode" codeListValue="pointOfContact" codeSpace="007">pointOfContact</gmd:CI_RoleCode>
  </gmd:role>
</gmd:CI_ResponsibleParty>
          </gmd:distributorContact>
        </gmd:MD_Distributor>
      </gmd:distributor>
      <gmd:transferOptions>
        <gmd:MD_DigitalTransferOptions>
        <gmd:onLine>
            <gmd:CI_OnlineResource>
              <gmd:linkage>
                <gmd:URL>http://www.bco-dmo.org/dataset/3671/data/download</gmd:URL>
              </gmd:linkage>
              <gmd:function>
                <gmd:CI_OnLineFunctionCode codeList="http://www.ngdc.noaa.gov/metadata/published/xsd/schema/resources/Codelist/gmxCodelists.xml#CI_OnLineFunctionCode" codeListValue="download">download</gmd:CI_OnLineFunctionCode>
              </gmd:function>
            </gmd:CI_OnlineResource>
          </gmd:onLine>
        </gmd:MD_DigitalTransferOptions>
      </gmd:transferOptions>
    </gmd:MD_Distribution>
  </gmd:distributionInfo>
  <gmd:dataQualityInfo>
    <gmd:DQ_DataQuality>
      <gmd:scope>
        <gmd:DQ_Scope>
          <gmd:level>
            <gmd:MD_ScopeCode codeList="http://www.ngdc.noaa.gov/metadata/published/xsd/schema/resources/Codelist/gmxCodelists.xml#MD_ScopeCode" codeListValue="dataset">dataset</gmd:MD_ScopeCode>
          </gmd:level>
        </gmd:DQ_Scope>
      </gmd:scope>
      <gmd:lineage>
        <gmd:LI_Lineage>
          <gmd:processStep xlink:title="Acquisition Description">
            <gmd:LI_ProcessStep>
              <gmd:description>
                <gco:CharacterString>&amp;lt;p&amp;gt;Hand written cast sheets generated by science party aboard vessel&amp;lt;/p&amp;gt;from Cruise: KN204-01 &lt;div id=&quot;nuan_ria_plugin&quot; nuan_tabactive=&quot;true&quot;&gt;&lt;invalidtag style=&quot;z-index: 1000; position: absolute&quot; id=&quot;plugin0&quot; height=&quot;0&quot; type=&quot;application/x-dgnria&quot; width=&quot;0&quot;&gt;&lt;/invalidtag&gt;&lt;param value=&quot;ff-tab-0&quot; name=&quot;tabId&quot; /&gt;&lt;param value=&quot;280&quot; name=&quot;counter&quot; /&gt;&lt;/div&gt;</gco:CharacterString>
              </gmd:description>
            </gmd:LI_ProcessStep>
          </gmd:processStep>
          <gmd:processStep xlink:title="Processing Description">
            <gmd:LI_ProcessStep>
              <gmd:description>
                <gco:CharacterString>&amp;lt;p&amp;gt;Station information inserted from cast events dataset&amp;lt;/p&amp;gt;from Cruise: KN204-01 &lt;div id=&quot;nuan_ria_plugin&quot; nuan_tabactive=&quot;true&quot;&gt;&lt;invalidtag style=&quot;z-index: 1000; position: absolute&quot; id=&quot;plugin0&quot; height=&quot;0&quot; type=&quot;application/x-dgnria&quot; width=&quot;0&quot;&gt;&lt;/invalidtag&gt;&lt;param value=&quot;ff-tab-0&quot; name=&quot;tabId&quot; /&gt;&lt;param value=&quot;281&quot; name=&quot;counter&quot; /&gt;&lt;/div&gt;</gco:CharacterString>
              </gmd:description>
            </gmd:LI_ProcessStep>
          </gmd:processStep>
        </gmd:LI_Lineage>
      </gmd:lineage>
   </gmd:DQ_DataQuality>
  </gmd:dataQualityInfo>
  <gmd:metadataMaintenance>
    <gmd:MD_MaintenanceInformation>
      <gmd:maintenanceAndUpdateFrequency>
        <gmd:MD_MaintenanceFrequencyCode codeList="http://www.isotc211.org/2005/resources/Codelist/gmxCodelists.xml#MD_MaintenanceFrequencyCode" codeListValue="asNeeded" codeSpace="009">asNeeded</gmd:MD_MaintenanceFrequencyCode>
      </gmd:maintenanceAndUpdateFrequency>
      <gmd:maintenanceNote>
        <gco:CharacterString>7.x-1.1</gco:CharacterString>
      </gmd:maintenanceNote>
      <gmd:contact>
        <gmd:CI_ResponsibleParty>
  <gmd:organisationName>
    <gmx:Anchor xlink:href="http://lod.bco-dmo.org/id/affiliation/191.rdf" xlink:actuate="onRequest">Biological and Chemical Oceanography Data Management Office (BCO-DMO)</gmx:Anchor>
  </gmd:organisationName>
  <gmd:contactInfo>
    <gmd:CI_Contact>
		  <gmd:phone>
		    <gmd:CI_Telephone>
				  <gmd:voice>
				    <gco:CharacterString>Unavailable</gco:CharacterString>
				  </gmd:voice>
				  <gmd:facsimile>
				    <gco:CharacterString>508-289-2009</gco:CharacterString>
				  </gmd:facsimile>
				</gmd:CI_Telephone>
		  </gmd:phone>
		  <gmd:address>
		    <gmd:CI_Address>
				  <gmd:deliveryPoint>
				    <gco:CharacterString>WHOI MS#36</gco:CharacterString>
				  </gmd:deliveryPoint>
				  <gmd:city>
				    <gco:CharacterString>Woods Hole</gco:CharacterString>
				  </gmd:city>
				  <gmd:administrativeArea>
				    <gco:CharacterString>MA</gco:CharacterString>
				  </gmd:administrativeArea>
				  <gmd:postalCode>
				    <gco:CharacterString>02543</gco:CharacterString>
				  </gmd:postalCode>
				  <gmd:country>
				    <gco:CharacterString>USA</gco:CharacterString>
				  </gmd:country>
				  <gmd:electronicMailAddress>
				    <gco:CharacterString>info@bco-dmo.org</gco:CharacterString>
				  </gmd:electronicMailAddress>
		    </gmd:CI_Address>
		  </gmd:address>
      <gmd:onlineResource>
          <gmd:CI_OnlineResource>
            <gmd:linkage>
              <gmd:URL>http://www.bco-dmo.org</gmd:URL>
            </gmd:linkage>
          </gmd:CI_OnlineResource>
        </gmd:onlineResource>
		  <gmd:hoursOfService>
        <gco:CharacterString>Monday - Friday 8:00am - 5:00pm</gco:CharacterString>
      </gmd:hoursOfService>
		  <gmd:contactInstructions>
		    <gco:CharacterString>For questions regarding this resource, please contact BCO-DMO via the email address provided.</gco:CharacterString>
		  </gmd:contactInstructions>
		</gmd:CI_Contact>
  </gmd:contactInfo>
  <gmd:role>
    <gmd:CI_RoleCode codeList="http://www.isotc211.org/2005/resources/Codelist/gmxCodelists.xml#CI_RoleCode" codeListValue="pointOfContact" codeSpace="007">pointOfContact</gmd:CI_RoleCode>
  </gmd:role>
</gmd:CI_ResponsibleParty>
      </gmd:contact>
    </gmd:MD_MaintenanceInformation>
  </gmd:metadataMaintenance>
  <gmi:acquisitionInformation>
    <gmi:MI_AcquisitionInformation>
    <gmi:instrument>
        <gmi:MI_Instrument>
          <gmi:identifier>
            <gmd:MD_Identifier>
              <gmd:code>
                <gmx:Anchor xlink:href="http://lod.bco-dmo.org/id/instrument/411.rdf" xlink:title="GO-FLO Bottle" xlink:actuate="onRequest">GO-FLO Bottle</gmx:Anchor>
              </gmd:code>
            </gmd:MD_Identifier>
          </gmi:identifier>
          <gmi:type>
            <gco:CharacterString>GO-FLO Bottle</gco:CharacterString>
          </gmi:type>
          <gmi:description>
            <gco:CharacterString>PI Supplied Instrument Name: GO-FLO Bottle PI Supplied Instrument Description:Rapid sampling system for trace elements Instrument Name: GO-FLO Bottle Instrument Short Name:GO-FLO   Instrument Description: GO-FLO bottle cast used to collect water samples for pigment, nutrient, plankton, etc. The GO-FLO sampling bottle is specially designed to avoid sample contamination at the surface, internal spring contamination, loss of sample on deck (internal seals), and exchange of water from different depths. Community Standard Description: http://vocab.nerc.ac.uk/collection/L05/current/30/</gco:CharacterString>
          </gmi:description>
        </gmi:MI_Instrument>
      </gmi:instrument>
      <gmi:operation>
          <gmi:MI_Operation>
            <gmi:description>
              <gco:CharacterString>Cruise: KN204-01</gco:CharacterString>
            </gmi:description>
            <gmi:identifier>
              <gmd:MD_Identifier>
                <gmd:code>
                  <gmx:Anchor xlink:href="http://lod.bco-dmo.org/id/deployment/58786.rdf" xlink:title="Cruise" xlink:actuate="onRequest">KN204-01</gmx:Anchor>
                </gmd:code>
              </gmd:MD_Identifier>
            </gmi:identifier>
            <gmi:status>
              <gmd:MD_ProgressCode codeList="http://www.ngdc.noaa.gov/metadata/published/xsd/schema/resources/Codelist/gmxCodelists.xml#MD_ProgressCode" codeListValue="completed"/>
            </gmi:status>
            <gmi:type>
              <gmi:MI_OperationTypeCode codeList="http://www.ngdc.noaa.gov/metadata/published/xsd/schema/resources/Codelist/gmxCodelists.xml#MI_OperationTypeCode" codeListValue="real"/>
            </gmi:type>
            <gmi:parentOperation gco:nilReason="inapplicable"/>
            <gmi:platform>
              <gmi:MI_Platform>
                <gmi:citation>
                 <gmd:CI_Citation>
                   <gmd:title>
                     <gmx:Anchor xlink:href="http://www.whoi.edu/page.do?pid=8157" xlink:actuate="onRequest">R/V Knorr</gmx:Anchor>
                   </gmd:title>
                   <gmd:date gco:nilReason="unknown"/>
                 </gmd:CI_Citation>
                </gmi:citation>
                <gmi:citation>
                 <gmd:CI_Citation>
                   <gmd:title>
                     <gmx:Anchor xlink:href="http://vocab.nerc.ac.uk/collection/C17/current/316N" xlink:actuate="onRequest">Community Standard Description</gmx:Anchor>
                   </gmd:title>
                   <gmd:date gco:nilReason="unknown"/>
                 </gmd:CI_Citation>
                </gmi:citation>
                <gmi:identifier>
                  <gmd:MD_Identifier>
                    <gmd:authority>
                      <gmd:CI_Citation>
                        <gmd:title>
                          <gmx:Anchor xlink:href="http://lod.bco-dmo.org/id/authority/1.rdf" xlink:actuate="onRequest">International Council for the Exploration of the Sea</gmx:Anchor>
                        </gmd:title>
                        <gmd:date gco:nilReason="unknown"/>
                      </gmd:CI_Citation>
                    </gmd:authority>
                    <gmd:code>
                      <gmx:Anchor xlink:href="http://lod.bco-dmo.org/id/platform/53994.rdf"
                       xlink:title="316N" xlink:actuate="onRequest">R/V Knorr</gmx:Anchor>
                    </gmd:code>
                  </gmd:MD_Identifier>
                </gmi:identifier>
                <gmi:description>
                  <gmx:Anchor xlink:href="http://lod.bco-dmo.org/id/platform/53994.rdf" xlink:title="R/V Knorr" xlink:actuate="onRequest">vessel</gmx:Anchor>
                </gmi:description>
                <gmi:instrument gco:nilReason="unknown"/>
              </gmi:MI_Platform>
            </gmi:platform>
            <gmi:plan>
              <gmi:MI_Plan>
                <gmi:status>
                  <gmd:MD_ProgressCode codeList="http://www.isotc211.org/2005/resources/Codelist/gmxCodelists.xml#MD_ProgressCode" codeListValue="completed"/>
                </gmi:status>
                <gmi:citation>
                  <gmd:CI_Citation>
                    <gmd:title>
                      <gmx:Anchor xlink:href="http://lod.bco-dmo.org/id/deployment/58786.rdf" xlink:title="Cruise" xlink:actuate="onRequest">KN204-01</gmx:Anchor>
                    </gmd:title>
                    <gmd:date gco:nilReason="unknown"/>
                    <gmd:citedResponsibleParty>
                      <gmd:CI_ResponsibleParty>
                      <gmd:individualName>
                          <gmx:Anchor xlink:href="http://lod.bco-dmo.org/id/person/50984.rdf" xlink:actuate="onRequest">Dr Edward  A. Boyle</gmx:Anchor>
                        </gmd:individualName>
                        <gmd:organisationName>
                          <gmx:Anchor xlink:href="http://lod.bco-dmo.org/id/affiliation/222.rdf" xlink:title="Affiliation" xlink:actuate="onRequest">Massachusetts Institute of Technology</gmx:Anchor>
                        </gmd:organisationName>
                        <gmd:contactInfo>
                        <gmd:CI_Contact>
                          <gmd:onlineResource>
                            <gmd:CI_OnlineResource>
                              <gmd:linkage>
                                <gmd:URL>http://bcodata.whoi.edu/US_GEOTRACES/AtlanticSection/STS_Prelim_GT11_Doc.pdf</gmd:URL>
                              </gmd:linkage>
                              <gmd:description>
                                <gco:CharacterString>Report describing KN204-01</gco:CharacterString>
                              </gmd:description>
                            </gmd:CI_OnlineResource>
                          </gmd:onlineResource>
                        </gmd:CI_Contact>
                      </gmd:contactInfo>
                      <gmd:role>
                        <gmd:CI_RoleCode codeList="http://www.isotc211.org/2005/resources/Codelist/gmxCodelists.xml#CI_RoleCode" codeListValue="principalInvestigator"/>
                      </gmd:role>
                      </gmd:CI_ResponsibleParty>
                    </gmd:citedResponsibleParty>
                   </gmd:CI_Citation>
                </gmi:citation>
              </gmi:MI_Plan>
            </gmi:plan>
            </gmi:MI_Operation>
      </gmi:operation></gmi:MI_AcquisitionInformation>
  </gmi:acquisitionInformation>
</gmi:MI_Metadata>
