<?xml version="1.0"?>
<metadata xmlns="http://www.fgdc.gov/metadata/csdgm" xmlns:csdgm="http://www.fgdc.gov/metadata/csdgm"><Source>ftp://ngee.ornl.gov/data/outgoing/metadata/Geochemical_and_isotopic_results_for_groundwater_drainage_waters_snowmelt_permafrost_precipitation_in_Barrow_Alaska_USA_2012_2013.xml</Source>
  <idinfo>
    <citation>
      <citeinfo>
        <onlink>http://dx.doi.org/10.5440/1164892</onlink>
        <onlink>ftp://ngee.ornl.gov/data/outgoing/hydrology_and_geomorphology/LANL_MasterCompiled_Geochemical_Isotopic__Water_Metadata_12-02-2014.xlsx</onlink>
        <origin>Heather Throckmorton (hthrockmorton@lanl.gov)</origin>
        <title>Geochemical and isotopic water results, Barrow, Alaska, 2012-2013</title>
        <geoform>Laboratory Analysis</geoform>
      </citeinfo>
    </citation>
    <descript>
      <abstract>Data include a large suite of analytes (geochemical and isotopic) for samples collected in Barrow, Alaska (2012-2013). Sample types are indicated, and include soil pore waters, drainage waters, snowmelt, precipitation, and permafrost samples. DOI: 10.5440/1164892; http://dx.doi.org/10.5440/1164892.</abstract>
      <purpose>Data were collected to improve our understanding of biogeochemical process integrated with climate and earth system models.</purpose>
    </descript>
    <timeperd>
      <timeinfo>
        <rngdates>
          <begdate>20120604</begdate>
          <enddate>20140920</enddate>
        </rngdates>
      </timeinfo>
    </timeperd>
    <status>
      <progress>ongoing</progress>
      <update>as needed</update>
    </status>
    <spdom>
      <bounding>
        <westbc>-156.89575195043</westbc>
        <eastbc>-155.41809081767</eastbc>
        <northbc>71.312976568458</northbc>
        <southbc>70.835514593964</southbc>
      </bounding>
    </spdom>
    <keywords>
      <place>
        <placekey>Barrow, Alaska</placekey>
      </place>
      <theme>
        <themekt>Cations</themekt>
      </theme>
      <theme>
        <themekt>Anions</themekt>
      </theme>
      <theme>
        <themekt>Geochemistry</themekt>
      </theme>
      <theme>
        <themekt>Isotopes</themekt>
      </theme>
    </keywords>
    <accconst>internal</accconst>
    <datacred>Cathy Wilson, Jeff Heikoop, Brent Newman</datacred>
    <ptcontac>
      <cntinfo>
        <cntperp>
          <cntper>Cathy Wilson</cntper>
          <cntorg>Los Alamos National Laboratory</cntorg>
        </cntperp>
        <cntaddr>
          <addrtype>mailing and physical</addrtype>
          <address>SM-30 Bikini Atoll Rd</address>
          <city>Los Alamos</city>
          <state>NM</state>
          <postal>87545</postal>
        </cntaddr>
        <cntvoice>505-667-0202</cntvoice>
        <cntemail>cjw@lanl.gov</cntemail>
      </cntinfo>
    </ptcontac>
    <tool>
      <toolcont>
        <cntinfo>
          <cntaddr>
            <addrtype>mailing and physical</addrtype>
          </cntaddr>
        </cntinfo>
      </toolcont>
    </tool>
  </idinfo>
  <dataqual>
    <lineage>
      <method>
        <methtype>both</methtype>
      </method>
    </lineage>
  </dataqual>
  <distinfo>
    <distrib>
    <cntinfo>
                                <cntperp>
                                        <cntper>Data Center Support</cntper>
                                        <cntorg>Next-Generation Ecosystem Experiments (NGEE) Arctic Project, Oak Ridge National Laboratory</cntorg>
                                </cntperp>
                                <cntaddr>
                                        <addrtype>mailing and physical</addrtype>
                                        <address>1 Bethel Valley Road</address>
                                        <city>Oak Ridge</city>
                                        <state>TN</state>
                                        <postal>37831-6290</postal>
                                        <country>USA</country>
                                </cntaddr>
                                <cntvoice></cntvoice>
                                <cntfax></cntfax>
                                <cntemail>support@ngee.ornl.gov</cntemail>
                        </cntinfo>
    </distrib>
  </distinfo>
  <metainfo>
    <metd>20150109</metd>
    <metc>
      <cntinfo>
        <cntperp>
          <cntper>Heather Throckmorton</cntper>
          <cntorg>Los Alamos National Laboratory</cntorg>
        </cntperp>
        <cntaddr>
          <addrtype>mailing and physical</addrtype>
          <address>Bikini Atoll Rd.</address>
          <city>Los Alamos</city>
          <state>New Mexico</state>
          <postal>87545</postal>
          <country>USA</country>
        </cntaddr>
        <cntvoice>505-606-1641</cntvoice>
        <cntemail>hthrockmorton@lanl.gov</cntemail>
      </cntinfo>
    </metc>
    <metstdn>FDGC Content Standard for Digital Geospatial Metadata and
			Biological Data Profile</metstdn>
    <metstdv>FDGC-STD-001-1998</metstdv>
  </metainfo>
  <ome>
    <ome_status>approved</ome_status>
    <taskname>HG</taskname>
  </ome>
</metadata>
