<?xml version="1.0"?>
<metadata xmlns="http://www.fgdc.gov/metadata/csdgm" xmlns:csdgm="http://www.fgdc.gov/metadata/csdgm"><Source>ftp://ngee.ornl.gov/data/outgoing/metadata/Organic_Carbon_Transformation_and_Mercury_Methylation_in_Tundra_Soils_from_Barrow_Alaska.xml</Source>
  <idinfo>
    <citation>
      <citeinfo>
        <onlink>http://dx.doi.org/10.5440/1235032</onlink>
        <onlink>ftp://ngee.ornl.gov/data/outgoing/organic_C_transformation_Hg_methylation/data/</onlink>
        <onlink>ftp://ngee.ornl.gov/data/outgoing/organic_C_transformation_Hg_methylation/documentation/</onlink>
        <origin>Baohua Gu (gub1@ornl.gov)</origin>
        <origin>Ziming Yang (yangz1@ornl.gov)</origin>
        <pubdate>20160401</pubdate>
        <title>Organic Carbon Transformation and Mercury Methylation in Tundra Soils from Barrow Alaska</title>
        <pubinfo>
          <pubplace>Soil Biology and Biochemistry</pubplace>
          <publish>Elsevier</publish>
        </pubinfo>
      </citeinfo>
    </citation>
    <descript>
      <abstract>This dataset includes information on soil labile organic carbon transformation and mercury methylation for tundra soils from Barrow, Alaska.  The soil cores were collected from high-centered polygon (trough) at BEO and were incubated under anaerobic laboratory conditions at both freezing and warming temperatures for up to 8 months.  Soil organic carbon including reducing sugars, alcohols, and organic acids were analyzed, and CH4 and CO2 emissions were quantified. Net production of methylmercury and Fe(II)/Fe(total) ratio were also measured and provided in this dataset. http://dx.doi.org/10.5440/1235032</abstract>
    </descript>
    <timeperd>
      <timeinfo>
        <rngdates>
          <begdate>20140416</begdate>
          <enddate>20140416</enddate>
        </rngdates>
      </timeinfo>
    </timeperd>
    <status>
      <progress>complete</progress>
      <update>n/a</update>
    </status>
    <spdom>
      <descgeog>Area A</descgeog>
      <bounding>
        <westbc>-156.613759</westbc>
        <eastbc>-156.607904</eastbc>
        <northbc>71.282186</northbc>
        <southbc>71.280387</southbc>
      </bounding>
    </spdom>
    <keywords>
      <place>
        <placekey>Arctic tundra</placekey>
        <placekey>Area A</placekey>
        <placekey>Barrow, Alaska</placekey>
        <placekey>Intensive Site 1</placekey>
        <placekey>Barrow Environmental Observatory (BEO)</placekey>
      </place>
      <theme>
        <themekt>Soil organic carbon</themekt>
      </theme>
      <theme>
        <themekt>Climate warming</themekt>
      </theme>
      <theme>
        <themekt>Mercury methylation</themekt>
      </theme>
      <theme>
        <themekt>Biogeochemistry</themekt>
      </theme>
      <theme>
        <themekt>Methanogenesis</themekt>
      </theme>
      <theme>
        <themekt>Iron reduction</themekt>
      </theme>
    </keywords>
    <accconst>public</accconst>
    <datacred>Liyuan Liang, David E. Graham, Stan Wullschleger</datacred>
    <ptcontac>
      <cntinfo>
        <cntperp>
          <cntper>Baohua Gu</cntper>
          <cntorg>Oak Ridge National Laboratory</cntorg>
        </cntperp>
        <cntaddr>
          <addrtype>mailing and physical</addrtype>
          <address>One Bethel Valley Rd</address>
          <city>Oak Ridge</city>
          <state>TN</state>
          <postal>37831</postal>
          <country>USA</country>
        </cntaddr>
        <cntvoice>865-574-7286</cntvoice>
        <cntemail>gub1@ornl.gov</cntemail>
      </cntinfo>
    </ptcontac>
    <tool>
      <toolcont>
        <cntinfo>
          <cntaddr>
            <addrtype>mailing and physical</addrtype>
          </cntaddr>
        </cntinfo>
      </toolcont>
    </tool>
  </idinfo>
  <dataqual>
    <lineage>
      <method>
        <methtype>field</methtype>
      </method>
    </lineage>
  </dataqual>
  <distinfo>
    <distrib>
      <cntinfo>
        <cntperp>
          <cntper>Data Center Support</cntper>
          <cntorg>Next-Generation Ecosystem Experiments (NGEE) Arctic Project, Oak Ridge National Laboratory</cntorg>
        </cntperp>
        <cntaddr>
          <addrtype>mailing and physical</addrtype>
          <address>1 Bethel Valley Road</address>
          <city>Oak Ridge</city>
          <state>TN</state>
          <postal>37831-6290</postal>
          <country>USA</country>
        </cntaddr>
        <cntemail>support@ngee.ornl.gov</cntemail>
      </cntinfo>
    </distrib>
  </distinfo>
  <metainfo>
    <metd>20160503</metd>
    <metc>
      <cntinfo>
        <cntperp>
          <cntper>Ziming Yang</cntper>
          <cntorg>Oak Ridge National Laboratory</cntorg>
        </cntperp>
        <cntaddr>
          <addrtype>mailing and physical</addrtype>
          <address>One Bethyl Valley Rd</address>
          <city>Oak Ridge</city>
          <state>TN</state>
          <postal>37831</postal>
          <country>USA</country>
        </cntaddr>
        <cntvoice>865-241-4727</cntvoice>
        <cntemail>yangz1@ornl.gov</cntemail>
      </cntinfo>
    </metc>
    <metstdn>FDGC Content Standard for Digital Geospatial Metadata and
			Biological Data Profile</metstdn>
    <metstdv>FDGC-STD-001-1998</metstdv>
  </metainfo>
  <ome>
    <ome_status>approved</ome_status>
    <taskname>BGC</taskname>
  </ome>
</metadata>
