<?xml version="1.0"?>
<metadata xmlns="http://www.fgdc.gov/metadata/csdgm" xmlns:csdgm="http://www.fgdc.gov/metadata/csdgm"><Source>ftp://ngee.ornl.gov/data/outgoing/metadata/Digital_Cameras.xml</Source>
  <idinfo>
    <citation>
      <citeinfo>
        <onlink>http://ngee-arctic.ornl.gov/content/ngee-arctic-webcam-barrow-environmental-observatory-view-2</onlink>
        <onlink>http://ngee-arctic.ornl.gov/content/ngee-arctic-webcam-barrow-environmental-observatory-view-1</onlink>
        <onlink>http://dx.doi.org/10.5440/1163352</onlink>
        <origin>Bob Busey (rcbusey@alaska.edu)</origin>
        <title>NGEE Arctic Webcam Photographs, Barrow Environmental Observatory, Barrow, Alaska</title>
        <geoform>Digital camera</geoform>
      </citeinfo>
    </citation>
    <descript>
      <abstract>The NGEE-Arctic Webcam (PTZ Camera) captures two views of seasonal transitions from its generally south-facing position on a tower located at the Barrow Environmental Observatory near Barrow, Alaska. Images are captured every 30 minutes. Historical images are available for download. The camera is operated by the U.S. DOE sponsored Next Generation Ecosystem Experiments - Arctic (NGEE-Arctic) project. http://dx.doi.org/10.5440/1163352</abstract>
      <purpose>Embedded in exif data</purpose>
    </descript>
    <timeperd>
      <timeinfo>
        <rngdates>
          <begdate>20120401</begdate>
          <enddate>current</enddate>
        </rngdates>
      </timeinfo>
    </timeperd>
    <status>
      <progress>ongoing</progress>
      <update>daily</update>
    </status>
    <spdom>
      <descgeog>Barrow Control Shed</descgeog>
      <bounding>
        <westbc>-156.598009</westbc>
        <eastbc>-156.598009</eastbc>
        <northbc>71.279312</northbc>
        <southbc>71.279312</southbc>
      </bounding>
    </spdom>
    <keywords>
      <place>
        <placekey>North Slope, Alaska</placekey>
        <placekey>Barrow, Alaska</placekey>
      </place>
      <theme>
        <themekt>digital camera</themekt>
      </theme>
      <theme>
        <themekt>Snow</themekt>
      </theme>
    </keywords>
    <accconst>public</accconst>
    <useconst>No use constraints are associated with this data.</useconst>
    <datacred>Larry Hinzman (lhinzman@iarc.uaf.edu)</datacred>
    <ptcontac>
      <cntinfo>
        <cntperp>
          <cntper>Bob Busey</cntper>
          <cntorg>University of Alaska Fairbanks</cntorg>
        </cntperp>
        <cntaddr>
          <addrtype>mailing and physical</addrtype>
          <address>P.O. Box 757340</address>
          <city>Fairbanks</city>
          <state>AK</state>
          <postal>99775</postal>
        </cntaddr>
        <cntvoice>907-474-2792</cntvoice>
        <cntemail>rcbusey@alaska.edu</cntemail>
      </cntinfo>
    </ptcontac>
    <tool>
      <tooldesc>HG1.2       Fused high resolution thermal/ hydrologic/ecosystem spatial data sets</tooldesc>
      <toolcont>
        <cntinfo>
          <cntaddr>
            <addrtype>mailing and physical</addrtype>
          </cntaddr>
        </cntinfo>
      </toolcont>
    </tool>
  </idinfo>
  <dataqual>
    <attracc>
      <qattracc>
        <attraccv>No formal uncertainty assessments were conducted and no estimates of uncertainty are reported.</attraccv>
      </qattracc>
    </attracc>
    <logic>Data are considered of good quality in the context of the information presented in the abstract.  Users are advised to read the rest of the metadata record carefully for additional details.</logic>
    <complete>Data are considered complete in the context of the information presented in the abstract. Users are advised to read the rest of the metadata record carefully for additional details.</complete>
    <lineage>
      <method>
        <methtype>field</methtype>
        <methdesc>None.</methdesc>
      </method>
    </lineage>
  </dataqual>
  <distinfo>
    <distrib>
    <cntinfo>
                                <cntperp>
                                        <cntper>Data Center Support</cntper>
                                        <cntorg>Next-Generation Ecosystem Experiments (NGEE) Arctic Project, Oak Ridge National Laboratory</cntorg>
                                </cntperp>
                                <cntaddr>
                                        <addrtype>mailing and physical</addrtype>
                                        <address>1 Bethel Valley Road</address>
                                        <city>Oak Ridge</city>
                                        <state>TN</state>
                                        <postal>37831-6290</postal>
                                        <country>USA</country>
                                </cntaddr>
                                <cntvoice></cntvoice>
                                <cntfax></cntfax>
                                <cntemail>support@ngee.ornl.gov</cntemail>
                        </cntinfo>
    </distrib>
  </distinfo>
  <metainfo>
    <metd>20141106</metd>
    <metc>
      <cntinfo>
        <cntperp>
          <cntper>Bob Busey</cntper>
          <cntorg>University of Alaska Fairbanks</cntorg>
        </cntperp>
        <cntaddr>
          <addrtype>mailing and physical</addrtype>
          <address>P.O. Box 757340</address>
          <city>Fairbanks</city>
          <state>AK</state>
          <postal>99775</postal>
          <country>USA</country>
        </cntaddr>
        <cntvoice>907-474-2792</cntvoice>
        <cntemail>rcbusey@alaska.edu</cntemail>
      </cntinfo>
    </metc>
    <metstdn>FDGC Content Standard for Digital Geospatial Metadata and
			Biological Data Profile</metstdn>
    <metstdv>FDGC-STD-001-1998</metstdv>
  </metainfo>
  <ome>
    <datause>Useful for identifying seasonal changes to the landscape.  Onset of snow and spring snowmelt for example. Note that date and time printed on the image are UTC. AKST is 9 hours behind UTC.&amp;#xD;
&amp;#xD;
Conversion of UTM (original coordinates: West/East 586024; North/South 7910257) to decimal degrees using the following tool http://www.rcn.montana.edu/Resources/Converter.aspx using the following selections - Datum NAD83, Standard UTM, Zone 4, Hemisphere N.</datause>
    <ome_status>approved</ome_status>
    <taskname>LC</taskname>
  </ome>
</metadata>
