<?xml version="1.0"?>
<metadata xmlns="http://www.fgdc.gov/metadata/csdgm" xmlns:csdgm="http://www.fgdc.gov/metadata/csdgm"><Source>ftp://ngee.ornl.gov/data/outgoing/metadata/Effect_of_soil_property_uncertainties_on_permafrost_thaw_projections_a_calibration_constrained_analysis_Modeling_Archive.xml</Source>
  <idinfo>
    <citation>
      <citeinfo>
        <onlink>http://dx.doi.org/10.5440/1236647</onlink>
        <origin>Cathy Wilson (cjw@lanl.gov)</origin>
        <origin>Dylan Harp (dharp@lanl.gov)</origin>
        <origin>Ethan Coon (ecoon@lanl.gov)</origin>
        <origin>Scott Painter (paintersl@ornl.gov)</origin>
        <origin>Joel Rowland (jrowland@lanl.gov)</origin>
        <origin>Adam Atchley (aatchley@lanl.gov)</origin>
        <origin>Vladimir Romanovsky (veromanovsky@alaska.edu)</origin>
        <pubdate>20160211</pubdate>
        <title>Effect of soil property uncertainties on permafrost thaw projections: a calibration-constrained analysis: Modeling Archive</title>
        <geoform>Model Inputs and Outputs</geoform>
        <pubinfo>
          <pubplace>Cryosphere</pubplace>
          <publish>European Geosciences Union</publish>
        </pubinfo>
      </citeinfo>
    </citation>
    <descript>
      <abstract>This Modeling Archive is in support of an NGEE Arctic publication available at doi:10.5194/tc-10-341-2016. &amp;#xD;
&amp;#xD;
This dataset contains an ensemble of thermal-hydro soil parameters including porosity, thermal conductivity, thermal conductivity shape parameters, and residual saturation of peat and mineral soil. The ensemble was generated using a Null-Space Monte Carlo analysis of parameter uncertainty based on a calibration to soil temperatures collected at the Barrow Environmental Observatory site by the NGEE team. The micro-topography of ice wedge polygons present at the site is included in the analysis using three 1D column models to represent polygon center, rim and trough features. The Arctic Terrestrial Simulator (ATS) was used in the calibration to model multiphase thermal and hydrological processes in the subsurface. doi:10.5440/1236647; http://dx.doi.org/10.5440/1236647</abstract>
      <purpose>Data were collected to analyze the effect of soil property uncertainties on permafrost thaw projections.</purpose>
    </descript>
    <status>
      <progress>complete</progress>
      <update>n/a</update>
    </status>
    <spdom>
      <descgeog>Barrow, Alaska</descgeog>
    </spdom>
    <keywords>
      <place>
        <placekey>Barrow, Alaska</placekey>
        <placekey>North Slope, Alaska</placekey>
      </place>
      <stratum>
        <stratkey>Cryosphere: Frozen ground (permafrost)</stratkey>
      </stratum>
      <theme>
        <themekt>Soil property uncertainty</themekt>
        <themekey>Permafrost projections</themekey>
        <themekey>Active layer thickness</themekey>
      </theme>
    </keywords>
    <accconst>public</accconst>
    <useconst>Data users should notify Dylan Harp (dharp@lanl.gov) before using these data.</useconst>
    <ptcontac>
      <cntinfo>
        <cntperp>
          <cntper>Dylan Harp</cntper>
          <cntorg>Los Alamos National Laboratory</cntorg>
        </cntperp>
        <cntaddr>
          <addrtype>mailing and physical</addrtype>
          <address>Bikini Atoll Rd.</address>
          <city>Los Alamos</city>
          <state>New Mexico</state>
          <postal>87545</postal>
          <country>USA</country>
        </cntaddr>
        <cntemail>dharp@lanl.gov</cntemail>
      </cntinfo>
    </ptcontac>
    <tool>
      <tooldesc>The Arctic Terrestrial Simulator (ATS) was used. ATS is an integrated thermal hydrological code developed specifically for Arctic permafrost applications. It implements modeling strategies using the multiphysics framework Arcos to manage model complexity in process rich simulations.</tooldesc>
      <toolcont>
        <cntinfo>
          <cntaddr>
            <addrtype>mailing and physical</addrtype>
          </cntaddr>
        </cntinfo>
      </toolcont>
    </tool>
  </idinfo>
  <dataqual>
    <logic>This paper is an uncertainty analysis of other peoples' data and assumes that QA/QC checks were performed on original data.</logic>
    <complete>NA</complete>
    <lineage>
      <method>
        <methtype>lab</methtype>
        <methdesc>Dataset was provided by NGEE team members.</methdesc>
      </method>
    </lineage>
  </dataqual>
  <distinfo>
    <distrib>
      <cntinfo>
        <cntperp>
          <cntper>Data Center Support</cntper>
          <cntorg>Next-Generation Ecosystem Experiments (NGEE) Arctic Project, Oak Ridge National Laboratory</cntorg>
        </cntperp>
        <cntaddr>
          <addrtype>mailing and physical</addrtype>
          <address>1 Bethel Valley Road</address>
          <city>Oak Ridge</city>
          <state>TN</state>
          <postal>37831-6290</postal>
          <country>USA</country>
        </cntaddr>
        <cntemail>support@ngee.ornl.gov</cntemail>
      </cntinfo>
    </distrib>
  </distinfo>
  <metainfo>
    <metd>20160504</metd>
    <metc>
      <cntinfo>
        <cntperp>
          <cntper>Elizabeth Miller</cntper>
          <cntorg>Los Alamos National Laboratory</cntorg>
        </cntperp>
        <cntaddr>
          <addrtype>mailing and physical</addrtype>
          <address>MS D452, Bikini Atoll Road</address>
          <city>Los Alamos</city>
          <state>New Mexico</state>
          <postal>87545</postal>
          <country>USA</country>
        </cntaddr>
        <cntvoice>5056651169</cntvoice>
        <cntemail>millerl@lanl.gov</cntemail>
      </cntinfo>
    </metc>
    <metstdn>FDGC Content Standard for Digital Geospatial Metadata and
			Biological Data Profile</metstdn>
    <metstdv>FDGC-STD-001-1998</metstdv>
  </metainfo>
  <ome>
    <modeltitle>&lt;h2&gt;&lt;strong&gt;Effect of soil property uncertainties on permafrost thaw projections: a calibration-constrained analysis: Modeling Archive&lt;/strong&gt;&lt;/h2&gt;&amp;#xD;
&lt;h3&gt;Modeling Archive Citation&lt;/h3&gt;&amp;#xD;
&lt;p&gt;D.R. Harp, A.L. Atchley, S.L. Painter, E.T. Coon, C.J. Wilson, V.E. Romanovsky, and J.C. Rowland. Effect of soil property uncertainties on permafrost thaw projections: a calibration-constrained analysis: Model Archive. 2016. Next Generation Ecosystem Experiments Arctic Data Collection, Carbon Dioxide Information Analysis Center, Oak Ridge National Laboratory, Oak Ridge, Tennessee, USA. Data set accessed at &lt;a href="http://dx.doi.org/10.5440/1236647"&gt;http://dx.doi.org/10.5440/1236647&lt;/a&gt;&amp;nbsp;&lt;/p&gt;&amp;#xD;
&lt;h3&gt;&lt;!-- [if gte mso 9]&gt;&lt;xml&gt;&amp;#xD;
 &lt;w:WordDocument&gt;&amp;#xD;
  &lt;w:View&gt;Normal&lt;/w:View&gt;&amp;#xD;
  &lt;w:Zoom&gt;0&lt;/w:Zoom&gt;&amp;#xD;
  &lt;w:TrackMoves/&gt;&amp;#xD;
  &lt;w:TrackFormatting/&gt;&amp;#xD;
  &lt;w:PunctuationKerning/&gt;&amp;#xD;
  &lt;w:ValidateAgainstSchemas/&gt;&amp;#xD;
  &lt;w:SaveIfXMLInvalid&gt;false&lt;/w:SaveIfXMLInvalid&gt;&amp;#xD;
  &lt;w:IgnoreMixedContent&gt;false&lt;/w:IgnoreMixedContent&gt;&amp;#xD;
  &lt;w:AlwaysShowPlaceholderText&gt;false&lt;/w:AlwaysShowPlaceholderText&gt;&amp;#xD;
  &lt;w:DoNotPromoteQF/&gt;&amp;#xD;
  &lt;w:LidThemeOther&gt;EN-US&lt;/w:LidThemeOther&gt;&amp;#xD;
  &lt;w:LidThemeAsian&gt;X-NONE&lt;/w:LidThemeAsian&gt;&amp;#xD;
  &lt;w:LidThemeComplexScript&gt;X-NONE&lt;/w:LidThemeComplexScript&gt;&amp;#xD;
  &lt;w:Compatibility&gt;&amp;#xD;
   &lt;w:BreakWrappedTables/&gt;&amp;#xD;
   &lt;w:SnapToGridInCell/&gt;&amp;#xD;
   &lt;w:WrapTextWithPunct/&gt;&amp;#xD;
   &lt;w:UseAsianBreakRules/&gt;&amp;#xD;
   &lt;w:DontGrowAutofit/&gt;&amp;#xD;
   &lt;w:SplitPgBreakAndParaMark/&gt;&amp;#xD;
   &lt;w:EnableOpenTypeKerning/&gt;&amp;#xD;
   &lt;w:DontFlipMirrorIndents/&gt;&amp;#xD;
   &lt;w:OverrideTableStyleHps/&gt;&amp;#xD;
  &lt;/w:Compatibility&gt;&amp;#xD;
  &lt;m:mathPr&gt;&amp;#xD;
   &lt;m:mathFont m:val="Cambria Math"/&gt;&amp;#xD;
   &lt;m:brkBin m:val="before"/&gt;&amp;#xD;
   &lt;m:brkBinSub m:val="&amp;#45;-"/&gt;&amp;#xD;
   &lt;m:smallFrac m:val="off"/&gt;&amp;#xD;
   &lt;m:dispDef/&gt;&amp;#xD;
   &lt;m:lMargin m:val="0"/&gt;&amp;#xD;
   &lt;m:rMargin m:val="0"/&gt;&amp;#xD;
   &lt;m:defJc m:val="centerGroup"/&gt;&amp;#xD;
   &lt;m:wrapIndent m:val="1440"/&gt;&amp;#xD;
   &lt;m:intLim m:val="subSup"/&gt;&amp;#xD;
   &lt;m:naryLim m:val="undOvr"/&gt;&amp;#xD;
  &lt;/m:mathPr&gt;&lt;/w:WordDocument&gt;&amp;#xD;
&lt;/xml&gt;&lt;![endif]--&gt;&lt;!-- [if gte mso 9]&gt;&lt;xml&gt;&amp;#xD;
 &lt;w:LatentStyles DefLockedState="false" DefUnhideWhenUsed="true"&amp;#xD;
  DefSemiHidden="true" DefQFormat="false" DefPriority="99"&amp;#xD;
  LatentStyleCount="267"&gt;&amp;#xD;
  &lt;w:LsdException Locked="false" Priority="0" SemiHidden="false"&amp;#xD;
   UnhideWhenUsed="false" QFormat="true" Name="Normal"/&gt;&amp;#xD;
  &lt;w:LsdException Locked="false" Priority="9" SemiHidden="false"&amp;#xD;
   UnhideWhenUsed="false" QFormat="true" Name="heading 1"/&gt;&amp;#xD;
  &lt;w:LsdException Locked="false" Priority="9" QFormat="true" Name="heading 2"/&gt;&amp;#xD;
  &lt;w:LsdException Locked="false" Priority="9" QFormat="true" Name="heading 3"/&gt;&amp;#xD;
  &lt;w:LsdException Locked="false" Priority="9" QFormat="true" Name="heading 4"/&gt;&amp;#xD;
  &lt;w:LsdException Locked="false" Priority="9" QFormat="true" Name="heading 5"/&gt;&amp;#xD;
  &lt;w:LsdException Locked="false" Priority="9" QFormat="true" Name="heading 6"/&gt;&amp;#xD;
  &lt;w:LsdException Locked="false" Priority="9" QFormat="true" Name="heading 7"/&gt;&amp;#xD;
  &lt;w:LsdException Locked="false" Priority="9" QFormat="true" Name="heading 8"/&gt;&amp;#xD;
  &lt;w:LsdException Locked="false" Priority="9" QFormat="true" Name="heading 9"/&gt;&amp;#xD;
  &lt;w:LsdException Locked="false" Priority="39" Name="toc 1"/&gt;&amp;#xD;
  &lt;w:LsdException Locked="false" Priority="39" Name="toc 2"/&gt;&amp;#xD;
  &lt;w:LsdException Locked="false" Priority="39" Name="toc 3"/&gt;&amp;#xD;
  &lt;w:LsdException Locked="false" Priority="39" Name="toc 4"/&gt;&amp;#xD;
  &lt;w:LsdException Locked="false" Priority="39" Name="toc 5"/&gt;&amp;#xD;
  &lt;w:LsdException Locked="false" Priority="39" Name="toc 6"/&gt;&amp;#xD;
  &lt;w:LsdException Locked="false" Priority="39" Name="toc 7"/&gt;&amp;#xD;
  &lt;w:LsdException Locked="false" Priority="39" Name="toc 8"/&gt;&amp;#xD;
  &lt;w:LsdException Locked="false" Priority="39" Name="toc 9"/&gt;&amp;#xD;
  &lt;w:LsdException Locked="false" Priority="35" QFormat="true" Name="caption"/&gt;&amp;#xD;
  &lt;w:LsdException Locked="false" Priority="10" SemiHidden="false"&amp;#xD;
   UnhideWhenUsed="false" QFormat="true" Name="Title"/&gt;&amp;#xD;
  &lt;w:LsdException Locked="false" Priority="1" Name="Default Paragraph Font"/&gt;&amp;#xD;
  &lt;w:LsdException Locked="false" Priority="11" SemiHidden="false"&amp;#xD;
   UnhideWhenUsed="false" QFormat="true" Name="Subtitle"/&gt;&amp;#xD;
  &lt;w:LsdException Locked="false" Priority="22" SemiHidden="false"&amp;#xD;
   UnhideWhenUsed="false" QFormat="true" Name="Strong"/&gt;&amp;#xD;
  &lt;w:LsdException Locked="false" Priority="20" SemiHidden="false"&amp;#xD;
   UnhideWhenUsed="false" QFormat="true" Name="Emphasis"/&gt;&amp;#xD;
  &lt;w:LsdException Locked="false" Priority="59" SemiHidden="false"&amp;#xD;
   UnhideWhenUsed="false" Name="Table Grid"/&gt;&amp;#xD;
  &lt;w:LsdException Locked="false" UnhideWhenUsed="false" Name="Placeholder Text"/&gt;&amp;#xD;
  &lt;w:LsdException Locked="false" Priority="1" SemiHidden="false"&amp;#xD;
   UnhideWhenUsed="false" QFormat="true" Name="No Spacing"/&gt;&amp;#xD;
  &lt;w:LsdException Locked="false" Priority="60" SemiHidden="false"&amp;#xD;
   UnhideWhenUsed="false" Name="Light Shading"/&gt;&amp;#xD;
  &lt;w:LsdException Locked="false" Priority="61" SemiHidden="false"&amp;#xD;
   UnhideWhenUsed="false" Name="Light List"/&gt;&amp;#xD;
  &lt;w:LsdException Locked="false" Priority="62" SemiHidden="false"&amp;#xD;
   UnhideWhenUsed="false" Name="Light Grid"/&gt;&amp;#xD;
  &lt;w:LsdException Locked="false" Priority="63" SemiHidden="false"&amp;#xD;
   UnhideWhenUsed="false" Name="Medium Shading 1"/&gt;&amp;#xD;
  &lt;w:LsdException Locked="false" Priority="64" SemiHidden="false"&amp;#xD;
   UnhideWhenUsed="false" Name="Medium Shading 2"/&gt;&amp;#xD;
  &lt;w:LsdException Locked="false" Priority="65" SemiHidden="false"&amp;#xD;
   UnhideWhenUsed="false" Name="Medium List 1"/&gt;&amp;#xD;
  &lt;w:LsdException Locked="false" Priority="66" SemiHidden="false"&amp;#xD;
   UnhideWhenUsed="false" Name="Medium List 2"/&gt;&amp;#xD;
  &lt;w:LsdException Locked="false" Priority="67" SemiHidden="false"&amp;#xD;
   UnhideWhenUsed="false" Name="Medium Grid 1"/&gt;&amp;#xD;
  &lt;w:LsdException Locked="false" Priority="68" SemiHidden="false"&amp;#xD;
   UnhideWhenUsed="false" Name="Medium Grid 2"/&gt;&amp;#xD;
  &lt;w:LsdException Locked="false" Priority="69" SemiHidden="false"&amp;#xD;
   UnhideWhenUsed="false" Name="Medium Grid 3"/&gt;&amp;#xD;
  &lt;w:LsdException Locked="false" Priority="70" SemiHidden="false"&amp;#xD;
   UnhideWhenUsed="false" Name="Dark List"/&gt;&amp;#xD;
  &lt;w:LsdException Locked="false" Priority="71" SemiHidden="false"&amp;#xD;
   UnhideWhenUsed="false" Name="Colorful Shading"/&gt;&amp;#xD;
  &lt;w:LsdException Locked="false" Priority="72" SemiHidden="false"&amp;#xD;
   UnhideWhenUsed="false" Name="Colorful List"/&gt;&amp;#xD;
  &lt;w:LsdException Locked="false" Priority="73" SemiHidden="false"&amp;#xD;
   UnhideWhenUsed="false" Name="Colorful Grid"/&gt;&amp;#xD;
  &lt;w:LsdException Locked="false" Priority="60" SemiHidden="false"&amp;#xD;
   UnhideWhenUsed="false" Name="Light Shading Accent 1"/&gt;&amp;#xD;
  &lt;w:LsdException Locked="false" Priority="61" SemiHidden="false"&amp;#xD;
   UnhideWhenUsed="false" Name="Light List Accent 1"/&gt;&amp;#xD;
  &lt;w:LsdException Locked="false" Priority="62" SemiHidden="false"&amp;#xD;
   UnhideWhenUsed="false" Name="Light Grid Accent 1"/&gt;&amp;#xD;
  &lt;w:LsdException Locked="false" Priority="63" SemiHidden="false"&amp;#xD;
   UnhideWhenUsed="false" Name="Medium Shading 1 Accent 1"/&gt;&amp;#xD;
  &lt;w:LsdException Locked="false" Priority="64" SemiHidden="false"&amp;#xD;
   UnhideWhenUsed="false" Name="Medium Shading 2 Accent 1"/&gt;&amp;#xD;
  &lt;w:LsdException Locked="false" Priority="65" SemiHidden="false"&amp;#xD;
   UnhideWhenUsed="false" Name="Medium List 1 Accent 1"/&gt;&amp;#xD;
  &lt;w:LsdException Locked="false" UnhideWhenUsed="false" Name="Revision"/&gt;&amp;#xD;
  &lt;w:LsdException Locked="false" Priority="34" SemiHidden="false"&amp;#xD;
   UnhideWhenUsed="false" QFormat="true" Name="List Paragraph"/&gt;&amp;#xD;
  &lt;w:LsdException Locked="false" Priority="29" SemiHidden="false"&amp;#xD;
   UnhideWhenUsed="false" QFormat="true" Name="Quote"/&gt;&amp;#xD;
  &lt;w:LsdException Locked="false" Priority="30" SemiHidden="false"&amp;#xD;
   UnhideWhenUsed="false" QFormat="true" Name="Intense Quote"/&gt;&amp;#xD;
  &lt;w:LsdException Locked="false" Priority="66" SemiHidden="false"&amp;#xD;
   UnhideWhenUsed="false" Name="Medium List 2 Accent 1"/&gt;&amp;#xD;
  &lt;w:LsdException Locked="false" Priority="67" SemiHidden="false"&amp;#xD;
   UnhideWhenUsed="false" Name="Medium Grid 1 Accent 1"/&gt;&amp;#xD;
  &lt;w:LsdException Locked="false" Priority="68" SemiHidden="false"&amp;#xD;
   UnhideWhenUsed="false" Name="Medium Grid 2 Accent 1"/&gt;&amp;#xD;
  &lt;w:LsdException Locked="false" Priority="69" SemiHidden="false"&amp;#xD;
   UnhideWhenUsed="false" Name="Medium Grid 3 Accent 1"/&gt;&amp;#xD;
  &lt;w:LsdException Locked="false" Priority="70" SemiHidden="false"&amp;#xD;
   UnhideWhenUsed="false" Name="Dark List Accent 1"/&gt;&amp;#xD;
  &lt;w:LsdException Locked="false" Priority="71" SemiHidden="false"&amp;#xD;
   UnhideWhenUsed="false" Name="Colorful Shading Accent 1"/&gt;&amp;#xD;
  &lt;w:LsdException Locked="false" Priority="72" SemiHidden="false"&amp;#xD;
   UnhideWhenUsed="false" Name="Colorful List Accent 1"/&gt;&amp;#xD;
  &lt;w:LsdException Locked="false" Priority="73" SemiHidden="false"&amp;#xD;
   UnhideWhenUsed="false" Name="Colorful Grid Accent 1"/&gt;&amp;#xD;
  &lt;w:LsdException Locked="false" Priority="60" SemiHidden="false"&amp;#xD;
   UnhideWhenUsed="false" Name="Light Shading Accent 2"/&gt;&amp;#xD;
  &lt;w:LsdException Locked="false" Priority="61" SemiHidden="false"&amp;#xD;
   UnhideWhenUsed="false" Name="Light List Accent 2"/&gt;&amp;#xD;
  &lt;w:LsdException Locked="false" Priority="62" SemiHidden="false"&amp;#xD;
   UnhideWhenUsed="false" Name="Light Grid Accent 2"/&gt;&amp;#xD;
  &lt;w:LsdException Locked="false" Priority="63" SemiHidden="false"&amp;#xD;
   UnhideWhenUsed="false" Name="Medium Shading 1 Accent 2"/&gt;&amp;#xD;
  &lt;w:LsdException Locked="false" Priority="64" SemiHidden="false"&amp;#xD;
   UnhideWhenUsed="false" Name="Medium Shading 2 Accent 2"/&gt;&amp;#xD;
  &lt;w:LsdException Locked="false" Priority="65" SemiHidden="false"&amp;#xD;
   UnhideWhenUsed="false" Name="Medium List 1 Accent 2"/&gt;&amp;#xD;
  &lt;w:LsdException Locked="false" Priority="66" SemiHidden="false"&amp;#xD;
   UnhideWhenUsed="false" Name="Medium List 2 Accent 2"/&gt;&amp;#xD;
  &lt;w:LsdException Locked="false" Priority="67" SemiHidden="false"&amp;#xD;
   UnhideWhenUsed="false" Name="Medium Grid 1 Accent 2"/&gt;&amp;#xD;
  &lt;w:LsdException Locked="false" Priority="68" SemiHidden="false"&amp;#xD;
   UnhideWhenUsed="false" Name="Medium Grid 2 Accent 2"/&gt;&amp;#xD;
  &lt;w:LsdException Locked="false" Priority="69" SemiHidden="false"&amp;#xD;
   UnhideWhenUsed="false" Name="Medium Grid 3 Accent 2"/&gt;&amp;#xD;
  &lt;w:LsdException Locked="false" Priority="70" SemiHidden="false"&amp;#xD;
   UnhideWhenUsed="false" Name="Dark List Accent 2"/&gt;&amp;#xD;
  &lt;w:LsdException Locked="false" Priority="71" SemiHidden="false"&amp;#xD;
   UnhideWhenUsed="false" Name="Colorful Shading Accent 2"/&gt;&amp;#xD;
  &lt;w:LsdException Locked="false" Priority="72" SemiHidden="false"&amp;#xD;
   UnhideWhenUsed="false" Name="Colorful List Accent 2"/&gt;&amp;#xD;
  &lt;w:LsdException Locked="false" Priority="73" SemiHidden="false"&amp;#xD;
   UnhideWhenUsed="false" Name="Colorful Grid Accent 2"/&gt;&amp;#xD;
  &lt;w:LsdException Locked="false" Priority="60" SemiHidden="false"&amp;#xD;
   UnhideWhenUsed="false" Name="Light Shading Accent 3"/&gt;&amp;#xD;
  &lt;w:LsdException Locked="false" Priority="61" SemiHidden="false"&amp;#xD;
   UnhideWhenUsed="false" Name="Light List Accent 3"/&gt;&amp;#xD;
  &lt;w:LsdException Locked="false" Priority="62" SemiHidden="false"&amp;#xD;
   UnhideWhenUsed="false" Name="Light Grid Accent 3"/&gt;&amp;#xD;
  &lt;w:LsdException Locked="false" Priority="63" SemiHidden="false"&amp;#xD;
   UnhideWhenUsed="false" Name="Medium Shading 1 Accent 3"/&gt;&amp;#xD;
  &lt;w:LsdException Locked="false" Priority="64" SemiHidden="false"&amp;#xD;
   UnhideWhenUsed="false" Name="Medium Shading 2 Accent 3"/&gt;&amp;#xD;
  &lt;w:LsdException Locked="false" Priority="65" SemiHidden="false"&amp;#xD;
   UnhideWhenUsed="false" Name="Medium List 1 Accent 3"/&gt;&amp;#xD;
  &lt;w:LsdException Locked="false" Priority="66" SemiHidden="false"&amp;#xD;
   UnhideWhenUsed="false" Name="Medium List 2 Accent 3"/&gt;&amp;#xD;
  &lt;w:LsdException Locked="false" Priority="67" SemiHidden="false"&amp;#xD;
   UnhideWhenUsed="false" Name="Medium Grid 1 Accent 3"/&gt;&amp;#xD;
  &lt;w:LsdException Locked="false" Priority="68" SemiHidden="false"&amp;#xD;
   UnhideWhenUsed="false" Name="Medium Grid 2 Accent 3"/&gt;&amp;#xD;
  &lt;w:LsdException Locked="false" Priority="69" SemiHidden="false"&amp;#xD;
   UnhideWhenUsed="false" Name="Medium Grid 3 Accent 3"/&gt;&amp;#xD;
  &lt;w:LsdException Locked="false" Priority="70" SemiHidden="false"&amp;#xD;
   UnhideWhenUsed="false" Name="Dark List Accent 3"/&gt;&amp;#xD;
  &lt;w:LsdException Locked="false" Priority="71" SemiHidden="false"&amp;#xD;
   UnhideWhenUsed="false" Name="Colorful Shading Accent 3"/&gt;&amp;#xD;
  &lt;w:LsdException Locked="false" Priority="72" SemiHidden="false"&amp;#xD;
   UnhideWhenUsed="false" Name="Colorful List Accent 3"/&gt;&amp;#xD;
  &lt;w:LsdException Locked="false" Priority="73" SemiHidden="false"&amp;#xD;
   UnhideWhenUsed="false" Name="Colorful Grid Accent 3"/&gt;&amp;#xD;
  &lt;w:LsdException Locked="false" Priority="60" SemiHidden="false"&amp;#xD;
   UnhideWhenUsed="false" Name="Light Shading Accent 4"/&gt;&amp;#xD;
  &lt;w:LsdException Locked="false" Priority="61" SemiHidden="false"&amp;#xD;
   UnhideWhenUsed="false" Name="Light List Accent 4"/&gt;&amp;#xD;
  &lt;w:LsdException Locked="false" Priority="62" SemiHidden="false"&amp;#xD;
   UnhideWhenUsed="false" Name="Light Grid Accent 4"/&gt;&amp;#xD;
  &lt;w:LsdException Locked="false" Priority="63" SemiHidden="false"&amp;#xD;
   UnhideWhenUsed="false" Name="Medium Shading 1 Accent 4"/&gt;&amp;#xD;
  &lt;w:LsdException Locked="false" Priority="64" SemiHidden="false"&amp;#xD;
   UnhideWhenUsed="false" Name="Medium Shading 2 Accent 4"/&gt;&amp;#xD;
  &lt;w:LsdException Locked="false" Priority="65" SemiHidden="false"&amp;#xD;
   UnhideWhenUsed="false" Name="Medium List 1 Accent 4"/&gt;&amp;#xD;
  &lt;w:LsdException Locked="false" Priority="66" SemiHidden="false"&amp;#xD;
   UnhideWhenUsed="false" Name="Medium List 2 Accent 4"/&gt;&amp;#xD;
  &lt;w:LsdException Locked="false" Priority="67" SemiHidden="false"&amp;#xD;
   UnhideWhenUsed="false" Name="Medium Grid 1 Accent 4"/&gt;&amp;#xD;
  &lt;w:LsdException Locked="false" Priority="68" SemiHidden="false"&amp;#xD;
   UnhideWhenUsed="false" Name="Medium Grid 2 Accent 4"/&gt;&amp;#xD;
  &lt;w:LsdException Locked="false" Priority="69" SemiHidden="false"&amp;#xD;
   UnhideWhenUsed="false" Name="Medium Grid 3 Accent 4"/&gt;&amp;#xD;
  &lt;w:LsdException Locked="false" Priority="70" SemiHidden="false"&amp;#xD;
   UnhideWhenUsed="false" Name="Dark List Accent 4"/&gt;&amp;#xD;
  &lt;w:LsdException Locked="false" Priority="71" SemiHidden="false"&amp;#xD;
   UnhideWhenUsed="false" Name="Colorful Shading Accent 4"/&gt;&amp;#xD;
  &lt;w:LsdException Locked="false" Priority="72" SemiHidden="false"&amp;#xD;
   UnhideWhenUsed="false" Name="Colorful List Accent 4"/&gt;&amp;#xD;
  &lt;w:LsdException Locked="false" Priority="73" SemiHidden="false"&amp;#xD;
   UnhideWhenUsed="false" Name="Colorful Grid Accent 4"/&gt;&amp;#xD;
  &lt;w:LsdException Locked="false" Priority="60" SemiHidden="false"&amp;#xD;
   UnhideWhenUsed="false" Name="Light Shading Accent 5"/&gt;&amp;#xD;
  &lt;w:LsdException Locked="false" Priority="61" SemiHidden="false"&amp;#xD;
   UnhideWhenUsed="false" Name="Light List Accent 5"/&gt;&amp;#xD;
  &lt;w:LsdException Locked="false" Priority="62" SemiHidden="false"&amp;#xD;
   UnhideWhenUsed="false" Name="Light Grid Accent 5"/&gt;&amp;#xD;
  &lt;w:LsdException Locked="false" Priority="63" SemiHidden="false"&amp;#xD;
   UnhideWhenUsed="false" Name="Medium Shading 1 Accent 5"/&gt;&amp;#xD;
  &lt;w:LsdException Locked="false" Priority="64" SemiHidden="false"&amp;#xD;
   UnhideWhenUsed="false" Name="Medium Shading 2 Accent 5"/&gt;&amp;#xD;
  &lt;w:LsdException Locked="false" Priority="65" SemiHidden="false"&amp;#xD;
   UnhideWhenUsed="false" Name="Medium List 1 Accent 5"/&gt;&amp;#xD;
  &lt;w:LsdException Locked="false" Priority="66" SemiHidden="false"&amp;#xD;
   UnhideWhenUsed="false" Name="Medium List 2 Accent 5"/&gt;&amp;#xD;
  &lt;w:LsdException Locked="false" Priority="67" SemiHidden="false"&amp;#xD;
   UnhideWhenUsed="false" Name="Medium Grid 1 Accent 5"/&gt;&amp;#xD;
  &lt;w:LsdException Locked="false" Priority="68" SemiHidden="false"&amp;#xD;
   UnhideWhenUsed="false" Name="Medium Grid 2 Accent 5"/&gt;&amp;#xD;
  &lt;w:LsdException Locked="false" Priority="69" SemiHidden="false"&amp;#xD;
   UnhideWhenUsed="false" Name="Medium Grid 3 Accent 5"/&gt;&amp;#xD;
  &lt;w:LsdException Locked="false" Priority="70" SemiHidden="false"&amp;#xD;
   UnhideWhenUsed="false" Name="Dark List Accent 5"/&gt;&amp;#xD;
  &lt;w:LsdException Locked="false" Priority="71" SemiHidden="false"&amp;#xD;
   UnhideWhenUsed="false" Name="Colorful Shading Accent 5"/&gt;&amp;#xD;
  &lt;w:LsdException Locked="false" Priority="72" SemiHidden="false"&amp;#xD;
   UnhideWhenUsed="false" Name="Colorful List Accent 5"/&gt;&amp;#xD;
  &lt;w:LsdException Locked="false" Priority="73" SemiHidden="false"&amp;#xD;
   UnhideWhenUsed="false" Name="Colorful Grid Accent 5"/&gt;&amp;#xD;
  &lt;w:LsdException Locked="false" Priority="60" SemiHidden="false"&amp;#xD;
   UnhideWhenUsed="false" Name="Light Shading Accent 6"/&gt;&amp;#xD;
  &lt;w:LsdException Locked="false" Priority="61" SemiHidden="false"&amp;#xD;
   UnhideWhenUsed="false" Name="Light List Accent 6"/&gt;&amp;#xD;
  &lt;w:LsdException Locked="false" Priority="62" SemiHidden="false"&amp;#xD;
   UnhideWhenUsed="false" Name="Light Grid Accent 6"/&gt;&amp;#xD;
  &lt;w:LsdException Locked="false" Priority="63" SemiHidden="false"&amp;#xD;
   UnhideWhenUsed="false" Name="Medium Shading 1 Accent 6"/&gt;&amp;#xD;
  &lt;w:LsdException Locked="false" Priority="64" SemiHidden="false"&amp;#xD;
   UnhideWhenUsed="false" Name="Medium Shading 2 Accent 6"/&gt;&amp;#xD;
  &lt;w:LsdException Locked="false" Priority="65" SemiHidden="false"&amp;#xD;
   UnhideWhenUsed="false" Name="Medium List 1 Accent 6"/&gt;&amp;#xD;
  &lt;w:LsdException Locked="false" Priority="66" SemiHidden="false"&amp;#xD;
   UnhideWhenUsed="false" Name="Medium List 2 Accent 6"/&gt;&amp;#xD;
  &lt;w:LsdException Locked="false" Priority="67" SemiHidden="false"&amp;#xD;
   UnhideWhenUsed="false" Name="Medium Grid 1 Accent 6"/&gt;&amp;#xD;
  &lt;w:LsdException Locked="false" Priority="68" SemiHidden="false"&amp;#xD;
   UnhideWhenUsed="false" Name="Medium Grid 2 Accent 6"/&gt;&amp;#xD;
  &lt;w:LsdException Locked="false" Priority="69" SemiHidden="false"&amp;#xD;
   UnhideWhenUsed="false" Name="Medium Grid 3 Accent 6"/&gt;&amp;#xD;
  &lt;w:LsdException Locked="false" Priority="70" SemiHidden="false"&amp;#xD;
   UnhideWhenUsed="false" Name="Dark List Accent 6"/&gt;&amp;#xD;
  &lt;w:LsdException Locked="false" Priority="71" SemiHidden="false"&amp;#xD;
   UnhideWhenUsed="false" Name="Colorful Shading Accent 6"/&gt;&amp;#xD;
  &lt;w:LsdException Locked="false" Priority="72" SemiHidden="false"&amp;#xD;
   UnhideWhenUsed="false" Name="Colorful List Accent 6"/&gt;&amp;#xD;
  &lt;w:LsdException Locked="false" Priority="73" SemiHidden="false"&amp;#xD;
   UnhideWhenUsed="false" Name="Colorful Grid Accent 6"/&gt;&amp;#xD;
  &lt;w:LsdException Locked="false" Priority="19" SemiHidden="false"&amp;#xD;
   UnhideWhenUsed="false" QFormat="true" Name="Subtle Emphasis"/&gt;&amp;#xD;
  &lt;w:LsdException Locked="false" Priority="21" SemiHidden="false"&amp;#xD;
   UnhideWhenUsed="false" QFormat="true" Name="Intense Emphasis"/&gt;&amp;#xD;
  &lt;w:LsdException Locked="false" Priority="31" SemiHidden="false"&amp;#xD;
   UnhideWhenUsed="false" QFormat="true" Name="Subtle Reference"/&gt;&amp;#xD;
  &lt;w:LsdException Locked="false" Priority="32" SemiHidden="false"&amp;#xD;
   UnhideWhenUsed="false" QFormat="true" Name="Intense Reference"/&gt;&amp;#xD;
  &lt;w:LsdException Locked="false" Priority="33" SemiHidden="false"&amp;#xD;
   UnhideWhenUsed="false" QFormat="true" Name="Book Title"/&gt;&amp;#xD;
  &lt;w:LsdException Locked="false" Priority="37" Name="Bibliography"/&gt;&amp;#xD;
  &lt;w:LsdException Locked="false" Priority="39" QFormat="true" Name="TOC Heading"/&gt;&amp;#xD;
 &lt;/w:LatentStyles&gt;&amp;#xD;
&lt;/xml&gt;&lt;![endif]--&gt;Abstract&lt;/h3&gt;&amp;#xD;
&lt;p&gt;This Modeling Archive is in support of an NGEE Arctic publication available at &lt;a href="http://www.the-cryosphere.net/10/341/2016/"&gt;doi:10.5194/tc-10-341-2016&lt;/a&gt;.&lt;/p&gt;&amp;#xD;
&lt;p&gt;This dataset contains an ensemble of thermal-hydro soil parameters including porosity, thermal conductivity, thermal conductivity shape parameters, and residual saturation of peat and mineral soil. The ensemble was generated using a Null-Space Monte Carlo analysis of parameter uncertainty based on a calibration to soil temperatures collected at the Barrow Environmental Observatory site by the NGEE team. The micro-topography of ice wedge polygons present at the site is included in the analysis using three 1D column models to represent polygon center, rim and trough features. The Arctic Terrestrial Simulator (ATS) was used in the calibration to model multiphase thermal and hydrological processes in the subsurface.&lt;/p&gt;&amp;#xD;
&lt;h3&gt;Related NGEE Arctic Publication Citation&lt;/h3&gt;&amp;#xD;
&lt;p&gt;This Modeling Archive is provided in support of the following paper. Please cite this paper in addition to the modeling archive for full attribution of the modeling endeavour.&lt;/p&gt;&amp;#xD;
&lt;p&gt;D.R. Harp, A.L. Atchley, S.L. Painter, E.T. Coon, C.J. Wilson, V.E. Romanovsky, and J.C. Rowland. 2016. Effect of soil property uncertainties on permafrost thaw projections: a calibration-constrained analysis. &lt;a href="http://www.the-cryosphere.net/10/341/2016/"&gt;doi:10.5194/tc-10-341-2016&lt;/a&gt;&lt;/p&gt;&amp;#xD;
&lt;h3&gt;&amp;nbsp;&lt;/h3&gt;&amp;#xD;
&lt;h3&gt;Modeling Archive Contents&lt;/h3&gt;</modeltitle>
    <modelcode>&lt;p&gt;Hydrothermal simulator: Arctic Terrestrial Simulator (ATS v0.83) (Contact: Ethan Coon; &lt;a href="mailto:ecoon@lanl.gov?subject=ATS"&gt;ecoon@lanl.gov&lt;/a&gt;)&lt;/p&gt;</modelcode>
    <modeldatafiles>&lt;p&gt;Based on a calibration to soil temperatures collected at the Barrow Environmental Observatory site by the NGEE team&lt;/p&gt;</modeldatafiles>
    <modelparams>&lt;p&gt;Coupled calibration results from &lt;a href="http://www.geosci-model-dev.net/8/2701/2015/gmd-8-2701-2015.html"&gt;Atchley et al (2015)&lt;/a&gt;:&lt;/p&gt;&amp;#xD;
&lt;ol&gt;&amp;#xD;
&lt;li&gt;&lt;a href="ftp://ngee.ornl.gov/data/outgoing/MA_effects_soil_prop_uncert_permafrost_thaw_proj/data/Control_calib01.pst_.txt"&gt;PEST control file&lt;/a&gt;&lt;/li&gt;&amp;#xD;
&lt;li&gt;&lt;a href="tp://ngee.ornl.gov/data/outgoing/MA_effects_soil_prop_uncert_permafrost_thaw_proj/data/Control_calib01.par_.txt"&gt;PEST par file&lt;/a&gt;&lt;/li&gt;&amp;#xD;
&lt;/ol&gt;&amp;#xD;
&lt;p&gt;We used PEST command line utilities &lt;em&gt;supcalc&lt;/em&gt;, &lt;em&gt;randpar&lt;/em&gt;, and &lt;em&gt;pnulpar&lt;/em&gt; to generate 20,000 null space parameter combinations choosing the smallest 5 eigenvalues to define the null space.&lt;/p&gt;&amp;#xD;
&lt;p&gt;The results of the PEST super parameter analysis are:&lt;/p&gt;&amp;#xD;
&lt;p&gt;&lt;a href="ftp://ngee.ornl.gov/data/outgoing/MA_effects_soil_prop_uncert_permafrost_thaw_proj/data/Control_calib01.supcalc.txt"&gt;PEST supcalc file&lt;/a&gt;&lt;/p&gt;&amp;#xD;
&lt;p&gt;Out of the 20,000 null space parameter combinations, 1153 parameter combinations were within parameter bounds. The other parameter combinations were discarded.&lt;/p&gt;</modelparams>
    <modelinit>&lt;p&gt;&amp;nbsp;&lt;/p&gt;&amp;#xD;
&lt;p&gt;These are all required files for running ATS. The xml is the ATS template run file used, the CESM8_5*h5 files contain atmospheric boundary conditions, and checkpoint05994.h5 contains the initial conditions:&lt;/p&gt;&amp;#xD;
&lt;p style="padding-left: 30px;"&gt;&lt;a href="ftp://ngee.ornl.gov/data/outgoing/MA_effects_soil_prop_uncert_permafrost_thaw_proj/data/CESM8_5ForcingV3.h5.txt"&gt;CESM8_5ForcingV3.h5&lt;/a&gt;&lt;/p&gt;&amp;#xD;
&lt;p style="padding-left: 30px;"&gt;&lt;a href="ftp://ngee.ornl.gov/data/outgoing/MA_effects_soil_prop_uncert_permafrost_thaw_proj/data/CESM8_5-implicit.xml_.txt"&gt;CESM8_5-implicit.xml&lt;/a&gt;&lt;/p&gt;&amp;#xD;
&lt;p style="padding-left: 30px;"&gt;&lt;a href="ftp://ngee.ornl.gov/data/outgoing/MA_effects_soil_prop_uncert_permafrost_thaw_proj/data/CESM8_5Windspeed.h5.txt"&gt;CESM8_5Windspeed.h5&lt;/a&gt;&lt;/p&gt;&amp;#xD;
&lt;p style="padding-left: 30px;"&gt;&lt;a href="ftp://ngee.ornl.gov/data/outgoing/MA_effects_soil_prop_uncert_permafrost_thaw_proj/data/checkpoint05994.h5.txt"&gt;checkpoint05994.h5&lt;/a&gt;&lt;/p&gt;&amp;#xD;
&lt;p&gt;&amp;nbsp;&lt;/p&gt;</modelinit>
    <modelpostprocess>&lt;p&gt;Model Analysis (Calibration and Null Space Monte Carlo): &lt;a href="http://www.pesthomepage.org"&gt;PEST&lt;/a&gt;&lt;/p&gt;&amp;#xD;
&lt;p&gt;Model Analysis (Concurrent job execution): &lt;a href="http://matk.lanl.gov"&gt;MATK&lt;/a&gt;&lt;/p&gt;</modelpostprocess>
    <modelpubs>&lt;p&gt;This &lt;a href="ftp://ngee.ornl.gov/data/outgoing/MA_effects_soil_prop_uncert_permafrost_thaw_proj/data/create_sampleset.py_.txt"&gt;script&lt;/a&gt; collects the 1153 parameter combinations into this&amp;nbsp;&lt;a href="ftp://ngee.ornl.gov/data/outgoing/MA_effects_soil_prop_uncert_permafrost_thaw_proj/data/sampleset_4080.matk_.txt"&gt;MATK file&lt;/a&gt; and plots the following histograms (&lt;a href="ftp://ngee.ornl.gov/data/outgoing/MA_effects_soil_prop_uncert_permafrost_thaw_proj/data/nsmc_param_hists_4080.pdf"&gt;Figure 1&lt;/a&gt;) and paired plots (&lt;a href="ftp://ngee.ornl.gov/data/outgoing/MA_effects_soil_prop_uncert_permafrost_thaw_proj/data/nsmc_paired_inputs_4080.pdf"&gt;Figure 2&lt;/a&gt;).&lt;/p&gt;&amp;#xD;
&lt;p&gt;This &lt;a href="ftp://ngee.ornl.gov/data/outgoing/MA_effects_soil_prop_uncert_permafrost_thaw_proj/data/plot_ts_ensemble_rev4.py_.txt"&gt;script&lt;/a&gt;&amp;nbsp;performs postprocessing of 2013 calibration and 2014 evaluation results and plots the following time series for simulated and measured borehole temperatures for the 2013 calibration and the 2014 evaluation (&lt;a href="ftp://ngee.ornl.gov/data/outgoing/MA_effects_soil_prop_uncert_permafrost_thaw_proj/data/pnulpar__4080_wds_40cm_ts.pdf"&gt;Figure 3&lt;/a&gt;):&lt;/p&gt;&amp;#xD;
&lt;p&gt;The following scripts are used to postprocess the Null Space Monte Carlo ATS simulations for further analysis and plotting:&lt;/p&gt;&amp;#xD;
&lt;ol&gt;&amp;#xD;
&lt;ol&gt;&amp;#xD;
&lt;ol&gt;&amp;#xD;
&lt;li&gt;&lt;a href="ftp://ngee.ornl.gov/data/outgoing/MA_effects_soil_prop_uncert_permafrost_thaw_proj/data/process_and_sort1D.py_.txt"&gt;process_and_sort1D.py&lt;/a&gt;&amp;nbsp;- This script processes ATS simulation visualization output into depth sorted variables. This script requires the parse_xmf Python module available in the utils directory of the ATS code repository.&lt;/li&gt;&amp;#xD;
&lt;li&gt;&lt;a href="ftp://ngee.ornl.gov/data/outgoing/MA_effects_soil_prop_uncert_permafrost_thaw_proj/data/calc_alt_year_lcl.py_.txt"&gt;calc_alt.py&lt;/a&gt; - This script calls process_and_sort1D.py and calculates ALT and volume-averaged liquid saturation at the time of ALT.&lt;/li&gt;&amp;#xD;
&lt;li&gt;&lt;a href="ftp://ngee.ornl.gov/data/outgoing/MA_effects_soil_prop_uncert_permafrost_thaw_proj/data/collect_depth_profiles.py_.txt"&gt;collect_depth_profiles.py&lt;/a&gt; - This script collects ATS simulation output variables for the entire column depth at the time of ALT for one year.&lt;/li&gt;&amp;#xD;
&lt;li&gt;&lt;a href="ftp://ngee.ornl.gov/data/outgoing/MA_effects_soil_prop_uncert_permafrost_thaw_proj/data/stefan01.py_.txt"&gt;stefan01.py&lt;/a&gt; - This script performs the numerical integration of the Stefan number (Equation 5) for one year.&lt;/li&gt;&amp;#xD;
&lt;li&gt;&lt;a href="ftp://ngee.ornl.gov/data/outgoing/MA_effects_soil_prop_uncert_permafrost_thaw_proj/data/stefan_climate.py_.txt"&gt;stefan_climate.py&lt;/a&gt; performs the same function as stefan01.py but operates on climate model output.&lt;/li&gt;&amp;#xD;
&lt;/ol&gt;&amp;#xD;
&lt;/ol&gt;&amp;#xD;
&lt;/ol&gt;&amp;#xD;
&lt;p&gt;This &lt;a href="ftp://ngee.ornl.gov/data/outgoing/MA_effects_soil_prop_uncert_permafrost_thaw_proj/data/nsmc_boxplots.py_.txt"&gt;script&lt;/a&gt; generates the following boxplots of permafrost metric projections (&lt;a href="ftp://ngee.ornl.gov/data/outgoing/MA_effects_soil_prop_uncert_permafrost_thaw_proj/data/boxplots.pdf"&gt;Figure 4&lt;/a&gt;).&lt;/p&gt;&amp;#xD;
&lt;p&gt;This &lt;a href="ftp://ngee.ornl.gov/data/outgoing/MA_effects_soil_prop_uncert_permafrost_thaw_proj/data/plot_alt_ts.py_.txt"&gt;script&lt;/a&gt; plots time series of projected thaw depth and its 95% confidence band along with projected air temperuture and snow depth (&lt;a href="ftp://ngee.ornl.gov/data/outgoing/MA_effects_soil_prop_uncert_permafrost_thaw_proj/data/snow_depth_ts.pdf"&gt;Figure 5&lt;/a&gt;).&lt;/p&gt;&amp;#xD;
&lt;p&gt;This &lt;a href="ftp://ngee.ornl.gov/data/outgoing/MA_effects_soil_prop_uncert_permafrost_thaw_proj/data/plot_depth_profiles.py_.txt"&gt;script&lt;/a&gt;&amp;nbsp;performs statistical analysis and plots depth profiles of ensemble ATS simulation results at the time of ALT (&lt;a href="ftp://ngee.ornl.gov/data/outgoing/MA_effects_soil_prop_uncert_permafrost_thaw_proj/data/temp_profiles95.pdf"&gt;Figures 6&lt;/a&gt; and &lt;a href="ftp://ngee.ornl.gov/data/outgoing/MA_effects_soil_prop_uncert_permafrost_thaw_proj/data/stats.pdf"&gt;Figure 7&lt;/a&gt;).&lt;/p&gt;&amp;#xD;
&lt;p&gt;This &lt;a href="ftp://ngee.ornl.gov/data/outgoing/MA_effects_soil_prop_uncert_permafrost_thaw_proj/data/climate_soil_plot.py_.txt"&gt;script&lt;/a&gt; uses output generated by stefan01.py and stefan_climate.py to calculate soil property vs climate model uncertainty statistical analyses and plots the results (&lt;a href="ftp://ngee.ornl.gov/data/outgoing/MA_effects_soil_prop_uncert_permafrost_thaw_proj/data/climate.pdf"&gt;Figure 8&lt;/a&gt;).&lt;/p&gt;&amp;#xD;
&lt;p&gt;This &lt;a href="ftp://ngee.ornl.gov/data/outgoing/MA_effects_soil_prop_uncert_permafrost_thaw_proj/data/corrs.py_.txt"&gt;script&lt;/a&gt; performs ordinary least squares analyses of input parameters versus permafrost metrics and generates output for Table 2 and &lt;a href="ftp://ngee.ornl.gov/data/outgoing/MA_effects_soil_prop_uncert_permafrost_thaw_proj/data/scatter_z.pdf"&gt;Figure 9&lt;/a&gt;, &lt;a href="ftp://ngee.ornl.gov/data/outgoing/MA_effects_soil_prop_uncert_permafrost_thaw_proj/data/scatter_depthtime.pdf"&gt;Figure 10&lt;/a&gt;, &lt;a href="ftp://ngee.ornl.gov/data/outgoing/MA_effects_soil_prop_uncert_permafrost_thaw_proj/data/scatter_Slbar.pdf"&gt;Figure 11&lt;/a&gt;, and &lt;a href="ftp://ngee.ornl.gov/data/outgoing/MA_effects_soil_prop_uncert_permafrost_thaw_proj/data/scatter_stefan.pdf"&gt;Figure 12&lt;/a&gt;.&lt;/p&gt;&amp;#xD;
&lt;p&gt;&amp;nbsp;&lt;/p&gt;&amp;#xD;
&lt;p&gt;See associated csv file for &lt;a href="ftp://ngee.ornl.gov/data/outgoing/MA_effects_soil_prop_uncert_permafrost_thaw_proj/data/NGEE_Thermo_Hydro_Soil_Parameters_Barrow_Environmental_Observatory_Alaska_2014.csv"&gt;ensemble of thermal-hydro soil parameters&lt;/a&gt; and the file &lt;a href="ftp://ngee.ornl.gov/data/outgoing/MA_effects_soil_prop_uncert_permafrost_thaw_proj/documentation/data_dictionary_NGEE_Thermo_Hydro_Soil_Parameters.pdf"&gt;data dictionary&lt;/a&gt;.&lt;/p&gt;</modelpubs>
    <ome_status>draft</ome_status>
    <taskname>FM</taskname>
  </ome>
</metadata>
