<?xml version="1.0"?>
<metadata xmlns="http://www.fgdc.gov/metadata/csdgm" xmlns:csdgm="http://www.fgdc.gov/metadata/csdgm"><Source>ftp://ngee.ornl.gov/data/outgoing/metadata/Surface_Meteorology_Barrow_Area_A.xml</Source>
  <idinfo>
    <citation>
      <citeinfo>
        <onlink>ftp://ngee-arctic.ornl.gov/data/outgoing/hydrology_and_geomorphology/bbusey_surface_meteorology_csv</onlink>
        <onlink>http://dx.doi.org/10.5440/1164893</onlink>
        <origin>Larry Hinzman (lhinzman@alaska.edu)</origin>
        <origin>Vladimir Romanovsky (veromanovsky@alaska.edu)</origin>
        <origin>William Cable (wlcable@alaska.edu)</origin>
        <origin>Bob Busey (rcbusey@alaska.edu)</origin>
        <title>Surface Meteorology, Barrow, Alaska, Area A, B, C and D, Ongoing from 2012</title>
        <geoform>others</geoform>
      </citeinfo>
    </citation>
    <descript>
      <abstract>Meteorological data are being collected at several points within four intensive study areas in Barrow.  These data assist in the calculation of the energy balance at the land surface and are also useful as inputs into modeling activities. (http://dx.doi.org/10.5440/1164893).&amp;#xD;
&amp;#xD;
Measurements at AREA A (all heights listed are relative to the land surface):&amp;#xD;
Location of the Site A station: N71* 16.888', W156* 36.647'&amp;#xD;
* Air temperature at three heights: 1.4 meters, 2.0 meters, 3.5 meters&amp;#xD;
* Relative Humidity / Dew Point at two heights: 1.4 meters, 3.5 meters&amp;#xD;
* Wind Speed at two heights: 1.3 meters, 3.5 meters&amp;#xD;
* 4 Component Net Radiation @ 1.2 meters&amp;#xD;
** Upwelling &amp; Downwelling Shortwave Radiation&amp;#xD;
** Upwelling &amp; Downwelling Longwave Radiation&amp;#xD;
* Summer Precipitation&amp;#xD;
Site A is located on polygonal permafrost and co-located with continuous snow depth measurements and subsurface measurements.&amp;#xD;
&amp;#xD;
Measurements at AREA B (all heights listed are relative to the land surface):&amp;#xD;
Location of the Site B station: N71* 16.785', W156* 36.211'&amp;#xD;
* Air temperature at three heights: 1.4 meters, 2.0 meters, 3.5 meters&amp;#xD;
* Relative Humidity / Dew Point at two heights: 1.4 meters, 3.5 meters&amp;#xD;
* Wind Speed at two heights: 1.3 meters, 3.5 meters&amp;#xD;
* 4 Component Net Radiation @ 1.2 meters&amp;#xD;
** Upwelling &amp; Downwelling Shortwave Radiation&amp;#xD;
** Upwelling &amp; Downwelling Longwave Radiation&amp;#xD;
* Summer Precipitation&amp;#xD;
Site B is located on polygonal permafrost and co-located with continuous snow depth measurements and subsurface measurements.&amp;#xD;
-------------------------------------------------&amp;#xD;
&amp;#xD;
Measurements at AREA  C (all heights listed are relative to the land surface):&amp;#xD;
Location of the Site C station: N71* 16.804', W156* 36.072'&amp;#xD;
* Air temperature at three heights: 1.4 meters, 2.0 meters, 3.5 meters&amp;#xD;
* Relative Humidity / Dew Point at two heights: 1.4 meters, 3.5 meters&amp;#xD;
* Wind Speed at two heights: 1.3 meters, 3.5 meters&amp;#xD;
* 4 Component Net Radiation @ 1.2 meters&amp;#xD;
** Upwelling &amp; Downwelling Shortwave Radiation&amp;#xD;
** Upwelling &amp; Downwelling Longwave Radiation&amp;#xD;
* Summer Precipitation&amp;#xD;
* Barometric Pressure&amp;#xD;
Site C is located on polygonal permafrost and co-located with continuous snow depth measurements and subsurface measurements.&amp;#xD;
-------------------------------------------------&amp;#xD;
&amp;#xD;
Measurements at AREA  D (all heights listed are relative to the land surface):&amp;#xD;
Location of the Site D station: N71* 16.927', W156* 36.036'&amp;#xD;
* Air temperature at one height: 1.2 meters&amp;#xD;
* Relative Humidity / Dew Point at one height: 1.2&amp;#xD;
* Wind Speed at one height: 1.2 meters&amp;#xD;
* 4 Component Net Radiation @ 1.0 meters&amp;#xD;
** Upwelling &amp; Downwelling Shortwave Radiation&amp;#xD;
** Upwelling &amp; Downwelling Longwave Radiation&amp;#xD;
Site D is located on polygonal permafrost and co-located with continuous snow depth measurements and subsurface measurements.&amp;#xD;
&amp;#xD;
Data are in ASCII files, with columns separated by commas: ','</abstract>
      <purpose>These data are being collected to better understand the energy dynamics above the active layer and permafrost. They complement in-situ snow and soil measurements at this location. The data could also be used as supporting measurements for other research and modeling activities.</purpose>
    </descript>
    <timeperd>
      <timeinfo>
        <rngdates>
          <begdate>20120901</begdate>
          <enddate>current</enddate>
        </rngdates>
      </timeinfo>
    </timeperd>
    <status>
      <progress>ongoing</progress>
      <update>daily</update>
    </status>
    <spdom>
      <descgeog>BEO, Barrow</descgeog>
      <bounding>
        <westbc>-156.78176879611</westbc>
        <eastbc>-156.48513793674</eastbc>
        <northbc>71.349901369806</northbc>
        <southbc>71.272895149928</southbc>
      </bounding>
    </spdom>
    <keywords>
      <place>
        <placekey>Area C</placekey>
        <placekey>Barrow, Alaska</placekey>
        <placekey>Area D</placekey>
        <placekey>Area A</placekey>
        <placekey>North Slope, Alaska</placekey>
        <placekey>Area B</placekey>
      </place>
      <theme>
        <themekt>Surface condition</themekt>
        <themekey>air temperature</themekey>
        <themekey>relative humidity</themekey>
        <themekey>OUTGOING LONGWAVE RADIATION</themekey>
        <themekey>dewpoint temperature</themekey>
        <themekey>outgoing shortwave radiation</themekey>
        <themekey>net radiation</themekey>
        <themekey>incoming longwave radiation</themekey>
        <themekey>incoming shortwave radiation</themekey>
        <themekey>wind speed</themekey>
        <themekey>summer precipitation</themekey>
      </theme>
    </keywords>
    <accconst>public</accconst>
    <useconst>No use constraints are associated with this data.</useconst>
    <ptcontac>
      <cntinfo>
        <cntperp>
          <cntper>Bob Busey</cntper>
          <cntorg>University of Alaska Fairbanks</cntorg>
        </cntperp>
        <cntaddr>
          <addrtype>mailing and physical</addrtype>
          <address>P.O. Box 757340</address>
          <city>Fairbanks</city>
          <state>AK</state>
          <postal>99775</postal>
        </cntaddr>
        <cntvoice>907-474-2792</cntvoice>
        <cntemail>rcbusey@alaska.edu</cntemail>
      </cntinfo>
    </ptcontac>
    <tool>
      <toolcont>
        <cntinfo>
          <cntaddr>
            <addrtype>mailing and physical</addrtype>
          </cntaddr>
        </cntinfo>
      </toolcont>
    </tool>
  </idinfo>
  <dataqual>
    <attracc>
      <qattracc>
        <attraccv>No formal uncertainty assessments were conducted and no estimates of uncertainty are reported.</attraccv>
      </qattracc>
    </attracc>
    <logic>Data are considered of good quality in the context of the information presented in the abstract.  Users are advised to read the rest of the metadata record carefully for additional details.</logic>
    <complete>Data are considered complete in the context of the information presented in the abstract. Users are advised to read the rest of the metadata record carefully for additional details.</complete>
    <lineage>
      <method>
        <methtype>both</methtype>
        <methdesc>Data is processed internally using a data quality and management suite of tools.  Site is installed following WMO protocol as appropriate.  &amp;#xD;
&amp;#xD;
References:&amp;#xD;
Quantity is Nothing without Quality: Automated QA/QC for Streaming Environmental Sensor Data. John L. Campbell, Lindsey E. Rustad, John H. Porter, Jeffrey R. Taylor, Ethan W. Dereszynski, James B. Shanley, Corinna Gries, Donald L. Henshaw, Mary E. Martin, Wade M. Sheldon, and Emery R. Boose. BioScience2013 63 (7), 574-585 [http://www.bioone.org/doi/abs/10.1525/bio.2013.63.7.10] [doi: http://dx.doi.org/10.1525/bio.2013.63.7.10]&amp;#xD;
&amp;#xD;
Measurement and Reporting Practices for Automatic Agricultural Weather Stations. American Society of Agricultural and Biological Engineers. (ASAE) EP505 April 2004. [http://texaset.tamu.edu/documents/ASABE%20Standard.pdf]&amp;#xD;
&amp;#xD;
Guide to Meteorological Instruments and Methods of Observation. World Meteorological Organization (WMO)-No. 8. 2008. ISBN 978-92-63-10008-5. [https://www.wmo.int/pages/prog/gcos/documents/gruanmanuals/CIMO/CIMO_Guide-7th_Edition-2008.pdf]&amp;#xD;
&amp;#xD;
Current configuration of US Climate Reference Network Stations. T. P. Meyers, M. E. Hall, C. B. Baker, R. P. Hosker, Jr., J. A. Jensen, M. R. Helfert, M. T. Young. [http://www1.ncdc.noaa.gov/pub/data/uscrn/documentation/research/CurrentConfigUSCRN-AMSmtg-Jan04-final.pdf]&amp;#xD;
&amp;#xD;
Quality Assurance: Station is visited several times over summer season and at least once per winter. Desiccant is replaced twice per year in the radiometers and main instrument box.  Sensors are checked for levelness, environmental detritus, corrosion, another anomalies that can be visually inspected during these visits.&amp;#xD;
Quality Checking: Since there is some duplication across the BEO, spatial comparisons of all parameters are possible.  This is done in an automated fashion using internal tools as well as through manual observation on the 2-week to monthly time scale.  Radiation data is also compared with data from the ARM facility.  Summer precipitation is also compared with data from the NOAA CRN facility.</methdesc>
      </method>
      <procstep>
        <procdesc>Data is retrieved hourly over local Barrow radio network</procdesc>
      </procstep>
      <procstep>
        <procdesc>Data is passed to data processing server</procdesc>
      </procstep>
      <procstep>
        <procdesc>Automated QA/QC is applied to the new data (internal tool following industry guidelines).</procdesc>
      </procstep>
      <procstep>
        <procdesc>Site intercomparison checks</procdesc>
      </procstep>
      <procstep>
        <procdesc>Manual observation of data for anomalies that passed the automated qc system.</procdesc>
      </procstep>
    </lineage>
  </dataqual>
  <distinfo>
    <distrib>
      <cntinfo>
        <cntperp>
          <cntper>Data Center Support</cntper>
          <cntorg>Next-Generation Ecosystem Experiments (NGEE) Arctic Project, Oak Ridge National Laboratory</cntorg>
        </cntperp>
        <cntaddr>
          <addrtype>mailing and physical</addrtype>
          <address>1 Bethel Valley Road</address>
          <city>Oak Ridge</city>
          <state>TN</state>
          <postal>37831-6290</postal>
          <country>USA</country>
        </cntaddr>
        <cntemail>support@ngee.ornl.gov</cntemail>
      </cntinfo>
    </distrib>
  </distinfo>
  <metainfo>
    <metd>20151111</metd>
    <metc>
      <cntinfo>
        <cntperp>
          <cntper>Bob Busey</cntper>
          <cntorg>University of Alaska Fairbanks</cntorg>
        </cntperp>
        <cntaddr>
          <addrtype>mailing and physical</addrtype>
          <address>P.O. Box 757340</address>
          <city>Fairbanks</city>
          <state>AK</state>
          <postal>99775</postal>
          <country>USA</country>
        </cntaddr>
        <cntvoice>907-474-2792</cntvoice>
        <cntemail>rcbusey@alaska.edu</cntemail>
      </cntinfo>
    </metc>
    <metstdn>FDGC Content Standard for Digital Geospatial Metadata and
			Biological Data Profile</metstdn>
    <metstdv>FDGC-STD-001-1998</metstdv>
  </metainfo>
  <ome>
    <datause>Data are contained in individual ASCII format text files.&amp;#xD;
Lines 1 - 4: Header describing the site &amp; data&amp;#xD;
Lines 6 to N: Column 1 = Timestep in YYYY-MM-DD HH:MM:SS format; Column 2 = data element&amp;#xD;
&amp;#xD;
Content below is tab separated:&amp;#xD;
Site	Data	Contact	Sensor	Sampling Frequency	Output Frequency	Output Type	Units	Instrument Height	Location	Bad Data Identifier	Data Timezone&amp;#xD;
NGEE-Arctic Site A	Air Temperature @ 1.4 m	Bob Busey; rcbusey@alaska.edu	Vaisala HMP155A	30 seconds	60 minutes	Average	Degrees Celsius	1.4 meters	N71*16.888, W156*36.647	6999 or NAN	UTC+0&amp;#xD;
NGEE-Arctic Site A	Air Temperature @ 2.0 m	Bob Busey; rcbusey@alaska.edu	Campbell Scientific 107 Probe	30 seconds	60 minutes	Average	Degrees Celsius	2.0 meters	N71*16.888, W156*36.647	6999 or NAN	UTC+0&amp;#xD;
NGEE-Arctic Site A	Air Temperature @ 3.5m	Bob Busey; rcbusey@alaska.edu	Vaisala HMP155A	30 seconds	60 minutes	Average	Degrees Celsius	3.5 meters	N71*16.888, W156*36.647	6999 or NAN	UTC+0&amp;#xD;
NGEE-Arctic Site A	Dew Point @ 1.4 m	Bob Busey; rcbusey@alaska.edu	Vaisala HMP155A	30 seconds	60 minutes	Average	Degrees Celsius	1.4 meters	N71*16.888, W156*36.647	6999 or NAN	UTC+0&amp;#xD;
NGEE-Arctic Site A	Dew Point @ 3.5m	Bob Busey; rcbusey@alaska.edu	Vaisala HMP155A	30 seconds	60 minutes	Average	Degrees Celsius	3.5 meters	N71*16.888, W156*36.647	6999 or NAN	UTC+0&amp;#xD;
NGEE-Arctic Site A	Relative Humidity @ 1.4m	Bob Busey; rcbusey@alaska.edu	Vaisala HMP155A	30 seconds	60 minutes	Sample &amp; Average	Percent	1.4 meters	N71*16.888, W156*36.647	6999 or NAN	UTC+0&amp;#xD;
NGEE-Arctic Site A	Relative Humidity @ 3.5m	Bob Busey; rcbusey@alaska.edu	Vaisala HMP155A	30 seconds	60 minutes	Sample &amp; Average	Percent	3.5 meters	N71*16.888, W156*36.647	6999 or NAN	UTC+0&amp;#xD;
NGEE-Arctic Site A	Summer Precipitation	Bob Busey; rcbusey@alaska.edu	Texas Electronics TE-525MM with Altar Shield	30 seconds	60 minutes	Total	millimeters of water	0.5 meters	N71*16.888, W156*36.647	6999 or NAN	UTC+0&amp;#xD;
NGEE-Arctic Site A	Wind Speed @ 1.3m	Bob Busey; rcbusey@alaska.edu	MetOne 014A	30 seconds	60 minutes	Average	meters / second	1.3 meters	N71*16.888, W156*36.647	6999 or NAN	UTC+0&amp;#xD;
NGEE-Arctic Site A	Wind Speed @ 3.5m	Bob Busey; rcbusey@alaska.edu	MetOne 014A	30 seconds	60 minutes	Average	meters / second	3.5 meters	N71*16.888, W156*36.647	6999 or NAN	UTC+0&amp;#xD;
NGEE-Arctic Site A	Shortwave Incoming Radiation	Bob Busey; rcbusey@alaska.edu	Kipp &amp; Zonen CNR4	30 seconds	60 minutes	Average	Watts / meter^2	1.2 meters	N71*16.888, W156*36.647	6999 or NAN	UTC+0&amp;#xD;
NGEE-Arctic Site A	Shortwave Reflected Radiation	Bob Busey; rcbusey@alaska.edu	Kipp &amp; Zonen CNR4	30 seconds	60 minutes	Average	Watts / meter^2	1.2 meters	N71*16.888, W156*36.647	6999 or NAN	UTC+0&amp;#xD;
NGEE-Arctic Site A	Longwave Incoming Radiation	Bob Busey; rcbusey@alaska.edu	Kipp &amp; Zonen CNR4	30 seconds	60 minutes	Average	Watts / meter^2	1.2 meters	N71*16.888, W156*36.647	6999 or NAN	UTC+0&amp;#xD;
NGEE-Arctic Site A	Longwave Outgoing Radiation	Bob Busey; rcbusey@alaska.edu	Kipp &amp; Zonen CNR4	30 seconds	60 minutes	Average	Watts / meter^2	1.2 meters	N71*16.888, W156*36.647	6999 or NAN	UTC+0&amp;#xD;
NGEE-Arctic Site A	Net Radiation (SW &amp; LW)	Bob Busey; rcbusey@alaska.edu	Kipp &amp; Zonen CNR4	30 seconds	60 minutes	Average	Watts / meter^2	1.2 meters	N71*16.888, W156*36.647	6999 or NAN	UTC+0&amp;#xD;
&amp;#xD;
NGEE-Arctic Site B	Air Temperature @ 1.4 m	Bob Busey; rcbusey@alaska.edu	Vaisala HMP155A	30 seconds	60 minutes	Average	Degrees Celsius	1.4 meters	N71*16.785, W156*36.211	6999 or NAN	UTC+0&amp;#xD;
NGEE-Arctic Site B	Air Temperature @ 2.0 m	Bob Busey; rcbusey@alaska.edu	Campbell Scientific 107 Probe	30 seconds	60 minutes	Average	Degrees Celsius	2.0 meters	N71*16.785, W156*36.211	6999 or NAN	UTC+0&amp;#xD;
NGEE-Arctic Site B	Air Temperature @ 3.5m	Bob Busey; rcbusey@alaska.edu	Vaisala HMP155A	30 seconds	60 minutes	Average	Degrees Celsius	3.5 meters	N71*16.785, W156*36.211	6999 or NAN	UTC+0&amp;#xD;
NGEE-Arctic Site B	Dew Point @ 1.4 m	Bob Busey; rcbusey@alaska.edu	Vaisala HMP155A	30 seconds	60 minutes	Average	Degrees Celsius	1.4 meters	N71*16.785, W156*36.211	6999 or NAN	UTC+0&amp;#xD;
NGEE-Arctic Site B	Dew Point @ 3.5m	Bob Busey; rcbusey@alaska.edu	Vaisala HMP155A	30 seconds	60 minutes	Average	Degrees Celsius	3.5 meters	N71*16.785, W156*36.211	6999 or NAN	UTC+0&amp;#xD;
NGEE-Arctic Site B	Relative Humidity @ 1.4m	Bob Busey; rcbusey@alaska.edu	Vaisala HMP155A	30 seconds	60 minutes	Sample &amp; Average	Percent	1.4 meters	N71*16.785, W156*36.211	6999 or NAN	UTC+0&amp;#xD;
NGEE-Arctic Site B	Relative Humidity @ 3.5m	Bob Busey; rcbusey@alaska.edu	Vaisala HMP155A	30 seconds	60 minutes	Sample &amp; Average	Percent	3.5 meters	N71*16.785, W156*36.211	6999 or NAN	UTC+0&amp;#xD;
NGEE-Arctic Site B	Wind Speed @ 1.3m	Bob Busey; rcbusey@alaska.edu	MetOne 014A	30 seconds	60 minutes	Average	meters / second	1.3 meters	N71*16.785, W156*36.211	6999 or NAN	UTC+0&amp;#xD;
NGEE-Arctic Site B	Wind Speed @ 3.5m	Bob Busey; rcbusey@alaska.edu	MetOne 014A	30 seconds	60 minutes	Average	meters / second	3.5 meters	N71*16.785, W156*36.211	6999 or NAN	UTC+0&amp;#xD;
NGEE-Arctic Site B	Summer Precipitation	Bob Busey; rcbusey@alaska.edu	Texas Electronics TE-525MM with Altar Shield	30 seconds	60 minutes	Total	millimeters of water	0.5 meters	N71*16.785, W156*36.211	6999 or NAN	UTC+0&amp;#xD;
NGEE-Arctic Site B	Shortwave Incoming Radiation	Bob Busey; rcbusey@alaska.edu	Kipp &amp; Zonen CNR4	30 seconds	60 minutes	Average	Watts / meter^2	1.1 meters	N71*16.785, W156*36.211	6999 or NAN	UTC+0&amp;#xD;
NGEE-Arctic Site B	Shortwave Reflected Radiation	Bob Busey; rcbusey@alaska.edu	Kipp &amp; Zonen CNR4	30 seconds	60 minutes	Average	Watts / meter^2	1.1 meters	N71*16.785, W156*36.211	6999 or NAN	UTC+0&amp;#xD;
NGEE-Arctic Site B	Longwave Incoming Radiation	Bob Busey; rcbusey@alaska.edu	Kipp &amp; Zonen CNR4	30 seconds	60 minutes	Average	Watts / meter^2	1.1 meters	N71*16.785, W156*36.211	6999 or NAN	UTC+0&amp;#xD;
NGEE-Arctic Site B	Longwave Outgoing Radiation	Bob Busey; rcbusey@alaska.edu	Kipp &amp; Zonen CNR4	30 seconds	60 minutes	Average	Watts / meter^2	1.1 meters	N71*16.785, W156*36.211	6999 or NAN	UTC+0&amp;#xD;
NGEE-Arctic Site B	Net Radiation (LW &amp; SW)	Bob Busey; rcbusey@alaska.edu	Kipp &amp; Zonen CNR4	30 seconds	60 minutes	Average	Watts / meter^2	1.1 meters	N71*16.785, W156*36.211	6999 or NAN	UTC+0&amp;#xD;
&amp;#xD;
NGEE-Arctic Site C	Air Temperature @ 1.4 m	Bob Busey; rcbusey@alaska.edu	Vaisala HMP155A	30 seconds	60 minutes	Average	Degrees Celsius	1.4 meters	N71*16.804, W156*36.072	6999 or NAN	UTC+0&amp;#xD;
NGEE-Arctic Site C	Air Temperature @ 2.0 m	Bob Busey; rcbusey@alaska.edu	Campbell Scientific 107 Probe	30 seconds	60 minutes	Average	Degrees Celsius	2.0 meters	N71*16.804, W156*36.072	6999 or NAN	UTC+0&amp;#xD;
NGEE-Arctic Site C	Air Temperature @ 3.5m	Bob Busey; rcbusey@alaska.edu	Vaisala HMP155A	30 seconds	60 minutes	Average	Degrees Celsius	3.5 meters	N71*16.804, W156*36.072	6999 or NAN	UTC+0&amp;#xD;
NGEE-Arctic Site C	Dew Point @ 1.4 m	Bob Busey; rcbusey@alaska.edu	Vaisala HMP155A	30 seconds	60 minutes	Average	Degrees Celsius	1.4 meters	N71*16.804, W156*36.072	6999 or NAN	UTC+0&amp;#xD;
NGEE-Arctic Site C	Dew Point @ 3.5m	Bob Busey; rcbusey@alaska.edu	Vaisala HMP155A	30 seconds	60 minutes	Average	Degrees Celsius	3.5 meters	N71*16.804, W156*36.072	6999 or NAN	UTC+0&amp;#xD;
NGEE-Arctic Site C	Relative Humidity @ 1.4m	Bob Busey; rcbusey@alaska.edu	Vaisala HMP155A	30 seconds	60 minutes	Sample &amp; Average	Percent	1.4 meters	N71*16.804, W156*36.072	6999 or NAN	UTC+0&amp;#xD;
NGEE-Arctic Site C	Relative Humidity @ 3.5m	Bob Busey; rcbusey@alaska.edu	Vaisala HMP155A	30 seconds	60 minutes	Sample &amp; Average	Percent	3.5 meters	N71*16.804, W156*36.072	6999 or NAN	UTC+0&amp;#xD;
NGEE-Arctic Site C	Wind Speed @ 1.3m	Bob Busey; rcbusey@alaska.edu	MetOne 014A	30 seconds	60 minutes	Total	millimeters of water	1.3 meters	N71*16.804, W156*36.072	6999 or NAN	UTC+0&amp;#xD;
NGEE-Arctic Site C	Wind Speed @ 3.5m	Bob Busey; rcbusey@alaska.edu	MetOne 014A	30 seconds	60 minutes	Average	meters / second	3.5 meters	N71*16.804, W156*36.072	6999 or NAN	UTC+0&amp;#xD;
NGEE-Arctic Site C	Summer Rain 	Bob Busey; rcbusey@alaska.edu	Texas Electronics TE-525MM with Altar Shield	30 seconds	60 minutes	Average	meters / second	0.5 meters	N71*16.804, W156*36.072	6999 or NAN	UTC+0&amp;#xD;
NGEE-Arctic Site C	Shortwave Incoming Radiation	Bob Busey; rcbusey@alaska.edu	Kipp &amp; Zonen CNR4	30 seconds	60 minutes	Average	Watts / meter^2	1.1 meters	N71*16.804, W156*36.072	6999 or NAN	UTC+0&amp;#xD;
NGEE-Arctic Site C	Shortwave Reflected Radiation	Bob Busey; rcbusey@alaska.edu	Kipp &amp; Zonen CNR4	30 seconds	60 minutes	Average	Watts / meter^2	1.1 meters	N71*16.804, W156*36.072	6999 or NAN	UTC+0&amp;#xD;
NGEE-Arctic Site C	Longwave Incoming Radiation	Bob Busey; rcbusey@alaska.edu	Kipp &amp; Zonen CNR4	30 seconds	60 minutes	Average	Watts / meter^2	1.1 meters	N71*16.804, W156*36.072	6999 or NAN	UTC+0&amp;#xD;
NGEE-Arctic Site C	Longwave Outgoing Radiation	Bob Busey; rcbusey@alaska.edu	Kipp &amp; Zonen CNR4	30 seconds	60 minutes	Average	Watts / meter^2	1.1 meters	N71*16.804, W156*36.072	6999 or NAN	UTC+0&amp;#xD;
NGEE-Arctic Site C	Net Radiation (LW &amp; SW)	Bob Busey; rcbusey@alaska.edu	Kipp &amp; Zonen CNR4	30 seconds	60 minutes	Average	Watts / meter^2	1.1 meters	N71*16.804, W156*36.072	6999 or NAN	UTC+0&amp;#xD;
&amp;#xD;
NGEE-Arctic Site D	Air Temperature @ 1.2 m	Bob Busey; rcbusey@alaska.edu	Vaisala HMP155A	30 seconds	60 minutes	Average	Degrees Celsius	1.2 meters	N71*16.927, W156*36.036	6999 or NAN	UTC+0&amp;#xD;
NGEE-Arctic Site D	Dew Point @ 1.2 m	Bob Busey; rcbusey@alaska.edu	Vaisala HMP155A	30 seconds	60 minutes	Average	Degrees Celsius	1.2 meters	N71*16.927, W156*36.036	6999 or NAN	UTC+0&amp;#xD;
NGEE-Arctic Site D	Relative Humidity @ 1.2 m	Bob Busey; rcbusey@alaska.edu	Vaisala HMP155A	30 seconds	60 minutes	Sample &amp; Average	Percent	1.2 meters	N71*16.927, W156*36.036	6999 or NAN	UTC+0&amp;#xD;
NGEE-Arctic Site D	Wind Speed @ 1.2 m	Bob Busey; rcbusey@alaska.edu	MetOne 014A	30 seconds	60 minutes	Average	meters / second	1.2 meters	N71*16.927, W156*36.036	6999 or NAN	UTC+0&amp;#xD;
NGEE-Arctic Site D	Shortwave Incoming Radiation	Bob Busey; rcbusey@alaska.edu	Kipp &amp; Zonen CNR4	30 seconds	60 minutes	Average	Watts / meter^2	0.95 meters	N71*16.927, W156*36.036	6999 or NAN	UTC+0&amp;#xD;
NGEE-Arctic Site D	Shortwave Reflected Radiation	Bob Busey; rcbusey@alaska.edu	Kipp &amp; Zonen CNR4	30 seconds	60 minutes	Average	Watts / meter^2	0.95 meters	N71*16.927, W156*36.036	6999 or NAN	UTC+0&amp;#xD;
NGEE-Arctic Site D	Longwave Incoming Radiation	Bob Busey; rcbusey@alaska.edu	Kipp &amp; Zonen CNR4	30 seconds	60 minutes	Average	Watts / meter^2	0.95 meters	N71*16.927, W156*36.036	6999 or NAN	UTC+0&amp;#xD;
NGEE-Arctic Site D	Longwave Outgoing Radiation	Bob Busey; rcbusey@alaska.edu	Kipp &amp; Zonen CNR4	30 seconds	60 minutes	Average	Watts / meter^2	0.95 meters	N71*16.927, W156*36.036	6999 or NAN	UTC+0&amp;#xD;
NGEE-Arctic Site D	Net Radiation (LW &amp; SW)	Bob Busey; rcbusey@alaska.edu	Kipp &amp; Zonen CNR4	30 seconds	60 minutes	Average	Watts / meter^2	0.95 meters	N71*16.927, W156*36.036	6999 or NAN	UTC+0</datause>
    <ome_status>approved</ome_status>
    <taskname>HG</taskname>
  </ome>
</metadata>
