<?xml version="1.0"?>
<metadata xmlns="http://www.fgdc.gov/metadata/csdgm" xmlns:csdgm="http://www.fgdc.gov/metadata/csdgm"><Source>ftp://ngee.ornl.gov/data/outgoing/metadata/Soil_Organic_Carbon_Degradation_Barrow_2013_2014.xml</Source>
  <idinfo>
    <citation>
      <citeinfo>
        <onlink>http://dx.doi.org/10.5440/1168992</onlink>
        <onlink>ftp://ngee.ornl.gov/data/outgoing/biogeochemistry/Soil_organic_carbon_data.csv</onlink>
        <onlink>ftp://ngee.ornl.gov/data/outgoing/biogeochemistry/Soil_organic_acids_data.csv</onlink>
        <onlink>ftp://ngee.ornl.gov/data/outgoing/biogeochemistry/Soil_organic_carbon_UV_data.csv</onlink>
        <onlink>ftp://ngee.ornl.gov/data/outgoing/biogeochemistry/Soil_organic_carbon_FTIR_data.csv</onlink>
        <origin>Baohua Gu (gub1@ornl.gov)</origin>
        <title>Soil Organic Carbon Degradation, Barrow, 2013-2014</title>
      </citeinfo>
    </citation>
    <descript>
      <abstract>This dataset provides information about soil organic carbon decomposition in Barrow soil incubation studies.  The soil cores were collected from low-center polygon (Area A) and were incubated in the laboratory at different temperatures for up to 60 days.  Transformations of soil organic carbon were characterized by UV and FT-IR, and small organic acids in water-soluble carbons were quantified by ion chromatography during the incubation. doi:10.5440/1168992; http://dx.doi.org/10.5440/1168992</abstract>
    </descript>
    <status>
      <progress>ongoing</progress>
      <update>n/a</update>
    </status>
    <accconst>internal</accconst>
    <ptcontac>
      <cntinfo>
        <cntperp>
          <cntper>Ziming Yang</cntper>
          <cntorg>Oak Ridge National Laboratory</cntorg>
        </cntperp>
        <cntaddr>
          <addrtype>mailing and physical</addrtype>
          <address>One Bethel Valley Rd</address>
          <city>Oak Ridge</city>
          <state>TN</state>
          <postal>37831</postal>
        </cntaddr>
        <cntemail>yangz1@ornl.gov</cntemail>
      </cntinfo>
    </ptcontac>
    <tool>
      <toolcont>
        <cntinfo>
          <cntaddr>
            <addrtype>mailing and physical</addrtype>
          </cntaddr>
        </cntinfo>
      </toolcont>
    </tool>
  </idinfo>
  <dataqual>
    <lineage>
      <method>
        <methtype>lab</methtype>
      </method>
    </lineage>
  </dataqual>
  <distinfo>
    <distrib>
                      <cntinfo>
                                <cntperp>
                                        <cntper>Data Center Support</cntper>
                                        <cntorg>Next-Generation Ecosystem Experiments (NGEE) Arctic Project, Oak Ridge National Laboratory</cntorg>
                                </cntperp>
                                <cntaddr>
                                        <addrtype>mailing and physical</addrtype>
                                        <address>1 Bethel Valley Road</address>
                                        <city>Oak Ridge</city>
                                        <state>TN</state>
                                        <postal>37831-6290</postal>
                                        <country>USA</country>
                                </cntaddr>
                                <cntvoice></cntvoice>
                                <cntfax></cntfax>
                                <cntemail>support@ngee.ornl.gov</cntemail>
                        </cntinfo>
    </distrib>
  </distinfo>
  <metainfo>
    <metd>20150720</metd>
    <metc>
      <cntinfo>
        <cntperp>
          <cntper>Baohua Gu</cntper>
          <cntorg>Oak Ridge National Laboratory</cntorg>
        </cntperp>
        <cntaddr>
          <addrtype>mailing and physical</addrtype>
          <address>One Bethel Valley Rd</address>
          <city>Oak Ridge</city>
          <state>TN</state>
          <postal>37831</postal>
          <country>USA</country>
        </cntaddr>
        <cntvoice>865-574-7286</cntvoice>
        <cntemail>gub1@ornl.gov</cntemail>
      </cntinfo>
    </metc>
    <metstdn>FDGC Content Standard for Digital Geospatial Metadata and
			Biological Data Profile</metstdn>
    <metstdv>FDGC-STD-001-1998</metstdv>
  </metainfo>
  <ome>
    <ome_status>approved</ome_status>
    <taskname>BGC</taskname>
  </ome>
</metadata>
