<eml:eml xmlns:eml="eml://ecoinformatics.org/eml-2.1.1" xmlns:xsi="http://www.w3.org/2001/XMLSchema-instance" packageId="knb-lter-bnz.530.5" scope="system" system="knb" xsi:schemaLocation="eml://ecoinformatics.org/eml-2.1.0&#10;				http://nis.lternet.edu/schemas/EML/eml-2.1.0/eml.xsd">
<access authSystem="knb" order="allowFirst" scope="document">
<allow>
<principal>uid=BNZ,o=lter,dc=ecoinformatics,dc=org</principal>
<permission>all</permission>
</allow>
<allow>
<principal>public</principal>
<permission>read</permission>
</allow>
</access>
<dataset>
<shortName>knb-lter-bnz.530.5</shortName>
<title>Shrub, Seedling and Sapling Density at Bonanza Creek LTER Research Sites (2006-Present)</title>
<creator>
<individualName>
<givenName>Teresa</givenName>
<givenName>Nettleton</givenName>
<surName>Hollingsworth</surName>
</individualName>
<positionName>Senior Investigator</positionName>
<address>
<deliveryPoint>Boreal Ecology Cooperative Research Unit, PNW Research Station, USDA Forest Service, P.O. Box 756780,University of Alaska Fairbanks</deliveryPoint>
<city>Fairbanks</city>
<administrativeArea>AK </administrativeArea>
<postalCode>99775</postalCode>
<country>United States</country>
</address>
<phone phonetype="voice">(907) 474-2424</phone>
<phone phonetype="fax">(907) 474-6251</phone>
<electronicMailAddress>thollingsworth@fs.fed.us</electronicMailAddress>
<onlineUrl>http://www.becru.uaf.edu/personnel/Teresa.htm</onlineUrl>
</creator>
<creator>
<organizationName>Bonanza Creek LTER</organizationName>
<address>
<deliveryPoint>Boreal Ecology Cooperative Research Unit </deliveryPoint>
<deliveryPoint>University of Alaska Fairbanks</deliveryPoint>
<deliveryPoint>P.O. Box 756780 </deliveryPoint>
<city>Fairbanks</city>
<administrativeArea>AK</administrativeArea>
<postalCode>99775</postalCode>
<country>USA</country>
</address>
<phone phonetype="voice">907-474-6364</phone>
<phone phonetype="fax">907-474-6251</phone>
<electronicMailAddress>uaf-bnz-im-team@alaska.edu</electronicMailAddress>
<onlineUrl>http://www.lter.uaf.edu</onlineUrl>
</creator>
<metadataProvider>
<organizationName>Bonanza Creek LTER</organizationName>
<positionName>Data Manager</positionName>
<address>
<deliveryPoint>Boreal Ecology Cooperative Research Unit </deliveryPoint>
<deliveryPoint>University of Alaska Fairbanks</deliveryPoint>
<deliveryPoint>P.O. Box 756780 </deliveryPoint>
<city>Fairbanks</city>
<administrativeArea>AK</administrativeArea>
<postalCode>99775</postalCode>
<country>USA</country>
</address>
<phone phonetype="voice">907-474-6364</phone>
<phone phonetype="fax">907-474-6251</phone>
<electronicMailAddress>uaf-bnz-im-team@alaska.edu</electronicMailAddress>
<onlineUrl>http://www.lter.uaf.edu</onlineUrl>
</metadataProvider>
<associatedParty>
<individualName>
<givenName>Brian</givenName>
<surName>Charlton</surName>
</individualName>
<positionName>BNZ LTER Lead Field Tech </positionName>
<address>
<deliveryPoint>Boreal Ecology Cooperative Research Unit University of Alaska Fairbanks  School of Agriculture and Land Resources Management P.O. Box 756780</deliveryPoint>
<city>Fairbanks</city>
<administrativeArea>AK </administrativeArea>
<postalCode>99775-6780</postalCode>
<country>United States</country>
</address>
<phone phonetype="voice">(907) 474-5104</phone>
<phone phonetype="fax">(907) 474-6251</phone>
<role>Associated investigator</role>
</associatedParty>
<associatedParty>
<individualName>
<givenName>Teresa</givenName>
<givenName>Nettleton</givenName>
<surName>Hollingsworth</surName>
</individualName>
<positionName>USDA Forest Service Research Ecologist</positionName>
<address>
<deliveryPoint>Boreal Ecology Cooperative Research Unit, PNW Research Station, USDA Forest Service, P.O. Box 756780,University of Alaska Fairbanks</deliveryPoint>
<city>Fairbanks</city>
<administrativeArea>AK </administrativeArea>
<postalCode>99775</postalCode>
<country>United States</country>
</address>
<phone phonetype="voice">(907) 474-2424</phone>
<phone phonetype="fax">(907) 474-6251</phone>
<role>Associated investigator</role>
</associatedParty>
<associatedParty>
<individualName>
<givenName>Karl</givenName>
<surName>Olson</surName>
</individualName>
<positionName>Technician</positionName>
<address>
<deliveryPoint>Institute of Arctic Biology  University of Alaska Fairbanks P.O. Box 757000</deliveryPoint>
<city>Fairbanks</city>
<administrativeArea>AK </administrativeArea>
<postalCode>99775</postalCode>
<country>United States</country>
</address>
<phone phonetype="voice">(907) 474-5540</phone>

<role>Associated investigator</role>
</associatedParty>
<associatedParty>
<individualName>
<givenName>Jamie</givenName>
<surName>Hollingsworth</surName>
</individualName>
<positionName>Bonanza Creek LTER Site Manager</positionName>
<address>
<deliveryPoint>Boreal Ecology Cooperative Research Unit University of Alaska Fairbanks  School of Agriculture and Land Resources Management P.O. Box 756780</deliveryPoint>
<city>Fairbanks</city>
<administrativeArea>AK </administrativeArea>
<postalCode>99775</postalCode>
<country>United States</country>
</address>
<phone phonetype="voice">(907) 474-7470</phone>
<phone phonetype="fax">(907) 474-6251</phone>
<role>Associated investigator</role>
</associatedParty>
<pubDate>2014-03-24</pubDate>
<abstract>
<para>This study is a survey of the density of tall shrubs, saplings, and seedlings at Bonanza Creek LTER Control Plots.  Densities have been measured at some sites since 1975 while others began in the mid 1980's.  In 2006 methodology was changed in attempt to better capture the spatial variability of shrub and tree species within the research sites.  The current method, presented here, uses a 2 meter wide transect along two site boundarys covering 220m2.  All seedlings, saplings, and tall shrubs &gt;1m (regardless of species) are counted by species and size class along the transect.  The previous method used 4m2 circular plots at 20 points on a 10mx10m grid within the control plot for an area of 80m2.  The circular method measured all seedlings, saplings, and a certain set of "tall shrubs" (see metadata for &lt;a href="http://www.lter.uaf.edu/data_detail.cfm?datafile_pkey=175"&gt; Vegetation Plots of the Bonanza Creek LTER Control Plots: Species Count (1975 - 2004) &lt;/a&gt; for a definition of "tall shrubs"), regardless of height.  The height requirement creates an issue when comparing the old and new methods for early successional stands.  For Alnus and Salix  this is likely only a problem in the FP0 sites as they are the only sites with a high density of shrubs shorter than 1m.  Shrub community changes at these early successional sites should be analyzed using precent cover data.  At the later successional sites most  Alnus and Salix shrubs are greater than 1m so the transect method likely does not underrepresent density.  The raw data from the circular method can be found in &lt;a href="http://www.lter.uaf.edu/data_detail.cfm?datafile_pkey=175"&gt; Vegetation Plots of the Bonanza Creek LTER Control Plots: Species Count (1975 - 2004) &lt;/a&gt;.</para>
</abstract>
<keywordSet>
<keyword>vegetation</keyword>
<keyword>boreal forests</keyword>
<keyword>disturbance</keyword>
<keyword>fire effects</keyword>
<keyword>plant communities</keyword>
<keyword>succession</keyword>
<keyword>taiga</keyword>
<keywordThesaurus>Vegetation</keywordThesaurus>
</keywordSet>
<intellectualRights>
<section>
<title>Access to Data</title>
<para>While metadata will be freely available to those requesting it, the data manager will assure that any restrictions on access to data sets in the database will be enforced. Data will not be released without proper permission first being obtained from the investigator who generated the data. </para>
</section>
<section>
<title>Use of data</title>
<para> Researchers should receive adequate acknowledgment for the use of their data by others and should be provided with copies of publications using their data. Users of data from the data base must be aware that data is not to be sold or redistributed.</para>
</section>
<section>
<title>Citing Bonanza Creek LTER Datasets</title>
<para>It is considered a matter of professional ethics to acknowledge the work of other scientists. Thus, the Data User will properly cite the Data Set in any publications or in the metadata of any derived data products that were produced using the Data Set. </para>
</section>
</intellectualRights>
<distribution id="distributionReference">
<online>
<url function="information">http://www.lter.uaf.edu/data_detail.cfm?datafile_pkey=530</url>
</online>
</distribution>
<coverage>
<geographicCoverage id="geoReference">
<geographicDescription>Site information unavailable</geographicDescription>
<boundingCoordinates>
<westBoundingCoordinate>-148.3790685</westBoundingCoordinate>
<eastBoundingCoordinate>-148.1426888</eastBoundingCoordinate>
<northBoundingCoordinate>64.7666796</northBoundingCoordinate>
<southBoundingCoordinate>64.6719571</southBoundingCoordinate>
</boundingCoordinates>
</geographicCoverage>
<temporalCoverage>
<rangeOfDates>
<beginDate>
<calendarDate>1975-06-09</calendarDate>
</beginDate>
<endDate>
<calendarDate>2013-07-31</calendarDate>
</endDate>
</rangeOfDates>
</temporalCoverage>
</coverage>
<maintenance>
<description>
<section>
<title>Status</title>
<para>Ongoing</para>
</section>
</description>
</maintenance>
<contact>
<organizationName>Bonanza Creek LTER</organizationName>
<positionName>Data Manager</positionName>
<address>
<deliveryPoint>Boreal Ecology Cooperative Research Unit </deliveryPoint>
<deliveryPoint>University of Alaska Fairbanks</deliveryPoint>
<deliveryPoint>P.O. Box 756780 </deliveryPoint>
<city>Fairbanks</city>
<administrativeArea>AK</administrativeArea>
<postalCode>99775</postalCode>
<country>USA</country>
</address>
<phone phonetype="voice">907-474-6364</phone>
<phone phonetype="fax">907-474-6251</phone>
<electronicMailAddress>uaf-bnz-im-team@alaska.edu</electronicMailAddress>
<onlineUrl>http://www.lter.uaf.edu</onlineUrl>
</contact>
<publisher>
<organizationName>Bonanza Creek LTER</organizationName>
<address>
<deliveryPoint>Boreal Ecology Cooperative Research Unit </deliveryPoint>
<deliveryPoint>University of Alaska Fairbanks</deliveryPoint>
<deliveryPoint>P.O. Box 756780 </deliveryPoint>
<city>Fairbanks</city>
<administrativeArea>AK</administrativeArea>
<postalCode>99775</postalCode>
<country>USA</country>
</address>
<phone phonetype="voice">907-474-6364</phone>
<phone phonetype="fax">907-474-6251</phone>
</publisher>
<pubPlace>Bonanza Creek LTER</pubPlace>
<methods>
<methodStep>
<description>
<section>
<title>Experimental Design</title>
<para>We selected points in the succession sequence where, within a relatively short interval, critical changes in ecosystem structure are accompanied by functional changes. These changes have far-reaching effects on ecosystem development. At six turning points in the floodplain succession and three turning points in the upland succession, three replicates of experimental plots were established. These plots are used for experimental projects and the following of the natural changes occuring in ecosystem structure and function. More recently, three post-fire plots and upland black spruce sites were added.  At each of these 35 sites (9x3), a 50x60 meter "control plot" was established in order to monitor vegetation change. See BCEF Experimental Design for additional information.</para>
</section>
<section>
<title>Methods</title>
<para>FIELD:  There are two measurement methods presented in this data file.  The method code C refers to circular plots with a radius of 1.13m and and area of 4m2.   The circular plots were centered on the vegetation plot stake.  At each circular plot, all shrubs greater than 1 meter tall were counted and an average and maximium height were recorded.   In 2006 shrub, sapling, and seedling data began being collected using transects rather than circular plots.  The method code T refers to shrub data collected using transects.  Two, 2-meter wide transects are run along the boundary of the research site with each starting from the prime corner (the corner closest to plot one).  Transect 1 runs parallel to plots 1-5 and is 60m long, Transect 2 runs parallel to plots 1,10,11,20 and is 50m long.  (NOTE: On several plots the river has washed away a large portion of the boundaries where the transect would be.  At these sites, the transect is moved to the opposite boundary.)   LAB:</para>
</section>
</description>
</methodStep>
<sampling>
<studyExtent>
<coverage>
<geographicCoverage>
<references>geoReference</references>
</geographicCoverage>
<temporalCoverage>
<rangeOfDates>
<beginDate>
<calendarDate>1975-06-09</calendarDate>
</beginDate>
<endDate>
<calendarDate>2013-07-31</calendarDate>
</endDate>
</rangeOfDates>
</temporalCoverage>
</coverage>
</studyExtent>
<samplingDescription>
<section>
<title>Sampling Frequency</title>
<para>variable</para>
</section>
</samplingDescription>
</sampling>
</methods>
<dataTable>
<entityName>530_ShrubSeedlingSaplingDensity_2013.txt</entityName>
<entityDescription>Survey data of the density of tall shrubs, saplings, and seedlings.</entityDescription>
<physical>
<objectName>530_ShrubSeedlingSaplingDensity_2013.txt</objectName>
<dataFormat>
<textFormat>
<numHeaderLines>1</numHeaderLines>
<recordDelimiter>\n</recordDelimiter>
<physicalLineDelimiter>\n</physicalLineDelimiter>
<attributeOrientation>column</attributeOrientation>
<simpleDelimited>
<fieldDelimiter>,</fieldDelimiter>
</simpleDelimited>
</textFormat>
</dataFormat>
<distribution>
<online>
<url function="download">http://www.lter.uaf.edu/ascii/files/530_ShrubSeedlingSaplingDensity_2013.txt</url>
</online>
</distribution>
</physical>
<attributeList>
<attribute>
<attributeName>Site</attributeName>
<attributeLabel>Site</attributeLabel>
<attributeDefinition>Site ID</attributeDefinition>
<storageType>string</storageType>
<measurementScale>
<nominal>
<nonNumericDomain>
<textDomain>
<definition>Site ID</definition>
</textDomain>
</nonNumericDomain>
</nominal>
</measurementScale>

</attribute>
<attribute>
<attributeName>Sample Date</attributeName>
<attributeLabel>Sample Date</attributeLabel>
<attributeDefinition>Date of sample</attributeDefinition>
<storageType>string</storageType>
<measurementScale>
<dateTime>
<formatString>mm/dd/yyyy</formatString>
</dateTime>
</measurementScale>

</attribute>
<attribute>
<attributeName>Species</attributeName>
<attributeLabel>Species</attributeLabel>
<attributeDefinition>Species Code</attributeDefinition>
<storageType>string</storageType>
<measurementScale>
<nominal>
<nonNumericDomain>
<textDomain>
<definition>Species Code</definition>
</textDomain>
</nonNumericDomain>
</nominal>
</measurementScale>

</attribute>
<attribute>
<attributeName>Size Class</attributeName>
<attributeLabel>Size Class</attributeLabel>
<attributeDefinition>Basal diameter class.  1 is 0-1 cm, 2 is 1-2cm, etc.</attributeDefinition>
<storageType>integer</storageType>
<measurementScale>
<nominal>
<nonNumericDomain>
<textDomain>
<definition>Basal diameter class.  1 is 0-1 cm, 2 is 1-2cm, etc.</definition>
</textDomain>
</nonNumericDomain>
</nominal>
</measurementScale>

</attribute>
<attribute>
<attributeName>Count</attributeName>
<attributeLabel>Count</attributeLabel>
<attributeDefinition>Number of individuals counted </attributeDefinition>
<storageType>integer</storageType>
<measurementScale>
<ratio>
<unit>
<standardUnit>dimensionless</standardUnit>
</unit>
<numericDomain>
<numberType>real</numberType>

</numericDomain>
</ratio>
</measurementScale>

</attribute>
<attribute>
<attributeName>#/ha</attributeName>
<attributeLabel>#/ha</attributeLabel>
<attributeDefinition>Number of individuals per hectare</attributeDefinition>
<storageType>integer</storageType>
<measurementScale>
<ratio>
<unit>
<standardUnit>dimensionless</standardUnit>
</unit>
<numericDomain>
<numberType>real</numberType>

</numericDomain>
</ratio>
</measurementScale>

</attribute>
<attribute>
<attributeName>Method</attributeName>
<attributeLabel>Method</attributeLabel>
<attributeDefinition>Method used for sampling</attributeDefinition>
<storageType>string</storageType>
<measurementScale>
<nominal>
<nonNumericDomain>
<enumeratedDomain>
<codeDefinition>
<code>T </code>
<definition> Transect method</definition>
</codeDefinition>
<codeDefinition>
<code> C </code>
<definition> Circular method</definition>
</codeDefinition>
</enumeratedDomain>
</nonNumericDomain>
</nominal>
</measurementScale>

</attribute>
</attributeList>
</dataTable>
</dataset>
<additionalMetadata>
 <metadata>
 <unitList>
<unit id="mm/dd/yyyy" />
</unitList>
 </metadata>
 </additionalMetadata>
</eml:eml>