<eml:eml xmlns:eml="eml://ecoinformatics.org/eml-2.1.1" xmlns:ns2="http://www.xml-cml.org/schema/stmml-1.1" xmlns:xsi="http://www.w3.org/2001/XMLSchema-instance" packageId="knb-lter-fce.1158.2" system="knb" xsi:schemaLocation="eml://ecoinformatics.org/eml-2.1.0 http://nis.lternet.edu/schemas/eml/eml-2.1.0/eml.xsd">
    <access authSystem="knb" order="allowFirst" scope="document">
      <allow>
        <principal>uid=FCE,o=lter,dc=ecoinformatics,dc=org</principal>
        <permission>read</permission>
      </allow>
      <allow>
        <principal>public</principal>
        <permission>read</permission>
      </allow>
    </access>
  <dataset id="ST_PP_Iwaniec_001">
    <alternateIdentifier>ST_PP_Iwaniec_001</alternateIdentifier>
    <title>Periphyton Net Primary Productivity and Respiration Rates from the Taylor Slough, just outside Everglades National Park, South Florida (FCE) from December 1998 to August 2002</title>
    <creator>
      <individualName>
        <salutation>Dr.</salutation>
        <givenName>Daniel</givenName>
        <surName>Childers</surName>
      </individualName>
      <organizationName>Global Institute of Sustainability| School of Sustainability</organizationName>
      <positionName>Associate Director for Research| Professor</positionName>
      <address>
        <deliveryPoint>Arizona State University</deliveryPoint>
        <deliveryPoint>PO Box 875402</deliveryPoint>
        <city>Tempe</city>
        <administrativeArea>AZ</administrativeArea>
        <postalCode>85287</postalCode>
        <country>USA</country>
      </address>
      <phone phonetype="voice">480-965-2320</phone>
      <phone phonetype="fax">480-965-8087</phone>
      <electronicMailAddress>dan.childers@asu.edu</electronicMailAddress>
    </creator>
    <creator>
      <individualName>
        <salutation>Dr.</salutation>
        <givenName>Tiffany</givenName>
        <surName>Troxler</surName>
      </individualName>
      <organizationName>Southeast Environmental Research Center</organizationName>
      <positionName>Project Collaborator</positionName>
      <address>
        <deliveryPoint>Florida International University</deliveryPoint>
        <deliveryPoint> University Park</deliveryPoint>
        <deliveryPoint> OE 148</deliveryPoint>
        <city>Miami</city>
        <administrativeArea>FL</administrativeArea>
        <postalCode>33199</postalCode>
        <country>USA</country>
      </address>
      <phone phonetype="voice">305-348-1453</phone>
      <phone phonetype="fax">305-348-4096</phone>
      <electronicMailAddress>troxlert@fiu.edu </electronicMailAddress>
      <onlineUrl>http://wetland.fiu.edu/</onlineUrl>
    </creator>
    <metadataProvider>
      <organizationName>Florida Coastal Everglades LTER Program</organizationName>
      <address>
        <deliveryPoint>Florida International University</deliveryPoint>
        <deliveryPoint> University Park</deliveryPoint>
        <deliveryPoint> OE 148</deliveryPoint>
        <city>Miami</city>
        <administrativeArea>FL</administrativeArea>
        <postalCode>33199</postalCode>
        <country>USA</country>
      </address>
      <phone phonetype="voice">305-348-6054</phone>
      <electronicMailAddress>fcelter@fiu.edu  </electronicMailAddress>
      <onlineUrl>http://fcelter.fiu.edu  </onlineUrl>
    </metadataProvider>
    <associatedParty>
      <individualName>
        <givenName>Rafael</givenName>
        <surName>Travieso</surName>
      </individualName>
      <organizationName>Southeast Environmental Research Center</organizationName>
      <address>
        <deliveryPoint>Florida International University</deliveryPoint>
        <deliveryPoint> University Park</deliveryPoint>
        <deliveryPoint> OE 148</deliveryPoint>
        <city>Miami</city>
        <administrativeArea>FL</administrativeArea>
        <postalCode>33199</postalCode>
        <country>USA</country>
      </address>
      <phone phonetype="voice">305-348-7286</phone>
      <phone phonetype="fax">305-348-4096</phone>
      <electronicMailAddress>travieso@fiu.edu</electronicMailAddress>
      <onlineUrl>http://www.fiu.edu/~ecosyst/</onlineUrl>
      <role>Technical Staff</role>
    </associatedParty>
    <associatedParty>
      <individualName>
        <givenName>Tiffany</givenName>
        <surName>Troxler</surName>
      </individualName>
      <organizationName>Southeast Environmental Research Center</organizationName>
      <address>
        <deliveryPoint>Project Collaborator</deliveryPoint>
        <city>Florida International University| University Park| OE 148</city>
        <administrativeArea>Miami</administrativeArea>
        <postalCode>FL</postalCode>
        <country>33199</country>
      </address>
      <phone phonetype="voice">USA</phone>
      <phone phonetype="fax">305-348-1453</phone>
      <electronicMailAddress>305-348-4096</electronicMailAddress>
      <onlineUrl>http://wetland.fiu.edu/</onlineUrl>
      <role>troxlert@fiu.edu </role>
    </associatedParty>
    <associatedParty>
      <individualName>
        <givenName>Daniel</givenName>
        <surName>Childers</surName>
      </individualName>
      <organizationName>Global Institute of Sustainability| School of Sustainability</organizationName>
      <address>
        <deliveryPoint>Associate Director for Research</deliveryPoint>
        <deliveryPoint> Professor</deliveryPoint>
        <city>Arizona State University|PO Box 875402</city>
        <administrativeArea>Tempe</administrativeArea>
        <postalCode>AZ</postalCode>
        <country>85287</country>
      </address>
      <phone phonetype="voice">USA</phone>
      <phone phonetype="fax">480-965-2320</phone>
      <electronicMailAddress>480-965-8087</electronicMailAddress>
      <role>dan.childers@asu.edu</role>
    </associatedParty>
    <pubDate>2005-04-01</pubDate>
    <abstract>
      <para>Once per year, at TS/Ph-4 and TS/Ph-5 we incubate periphyton from each site in water from each site in a complete factorial design.  We quantify metabolic rates of periphyton assemblages using standard oxygen change techniques in 300mL light and dark BOD bottles in triplicate.  Using YSI dissolved oxygen probes and meters, we measure dissolved oxygen change as the difference of initial and final oxygen concentrations over a two hour incubation.  We calculate net primary productivity and respiration rates in units of oxygen and carbon, then normalize to the organic content (ash free dry weight) of the incubated periphyton.</para>
    </abstract>
    <keywordSet>
      <keyword>FCE</keyword>
      <keyword>Florida Coastal Everglades LTER</keyword>
      <keyword>ecological research</keyword>
      <keyword>long-term monitoring</keyword>
      <keyword>Everglades National Park</keyword>
      <keyword>primary production</keyword>
      <keyword>net primary productivity</keyword>
      <keyword>Taylor Slough</keyword>
      <keyword>periphyton</keyword>
      <keyword>water</keyword>
      <keyword>productivity</keyword>
      <keyword>oxygen</keyword>
      <keyword>primary productivity</keyword>
      <keyword>incubation</keyword>
      <keyword>light</keyword>
      <keyword>respiration</keyword>
      <keyword>respiration rates</keyword>
      <keyword>metabolic rates</keyword>
      <keyword>NPP</keyword>
      <keyword>RESP</keyword>
      <keywordThesaurus>LTER Keyword Thesaurus</keywordThesaurus>
    </keywordSet>
    <intellectualRights>
      <para>These data are classified as 'Type II' whereby original FCE LTER experimental data collected by individual FCE researchers to be released to restricted audiences according to terms specified by the owners of the data. Type II data are considered to be exceptional and should be rare in occurrence. The justification for exceptions must be well documented and approved by the lead PI and Site Data Manager. Some examples of Type II data restrictions may include: locations of rare or endangered species, data that are covered under prior licensing or copyright (e.g., SPOT satellite data), or covered by the Human Subjects Act, Student Dissertation data and those data related to the FCE LTER Program but not funded by the National Science Foundation (NSF) under LTER grant #DEB-9910514. Researchers that make use of Type II Data may be subject to additional restrictions to protect any applicable commercial or confidentiality interests. All publications based on this dataset must cite the data Contributor, the Florida Coastal Everglades Long-Term Ecological Research (LTER) Program and that this material is based upon work supported by the National Science Foundation through the Florida Coastal Everglades Long-Term Ecological Research program under Cooperative Agreements #DEB-1237517, #DBI-0620409, and #DEB-9910514. Additionally, two copies of the manuscript must be submitted to the Florida Coastal Everglades LTER Program Office, LTER Program Manager, Florida International University, Southeast Environmental Research Center, OE 148, University Park, Miami, Florida 33199.  For a complete description of the FCE LTER Data Access Policy and Data User Agreement, please go to FCE Data Management Policy at http://fcelter.fiu.edu/data/DataMgmt.pdf and LTER Network Data Access Policy at http://fcelter.fiu.edu/data/core/data_user_agreement/distribution_policy.html.</para>
    </intellectualRights>
    <distribution>
      <online>
        <url>http://fcelter.fiu.edu/perl/public_data_download.pl?datasetid=ST_PP_Iwaniec_001.txt</url>
      </online>
    </distribution>
    <coverage>
      <geographicCoverage>
        <geographicDescription>Data were collected two Taylor Slough sites, just outside Everglades National Park, South Florida</geographicDescription>
        <boundingCoordinates>
          <westBoundingCoordinate>-80.522</westBoundingCoordinate>
          <eastBoundingCoordinate>-80.520</eastBoundingCoordinate>
          <northBoundingCoordinate>25.315</northBoundingCoordinate>
          <southBoundingCoordinate>25.295</southBoundingCoordinate>
        </boundingCoordinates>
      </geographicCoverage>
      <geographicCoverage>
        <geographicDescription>Florida Coastal Everglades LTER Study Area: South Florida, Everglades National Park, and Florida Bay</geographicDescription>
        <boundingCoordinates>
          <westBoundingCoordinate>-81.078</westBoundingCoordinate>
          <eastBoundingCoordinate>-80.490</eastBoundingCoordinate>
          <northBoundingCoordinate>25.761</northBoundingCoordinate>
          <southBoundingCoordinate>24.913</southBoundingCoordinate>
        </boundingCoordinates>
      </geographicCoverage>
      <temporalCoverage>
        <rangeOfDates>
          <beginDate>
            <calendarDate>1998-12-08</calendarDate>
          </beginDate>
          <endDate>
            <calendarDate>2002-08-29</calendarDate>
          </endDate>
        </rangeOfDates>
      </temporalCoverage>
    </coverage>
    <maintenance>
      <description>
        <para>This is a short-term primary productionl dataset. This dataset replaces all previous versions of ST_PP_Iwaniec_001 original. The FCE program is discontinuing its practice of versioning data as of March 2013.</para>
      </description>
      <changeHistory>
        <changeScope>Added new Data download URL and new FCE III Project information</changeScope>
        <oldValue>Added new Data download URL where user not required to register with the LNO DAS.</oldValue>
        <changeDate>2013-10-03</changeDate>
      </changeHistory>
    </maintenance>
    <contact>
      <individualName>
        <givenName>Rafael</givenName>
        <surName>Travieso</surName>
      </individualName>
      <organizationName>Southeast Environmental Research Center</organizationName>
      <positionName>South Florida Wetland Ecosystems Lab Field Technican</positionName>
      <address>
        <deliveryPoint>Florida International University</deliveryPoint>
        <deliveryPoint> University Park</deliveryPoint>
        <deliveryPoint> OE 148</deliveryPoint>
        <city>Miami</city>
        <administrativeArea>FL</administrativeArea>
        <postalCode>33199</postalCode>
        <country>USA</country>
      </address>
      <phone phonetype="voice">305-348-7286</phone>
      <phone phonetype="fax">305-348-4096</phone>
      <electronicMailAddress>travieso@fiu.edu</electronicMailAddress>
      <onlineUrl>http://www.fiu.edu/~ecosyst/</onlineUrl>
    </contact>
    <contact>
      <organizationName>Florida Coastal Everglades LTER Program</organizationName>
      <positionName>Information Manager</positionName>
      <address>
        <deliveryPoint>Florida International University</deliveryPoint>
        <deliveryPoint> University Park</deliveryPoint>
        <deliveryPoint> OE 148</deliveryPoint>
        <city>Miami</city>
        <administrativeArea>FL</administrativeArea>
        <postalCode>33199</postalCode>
        <country>USA</country>
      </address>
      <phone phonetype="voice">305-348-6054</phone>
      <phone phonetype="fax">305-348-4096</phone>
      <electronicMailAddress>fcelter@fiu.edu</electronicMailAddress>
      <onlineUrl>http://fcelter.fiu.edu</onlineUrl>
    </contact>
    <publisher>
      <organizationName>Florida Coastal Everglades LTER Program</organizationName>
      <address>
        <deliveryPoint>Florida International University</deliveryPoint>
        <deliveryPoint> University Park</deliveryPoint>
        <deliveryPoint> OE 148</deliveryPoint>
        <city>Miami</city>
        <administrativeArea>FL</administrativeArea>
        <postalCode>33199</postalCode>
        <country>USA</country>
      </address>
      <phone phonetype="voice">305-348-6054</phone>
      <electronicMailAddress>fcelter@fiu.edu  </electronicMailAddress>
      <onlineUrl>http://fcelter.fiu.edu  </onlineUrl>
    </publisher>
    <methods>
      <methodStep>
        <description>
          <para>Once per year, at TS/Ph-4 and TS/Ph-5 we incubate periphyton from each site in water from each site in a complete factorial design in triplicate.  We quantify metabolic rates of periphyton assemblages using thirty-six 300mL light/dark BOD bottles.  From each site, approxiamately 500 mm^2 of periphyton is added to water from each site in a matrix design, the remaining 12 bottles are controls.  Combinations for the matrix design that are used with both light and dark bottles include: TS/Ph4 Periphyton x TS/Ph4 Water ; TS/Ph4 Periphyton x TS/Ph5 Water; TS/Ph5 Periphyton x TS/Ph4 Water; TS/Ph5 Periphyton x TS/Ph5 Water; then controls soley have ambient water. Using YSI dissolved oxygen probes and meters, initial and final dissolved oxygen concentrations and times for all bottles is measured during incubation (approxiametely two hours).  Incubated periphyton is brought to the lab and dried at 70 C for a minimum of 24 hours then ashed at 500 C for 3 hours.  We calculate net primary productivity and respiration rates using standard oxygen change techniques to units of carbon, then normalize to the organic content (using the difference of dry weight and ash free dry weight, AFDW) of the incubated periphyton.</para>
        </description>
        <instrumentation>YSI 5905 BOD Probe</instrumentation>
        <instrumentation> YSI 52 Dissolved Oxygen Meter</instrumentation>
        <instrumentation> 300 mL light and dark BOD bottles</instrumentation>
        <instrumentation> PC</instrumentation>
      </methodStep>
      <sampling>
        <studyExtent>
          <description>
            <para>The Study Extent of this dataset includes two FCE Taylor Slough research sites just outside Everglades National Park, South Florida</para>
          </description>
        </studyExtent>
        <samplingDescription>
          <para>Once per year, at TS/Ph-4 and TS/Ph-5 we incubate periphyton from each site in water from each site in a complete factorial design in triplicate.  We quantify metabolic rates of periphyton assemblages using thirty-six 300mL light/dark BOD bottles.  From each site, approxiamately 500 mm^2 of periphyton is added to water from each site in a matrix design, the remaining 12 bottles are controls.  Combinations for the matrix design that are used with both light and dark bottles include: TS/Ph4 Periphyton x TS/Ph4 Water ; TS/Ph4 Periphyton x TS/Ph5 Water; TS/Ph5 Periphyton x TS/Ph4 Water; TS/Ph5 Periphyton x TS/Ph5 Water; then controls soley have ambient water. Using YSI dissolved oxygen probes and meters, initial and final dissolved oxygen concentrations and times for all bottles is measured during incubation (approxiametely two hours).  Incubated periphyton is brought to the lab and dried at 70 C for a minimum of 24 hours then ashed at 500 C for 3 hours.  We calculate net primary productivity and respiration rates using standard oxygen change techniques to units of carbon, then normalize to the organic content (using the difference of dry weight and ash free dry weight, AFDW) of the incubated periphyton.</para>
        </samplingDescription>
        <spatialSamplingUnits>
          <coverage>
            <geographicDescription>FCE LTER Site TS/Ph4</geographicDescription>
            <boundingCoordinates>
              <westBoundingCoordinate>-80.522</westBoundingCoordinate>
              <eastBoundingCoordinate>-80.522</eastBoundingCoordinate>
              <northBoundingCoordinate>25.315</northBoundingCoordinate>
              <southBoundingCoordinate>25.315</southBoundingCoordinate>
            </boundingCoordinates>
          </coverage>
          <coverage>
            <geographicDescription>FCE LTER Site TS/Ph5</geographicDescription>
            <boundingCoordinates>
              <westBoundingCoordinate>-80.520</westBoundingCoordinate>
              <eastBoundingCoordinate>-80.520</eastBoundingCoordinate>
              <northBoundingCoordinate>25.295</northBoundingCoordinate>
              <southBoundingCoordinate>25.295</southBoundingCoordinate>
            </boundingCoordinates>
          </coverage>
        </spatialSamplingUnits>
      </sampling>
      <qualityControl>
        <description>
        </description>
      </qualityControl>
    </methods>
    <project id="1">
      <title>Florida Coastal Everglades LTER: Coastal Oligotrophic Ecosystems Research-the Coastal Everglades</title>
        <personnel>
          <individualName>
            <givenName>Daniel</givenName>
            <surName>Childers</surName>
          </individualName>
          <organizationName>Florida Coastal Everglades LTER Program</organizationName>
          <address>
            <deliveryPoint>Department of Biological Sciences</deliveryPoint>
            <deliveryPoint>Florida International University</deliveryPoint>
            <deliveryPoint>University Park</deliveryPoint>
            <deliveryPoint>OE 167</deliveryPoint>
            <city>Miami</city>
            <administrativeArea>FL</administrativeArea>
            <postalCode>33199</postalCode>
            <country>USA</country>
          </address>
          <phone phonetype="voice">305-348-3101</phone>
          <phone phonetype="fax">305-348-1986</phone>
          <electronicMailAddress>childers@fiu.edu</electronicMailAddress>
          <role>Lead Principal Investigator</role>
        </personnel>
        <personnel>
          <individualName>
            <givenName>Joseph</givenName>
            <surName>Boyer</surName>
          </individualName>
          <organizationName>Florida Coastal Everglades LTER Program</organizationName>
          <address>
            <deliveryPoint>Southeast Environmental Research Center</deliveryPoint>
            <deliveryPoint>Florida International University</deliveryPoint>
            <deliveryPoint> University Park</deliveryPoint>
            <deliveryPoint> OE 148</deliveryPoint>
            <city>Miami</city>
            <administrativeArea>FL</administrativeArea>
            <postalCode>33199</postalCode>
            <country>USA</country>
          </address>
          <phone phonetype="voice">305-348-4076</phone>
          <phone phonetype="fax">305-348-4096</phone>
          <role>Principal Investigator</role>
        </personnel>
        <personnel>
          <individualName>
            <givenName>James</givenName>
            <surName>Fourqurean</surName>
          </individualName>
          <organizationName>Florida Coastal Everglades LTER Program</organizationName>
          <address>
            <deliveryPoint>Department of Biological Sciences</deliveryPoint>
            <deliveryPoint>Florida International University</deliveryPoint>
            <deliveryPoint>University Park</deliveryPoint>
            <deliveryPoint>OE 167</deliveryPoint>
            <city>Miami</city>
            <administrativeArea>FL</administrativeArea>
            <postalCode>33199</postalCode>
            <country>USA</country>
          </address>
          <phone phonetype="voice">305-348-4084</phone>
          <phone phonetype="fax">305-348-4096</phone>
          <role>Principal Investigator</role>
        </personnel>
        <personnel>
          <individualName>
            <givenName>Rudolf</givenName>
            <surName>Jaffe</surName>
          </individualName>
          <organizationName>Florida Coastal Everglades LTER Program</organizationName>
          <address>
            <deliveryPoint>Department of Chemistry</deliveryPoint>
            <deliveryPoint>Florida International University</deliveryPoint>
            <deliveryPoint>University Park</deliveryPoint>
            <deliveryPoint>CP 304</deliveryPoint>
            <city>Miami</city>
            <administrativeArea>FL</administrativeArea>
            <postalCode>33199</postalCode>
            <country>USA</country>
          </address>
          <phone phonetype="voice">305-348-2456</phone>
          <phone phonetype="fax">305-348-4096</phone>
          <role>Principal Investigator</role>
        </personnel>
        <personnel>
          <individualName>
            <givenName>Joel</givenName>
            <surName>Trexler</surName>
          </individualName>
          <organizationName>Florida Coastal Everglades LTER Program</organizationName>
          <address>
            <deliveryPoint>Department of Biological Sciences</deliveryPoint>
            <deliveryPoint>Florida International University</deliveryPoint>
            <deliveryPoint>University Park</deliveryPoint>
            <deliveryPoint>OE 167</deliveryPoint>
            <city>Miami</city>
            <administrativeArea>FL</administrativeArea>
            <postalCode>33199</postalCode>
            <country>USA</country>
          </address>
          <phone phonetype="voice">305-348-1966</phone>
          <phone phonetype="fax">305-348-1986</phone>
          <role>Principal Investigator</role>
        </personnel>
        <abstract>
          <para>We are investigating how variability in regional climate, freshwater inputs, disturbance, and perturbations affect the coastal Everglades ecosystem. Our long term research program focuses on testing the following central idea and hypotheses:  Regional processes mediated by water flow control population and ecosystem level dynamics at any location within the coastal Everglades landscape. This phenomenon is best exemplified in the dynamics of an estuarine oligohaline zone where fresh water draining phosphorus-limited Everglades marshes mixes with water from the more nitrogen-limited coastal ocean. Hypothesis 1: In nutrient-poor coastal systems, long-term changes in the quantity or quality of organic matter inputs will exert strong and direct controls on estuarine productivity, because inorganic nutrients are at such low levels. Hypothesis 2: Interannual and long-term changes in freshwater flow controls the magnitude of nutrients and organic matter inputs to the estuarine zone, while ecological processes in the freshwater marsh and coastal ocean control the quality and characteristics of those inputs. Hypothesis 3: Long-term changes in freshwater flow (primarily manifest through management and Everglades restoration) will interact with long-term changes in the climatic and disturbance (sea level rise, hurricanes, fires) regimes to modify ecological pattern and process across coastal landscapes.</para>
        </abstract>
        <funding>
          <para>National Science Foundation under Grant # 9910514</para>
        </funding>
        <studyAreaDescription>
        <coverage>
          <geographicCoverage>
            <geographicDescription>The FCE LTER Project Study area is located in South Florida, mostly in Everglades National Park. There are a total of 21 sampling sites located in two major regions: 1) Shark River Slough and 2) Taylor Slough/Panhandle.</geographicDescription>
            <boundingCoordinates>
              <westBoundingCoordinate>-81.078</westBoundingCoordinate>
              <eastBoundingCoordinate>-80.490</eastBoundingCoordinate>
              <northBoundingCoordinate>25.761</northBoundingCoordinate>
              <southBoundingCoordinate>24.913</southBoundingCoordinate>
            </boundingCoordinates>
          </geographicCoverage>
          <temporalCoverage>
            <rangeOfDates>
              <beginDate>
                <calendarDate>2000-05-01</calendarDate>
              </beginDate>
              <endDate>
                <calendarDate> 2006-04-30</calendarDate>
              </endDate>
            </rangeOfDates>
          </temporalCoverage>
        </coverage>
        </studyAreaDescription>
      <relatedProject id="26">
        <title>FCE LTER II:  Coastal Oligotrophic Ecosystems Research</title>
          <personnel>
            <individualName>
              <givenName>Evelyn </givenName>
              <surName>Gaiser</surName>
            </individualName>
            <organizationName>Florida Coastal Everglades LTER Program</organizationName>
            <address>
              <deliveryPoint>Florida International University</deliveryPoint>
              <deliveryPoint> University Park</deliveryPoint>
              <deliveryPoint> OE 148</deliveryPoint>
              <city>Miami</city>
              <administrativeArea>FL</administrativeArea>
              <postalCode>33199</postalCode>
              <country>USA</country>
            </address>
            <phone phonetype="voice">305-348-6145</phone>
            <phone phonetype="fax">305-348-4096</phone>
            <electronicMailAddress>gaisere@fiu.edu</electronicMailAddress>
            <role>Lead Principal Investigator</role>
          </personnel>
          <personnel>
            <individualName>
              <givenName>Mike</givenName>
              <surName>Heithaus</surName>
            </individualName>
            <organizationName>Florida Coastal Everglades LTER Program</organizationName>
            <address>
              <deliveryPoint>Department of Biological Sciences</deliveryPoint>
              <deliveryPoint>Marine Biology Program</deliveryPoint>
              <deliveryPoint>Florida International University</deliveryPoint>
              <deliveryPoint>Biscayne Bay Campus</deliveryPoint>
              <city>Miami</city>
              <administrativeArea>FL </administrativeArea>
              <postalCode>33181</postalCode>
              <country>USA</country>
            </address>
            <phone phonetype="voice">(305) 919-5234</phone>
            <phone phonetype="fax">(305) 919-4030</phone>
            <electronicMailAddress>heithaus@fiu.edu</electronicMailAddress>
            <role>Principal Investigator</role>
          </personnel>
          <personnel>
            <individualName>
              <givenName>Rudolf</givenName>
              <surName>Jaffe</surName>
            </individualName>
            <organizationName>Florida Coastal Everglades LTER Program</organizationName>
            <address>
              <deliveryPoint>Department of Chemistry</deliveryPoint>
              <deliveryPoint>Florida International University</deliveryPoint>
              <deliveryPoint>University Park</deliveryPoint>
              <deliveryPoint>CP 304</deliveryPoint>
              <city>Miami</city>
              <administrativeArea>FL</administrativeArea>
              <postalCode>33199</postalCode>
              <country>USA</country>
            </address>
            <phone phonetype="voice">305-348-2456</phone>
            <phone phonetype="fax">305-348-4096</phone>
            <electronicMailAddress>jaffer@fiu.edu </electronicMailAddress>
            <role>Principal Investigator</role>
          </personnel>
          <personnel>
            <individualName>
              <givenName>Rene</givenName>
              <surName>Price </surName>
            </individualName>
            <organizationName>Florida Coastal Everglades LTER Program</organizationName>
            <address>
              <deliveryPoint>Department of Earth Sciences</deliveryPoint>
              <deliveryPoint> Florida International University</deliveryPoint>
              <deliveryPoint> University Park</deliveryPoint>
              <deliveryPoint> PC 344</deliveryPoint>
              <deliveryPoint> 11200 SW 8th Street</deliveryPoint>
              <city>Miami</city>
              <administrativeArea>FL</administrativeArea>
              <postalCode>33199</postalCode>
              <country>USA</country>
            </address>
            <phone phonetype="voice">305-348-3119</phone>
            <phone phonetype="fax">305-348-3877</phone>
            <electronicMailAddress>pricer@fiu.edu</electronicMailAddress>
            <role>Principal Investigator</role>
          </personnel>
          <abstract>
            <para>Our FCE I research focused on understanding how dissolved organic matter from upstream oligotrophic marshes interacts with a marine source of phosphorus (P), the limiting nutrient, to control estuarine productivity where these two influences meet-in the oligohaline ecotone. This dynamic is affected by the interaction of local ecological processes and landscape-scale drivers (hydrologic, climatological, and human). During FCE I, our ideas about how these "upside-down" estuaries (Childers et al. 2006) function has evolved, and we have modified our central theme to reflect this new understanding. Our focus in FCE II will be even more strongly on the oligohaline ecotone region of our experimental transects. For FCE II, our overarching theme is:  In the coastal Everglades landscape, population and ecosystem-level dynamics are controlled by the relative importance of water source, water residence time, and local biotic processes. This phenomenon is best exemplified in the oligohaline ecotone, where these 3 factors interact most strongly and vary over many [temporal and spatial] scales.Hypothesis 1: Increasing inputs of fresh water will enhance oligotrophy in nutrient-poor coastal systems, as long as the inflowing water has low nutrient content; this dynamic will be most pronounced in the oligohaline ecotone.  Hypothesis 2: An increase in freshwater inflow will increase the physical transport of detrital organic matter to the oligohaline ecotone, which will enhance estuarine productivity. The quality of these allochthonous detrital inputs will be controlled by upstream ecological processes. Hypothesis 3: Water residence time, groundwater inputs, and tidal energy interact with climatic and disturbance regimes to modify ecological pattern and process in oligotrophic estuaries; this dynamic will be most pronounced in the oligohaline ecotone. Childers, D.L., J.N. Boyer, S.E. Davis, C.J. Madden, D.T. Rudnick, and F.H. Sklar, 2006. Relating precipitation and water management to nutrient concentration patterns in the oligotrophic "upside down" estuaries of the Florida Everglades. Limnology and Oceanography, 51(1): 602-616. </para>
          </abstract>
          <funding>
            <para>National Science Foundation under Grant # 9910514 and #0620409</para>
          </funding>
          <studyAreaDescription>
          <coverage>
            <geographicCoverage>
              <geographicDescription>The FCE LTER Project Study area is located in South Florida, mostly in Everglades National Park. There are a total of 20 sampling sites located in two major regions: 1) Shark River Slough and 2) Taylor Slough/Panhandle.</geographicDescription>
              <boundingCoordinates>
                <westBoundingCoordinate>-81.078</westBoundingCoordinate>
                <eastBoundingCoordinate>-80.490</eastBoundingCoordinate>
                <northBoundingCoordinate>25.761</northBoundingCoordinate>
                <southBoundingCoordinate>24.913</southBoundingCoordinate>
              </boundingCoordinates>
            </geographicCoverage>
            <temporalCoverage>
              <rangeOfDates>
                <beginDate>
                  <calendarDate>2006-12-01</calendarDate>
                </beginDate>
                <endDate>
                  <calendarDate>2012-12-01</calendarDate>
                </endDate>
              </rangeOfDates>
            </temporalCoverage>
          </coverage>
          </studyAreaDescription>
      </relatedProject>
        <relatedProject id="64">
          <title>FCE LTER III:  Coastal Oligotrophic Ecosystems Research</title>
            <personnel>
              <individualName>
                <givenName>Evelyn </givenName>
                <surName>Gaiser</surName>
              </individualName>
              <organizationName>Florida Coastal Everglades LTER Program</organizationName>
              <address>
                <deliveryPoint>Florida International University</deliveryPoint>
                <deliveryPoint> University Park</deliveryPoint>
                <deliveryPoint> OE 148</deliveryPoint>
                <city>Miami</city>
                <administrativeArea>FL</administrativeArea>
                <postalCode>33199</postalCode>
                <country>USA</country>
              </address>
              <phone phonetype="voice">305-348-6145</phone>
              <phone phonetype="fax">305-348-4096</phone>
              <electronicMailAddress>gaisere@fiu.edu</electronicMailAddress>
              <role>Lead Principal Investigator</role>
            </personnel>
            <personnel>
              <individualName>
                <givenName>Mike</givenName>
                <surName>Heithaus</surName>
              </individualName>
              <organizationName>Florida Coastal Everglades LTER Program</organizationName>
              <address>
                <deliveryPoint>Department of Biological Sciences</deliveryPoint>
                <deliveryPoint>Marine Biology Program</deliveryPoint>
                <deliveryPoint>Florida International University</deliveryPoint>
                <deliveryPoint>Biscayne Bay Campus</deliveryPoint>
                <city>Miami</city>
                <administrativeArea>FL </administrativeArea>
                <postalCode>33181</postalCode>
                <country>USA</country>
              </address>
              <phone phonetype="voice">(305) 919-5234</phone>
              <phone phonetype="fax">(305) 919-4030</phone>
              <electronicMailAddress>heithaus@fiu.edu</electronicMailAddress>
              <role>Principal Investigator</role>
            </personnel>
            <personnel>
              <individualName>
                <givenName>Rudolf</givenName>
                <surName>Jaffe</surName>
              </individualName>
              <organizationName>Florida Coastal Everglades LTER Program</organizationName>
              <address>
                <deliveryPoint>Department of Chemistry</deliveryPoint>
                <deliveryPoint>Florida International University</deliveryPoint>
                <deliveryPoint>University Park</deliveryPoint>
                <deliveryPoint>CP 304</deliveryPoint>
                <city>Miami</city>
                <administrativeArea>FL</administrativeArea>
                <postalCode>33199</postalCode>
                <country>USA</country>
              </address>
              <phone phonetype="voice">305-348-2456</phone>
              <phone phonetype="fax">305-348-4096</phone>
              <electronicMailAddress>jaffer@fiu.edu </electronicMailAddress>
              <role>Principal Investigator</role>
            </personnel>
            <personnel>
              <individualName>
                <givenName>Rene</givenName>
                <surName>Price </surName>
              </individualName>
              <organizationName>Florida Coastal Everglades LTER Program</organizationName>
              <address>
                <deliveryPoint>Department of Earth Sciences</deliveryPoint>
                <deliveryPoint> Florida International University</deliveryPoint>
                <deliveryPoint> University Park</deliveryPoint>
                <deliveryPoint> PC 344</deliveryPoint>
                <deliveryPoint> 11200 SW 8th Street</deliveryPoint>
                <city>Miami</city>
                <administrativeArea>FL</administrativeArea>
                <postalCode>33199</postalCode>
                <country>USA</country>
              </address>
              <phone phonetype="voice">305-348-3119</phone>
              <phone phonetype="fax">305-348-3877</phone>
              <electronicMailAddress>pricer@fiu.edu</electronicMailAddress>
              <role>Principal Investigator</role>
            </personnel>
            <personnel>
              <individualName>
                <givenName>Laura</givenName>
                <surName>Ogden</surName>
              </individualName>
              <organizationName>Florida Coastal Everglades LTER Program</organizationName>
              <address>
                <deliveryPoint>Department of Global &amp; Sociocultural Studies</deliveryPoint>
                <deliveryPoint> Florida International University</deliveryPoint>
                <deliveryPoint> University Park</deliveryPoint>
                <deliveryPoint> DM341C</deliveryPoint>
                <deliveryPoint> 11200 SW 8th Street</deliveryPoint>
                <city>Miami</city>
                <administrativeArea>FL</administrativeArea>
                <postalCode>33199</postalCode>
                <country>USA</country>
              </address>
              <phone phonetype="voice">305-348-6663</phone>
              <phone phonetype="fax">305-348-3605</phone>
              <electronicMailAddress>Laura.Ogden@fiu.edu</electronicMailAddress>
              <role>Principal Investigator</role>
            </personnel>
            <abstract>
              <para>Coastal ecosystems are being modified at unprecedented rates through interacting
pressures of global climate change and rapid human population growth, impacting natural coastal
resources and the services they provide. Located at the base of the shallow-sloping Florida peninsula, the Everglades wilderness and 6 million human residents are exceptionally exposed to both pressures. Further, freshwater drainage has accelerated saltwater intrusion over land and into the porous limestone aquifer, resulting in coastal ecosystem transgression and seasonal residential freshwater shortages. The unprecedented landscape-scale Everglades restoration process is expected to reverse some of these trends. However, it is not clear how uncertainties about climate change prognoses and their impacts (e.g., sea level rise (SLR), changes in storm activity or severity, and climate drivers of freshwater availability) may influence human activities (e.g., population growth, resource use, land-use change), and how their interaction will affect the restoration process that is already steeped in conflict. The Florida Coastal Everglades Long-Term Ecological Research (FCE LTER) program is dedicated to long-term coupled biophysical and cultural studies that expose and unravel complex feedbacks that generate distinctive patterns and processes in vulnerable coastal ecosystems. The overarching theme of FCE research is: In the coastal Everglades, climate change and resource management decisions interact to influence
freshwater availability, ecosystem dynamics, and the value and utilization of ecosystem services by people. Because they are highly sensitive to the balance of freshwater and marine influences,
coastal wetlands of the Florida Everglades provide an ideal system to examine how socio-ecological systems respond to and mitigate the effects of climate change and freshwater allocation decisions. The trans-disciplinary science conducted by the large FCE research team is revealing how estuary hydrodynamics and biogeochemistry may tilt on a fulcrum defined by the magnitude by which coastal pressures (SRL, storms) are mitigated by freshwater flows. We employ a socio-ecological framework to address how climate change interacts with political decisions to determine the sustainability of interconnected human-natural systems. In FCE I, we discovered how coastal nutrient supplies create an unusual &#226;&#128;&#156;upside-down&#226;&#128;&#157; productivity gradient in karstic estuaries. FCE II research used growing long-term datasets to reveal the sensitivity of this gradient to changes in hydrodynamics, nutrient availability, and salinity. In FCE III, we will use South Florida as an exemplary system for understanding how and why socio-ecological systems resist, adapt to, or mitigate the effects of climate change on ecosystem sustainability. We will examine how decisions about freshwater delivery to the Everglades influence -and are influenced by - the impact of SLR in this especially vulnerable landscape. Biophysical studies will focus on how this balance of fresh and marine sources influences biogeochemical cycling, primary production, organic matter dynamics, and trophic dynamics, to drive carbon gains and losses. We expand our spatio-temporal domain by employing powerful long-term datasets and experiments to determine legacies of past interactions, and to constrain models that will help guide a sustainable future for the FCE.
</para>
            </abstract>
            <funding>
              <para>National Science Foundation under Grant # 9910514, #0620409 and DEB-1237517</para>
            </funding>
            <studyAreaDescription>
            <coverage>
              <geographicCoverage>
                <geographicDescription>The FCE LTER Project Study area is located in South Florida, mostly in Everglades National Park. There are a total of 20 sampling sites located in two major regions: 1) Shark River Slough and 2) Taylor Slough/Panhandle.</geographicDescription>
                <boundingCoordinates>
                  <westBoundingCoordinate>-81.078</westBoundingCoordinate>
                  <eastBoundingCoordinate>-80.490</eastBoundingCoordinate>
                  <northBoundingCoordinate>25.761</northBoundingCoordinate>
                  <southBoundingCoordinate>24.913</southBoundingCoordinate>
                </boundingCoordinates>
              </geographicCoverage>
              <temporalCoverage>
                <rangeOfDates>
                  <beginDate>
                    <calendarDate>2012-12-01</calendarDate>
                  </beginDate>
                  <endDate>
                    <calendarDate>2018-12-01</calendarDate>
                  </endDate>
                </rangeOfDates>
              </temporalCoverage>
            </coverage>
            </studyAreaDescription>
        </relatedProject>
    </project>
    <dataTable>
      <entityName>ST_PP_Iwaniec_001</entityName>
      <entityDescription>Periphyton Net Primary Productivity and Respiration Rates from the Taylor Slough, just outside Everglades National Park, South Florida (FCE)</entityDescription>
      <physical>
        <objectName>ST_PP_Iwaniec_001</objectName>
        <size unit="KB">4</size>
        <characterEncoding>ASCII</characterEncoding>
        <dataFormat>
          <textFormat>
            <numHeaderLines>1</numHeaderLines>
            <recordDelimiter>\n</recordDelimiter>
            <attributeOrientation>column</attributeOrientation>
            <simpleDelimited>
              <fieldDelimiter>,</fieldDelimiter>
            </simpleDelimited>
          </textFormat>
        </dataFormat>
        <distribution>
          <online>
            <url function="download">http://fcelter.fiu.edu/perl/public_data_download.pl?datasetid=ST_PP_Iwaniec_001.txt</url>
          </online>
          <access authSystem="knb" order="allowFirst" scope="document">
            <allow>
              <principal>uid=FCE,o=lter,dc=ecoinformatics,dc=org</principal>
              <permission>read</permission>
            </allow>
            <allow>
              <principal>public</principal>
              <permission>read</permission>
            </allow>
          </access>
        </distribution>
      </physical>
      <attributeList>
        <attribute id="att.1">
          <attributeName>PeriphytonSource</attributeName>
          <attributeLabel>sitename</attributeLabel>
          <attributeDefinition>Name of LTER site where periphyton were collected</attributeDefinition>
          <storageType>text</storageType>
          <measurementScale>
            <ordinal>
              <nonNumericDomain>
                <textDomain>
                  <definition>Name of LTER site where periphyton were collected</definition>
                </textDomain>
              </nonNumericDomain>
            </ordinal>
          </measurementScale>
        </attribute>
        <attribute id="att.2">
          <attributeName>WaterSource</attributeName>
          <attributeLabel>sitename</attributeLabel>
          <attributeDefinition>Name of LTER site where water were collected</attributeDefinition>
          <storageType>text</storageType>
          <measurementScale>
            <ordinal>
              <nonNumericDomain>
                <textDomain>
                  <definition>Name of LTER site where water were collected</definition>
                </textDomain>
              </nonNumericDomain>
            </ordinal>
          </measurementScale>
        </attribute>
        <attribute id="att.3">
          <attributeName>Date</attributeName>
          <attributeLabel>date</attributeLabel>
          <attributeDefinition>Collection date</attributeDefinition>
          <storageType>datetime</storageType>
          <measurementScale>
            <dateTime>
              <formatString>YYYY-MM-DD</formatString>
              <dateTimePrecision>1</dateTimePrecision>
              <dateTimeDomain>
                <bounds>
                  <minimum exclusive="false">1998-12-08</minimum>
                  <maximum exclusive="false">2002-08-29</maximum>
                </bounds>
              </dateTimeDomain>
            </dateTime>
          </measurementScale>
        </attribute>
        <attribute id="att.4">
          <attributeName>NPP</attributeName>
          <attributeLabel>net primary productivity</attributeLabel>
          <attributeDefinition>Net primary productivity</attributeDefinition>
          <storageType>data</storageType>
          <measurementScale>
            <ratio>
              <unit>
                <customUnit>milligramsPerGramPerHour</customUnit>
              </unit>
                <precision>0.01</precision>
                <numericDomain>
                  <numberType>real</numberType>
                </numericDomain>
            </ratio>
          </measurementScale>
          <missingValueCode>
            <code>-9999.00</code>
            <codeExplanation>Value will never be recorded </codeExplanation>
          </missingValueCode>
          <methods>
            <methodStep>
              <description>
                <para>Calculations: Metabolic Rate = 12*(dO2/dt)-Controls)/AFDW)/32</para>
              </description>
            </methodStep>
          </methods>
        </attribute>
        <attribute id="att.5">
          <attributeName>NPP_STD</attributeName>
          <attributeLabel>standard deviation</attributeLabel>
          <attributeDefinition>Periphyton net primary productivity standard deviation</attributeDefinition>
          <storageType>data</storageType>
          <measurementScale>
            <ratio>
              <unit>
                <customUnit>milligramsPerGramPerHour</customUnit>
              </unit>
                <precision>0.01</precision>
                <numericDomain>
                  <numberType>real</numberType>
                </numericDomain>
            </ratio>
          </measurementScale>
          <missingValueCode>
            <code>-9999.00</code>
            <codeExplanation>Value will never be recorded </codeExplanation>
          </missingValueCode>
        </attribute>
        <attribute id="att.6">
          <attributeName>RESP</attributeName>
          <attributeLabel>respiration rate</attributeLabel>
          <attributeDefinition>Periphyton respiration rate</attributeDefinition>
          <storageType>data</storageType>
          <measurementScale>
            <ratio>
              <unit>
                <customUnit>milligramsPerGramPerHour</customUnit>
              </unit>
                <precision>0.01</precision>
                <numericDomain>
                  <numberType>real</numberType>
                </numericDomain>
            </ratio>
          </measurementScale>
          <missingValueCode>
            <code>-9999.00</code>
            <codeExplanation>Value will never be recorded </codeExplanation>
          </missingValueCode>
        </attribute>
        <attribute id="att.7">
          <attributeName>RESP_STD</attributeName>
          <attributeLabel>standard deviation</attributeLabel>
          <attributeDefinition>Periphyton respiration rate standard deviation</attributeDefinition>
          <storageType>data</storageType>
          <measurementScale>
            <ratio>
              <unit>
                <customUnit>milligramsPerGramPerHour</customUnit>
              </unit>
                <precision>0.01</precision>
                <numericDomain>
                  <numberType>real</numberType>
                </numericDomain>
            </ratio>
          </measurementScale>
          <missingValueCode>
            <code>-9999.00</code>
            <codeExplanation>Value will never be recorded </codeExplanation>
          </missingValueCode>
        </attribute>
      </attributeList>
      <numberOfRecords>14</numberOfRecords>
    </dataTable>
  </dataset>
<additionalMetadata>
  <metadata>
    <ns2:unitList xsi:schemaLocation="eml://ecoinformatics.org/eml-2.1.0 http://fcelter.fiu.edu/data/eml_schema/eml-2.1.0/stmml.xsd">
    
      <ns2:unit id="milligramsPerGramPerHour" multiplierToSI="1" name="milligramsPerGramPerHour" unitType="amountOfSubstanceWeightFlux">
        <ns2:description>milligrams per gram per hour (rate)</ns2:description>
      </ns2:unit>
    </ns2:unitList>
  </metadata>
</additionalMetadata>
<additionalMetadata>
  <metadata>
    <additionalDataset>
      <researchType>Short-term</researchType>
      <DatasetDistributionTypeandRestrictions>Type II- Related Research not funded by the FCE LTER Program</DatasetDistributionTypeandRestrictions>
      <addDistribution>
        <submissionDate>2005-04-01</submissionDate>
      </addDistribution>
      <LTERsites>
        <sitename>TS/Ph4,TS/Ph5</sitename>
      </LTERsites>
      <projectHypotheses>
        <para>Our long term research program focuses on the following central objective:  Regional processes mediated by water flow control population and ecosystem level dynamics at any location within the coastal Everglades landscape. This phenomenon is best exemplified in the dynamics of an estuarine oligohaline zone where fresh water draining phosphorus-limited Everglades marshes mixes with water from the more nitrogen-limited coastal ocean.</para>
      </projectHypotheses>
      <datasetAnomolies>
        <anomolies>Experiment not conducted in 2001, therefore no data for year.</anomolies>
      </datasetAnomolies>
      <datasetInfoManagementNotes>
        <notes>This is a short-term primary productionl dataset. This dataset replaces all previous versions of ST_PP_Iwaniec_001 original. The FCE program is discontinuing its practice of versioning data as of March 2013.</notes>
      </datasetInfoManagementNotes>
    </additionalDataset>
  </metadata>
</additionalMetadata>
</eml:eml>