<eml:eml xmlns:eml="eml://ecoinformatics.org/eml-2.1.1" xmlns:ns2="http://www.xml-cml.org/schema/stmml-1.1" xmlns:xsi="http://www.w3.org/2001/XMLSchema-instance" packageId="knb-lter-fce.1154.2" system="knb" xsi:schemaLocation="eml://ecoinformatics.org/eml-2.1.0 http://nis.lternet.edu/schemas/eml/eml-2.1.0/eml.xsd">
    <access authSystem="knb" order="allowFirst" scope="document">
      <allow>
        <principal>uid=FCE,o=lter,dc=ecoinformatics,dc=org</principal>
        <permission>read</permission>
      </allow>
      <allow>
        <principal>public</principal>
        <permission>read</permission>
      </allow>
    </access>
  <dataset id="ST_PP_Frankovich_002">
    <alternateIdentifier>ST_PP_Frankovich_002</alternateIdentifier>
    <title>Mean Seagrass Epiphyte Accumulation for Florida Bay, South Florida (FCE) from December 2000 to September 2001</title>
    <creator>
      <individualName>
        <salutation>Mr.</salutation>
        <givenName>Thomas</givenName>
        <surName>Frankovich</surName>
      </individualName>
      <organizationName>Florida Coastal Everglades LTER Program</organizationName>
      <positionName>Project Post Doctoral</positionName>
      <address>
        <deliveryPoint>Florida Bay Interagency Science Center</deliveryPoint>
        <deliveryPoint> 98630 Overseas Highway</deliveryPoint>
        <city>Key Largo</city>
        <administrativeArea>Florida</administrativeArea>
        <postalCode>33037</postalCode>
        <country>USA</country>
      </address>
      <phone phonetype="voice">305-852-2668</phone>
      <electronicMailAddress>frankovich@virginia.edu </electronicMailAddress>
      <onlineUrl>http://www.evsc.virginia.edu/</onlineUrl>
    </creator>
    <metadataProvider>
      <organizationName>Florida Coastal Everglades LTER Program</organizationName>
      <address>
        <deliveryPoint>Florida International University</deliveryPoint>
        <deliveryPoint> University Park</deliveryPoint>
        <deliveryPoint> OE 148</deliveryPoint>
        <city>Miami</city>
        <administrativeArea>FL</administrativeArea>
        <postalCode>33199</postalCode>
        <country>USA</country>
      </address>
      <phone phonetype="voice">305-348-6054</phone>
      <electronicMailAddress>fcelter@fiu.edu  </electronicMailAddress>
      <onlineUrl>http://fcelter.fiu.edu  </onlineUrl>
    </metadataProvider>
    <associatedParty>
      <individualName>
        <givenName>Thomas</givenName>
        <surName>Frankovich</surName>
      </individualName>
      <organizationName>Florida Coastal Everglades LTER Program</organizationName>
      <address>
        <deliveryPoint>Florida Bay Interagency Science Center</deliveryPoint>
        <deliveryPoint> 98630 Overseas Highway</deliveryPoint>
        <city>Key Largo</city>
        <administrativeArea>Florida</administrativeArea>
        <postalCode>33037</postalCode>
        <country>USA</country>
      </address>
      <phone phonetype="voice">305-852-2668</phone>
      <electronicMailAddress>frankovich@virginia.edu </electronicMailAddress>
      <onlineUrl>http://www.evsc.virginia.edu/</onlineUrl>
      <role>FCE LTER Post Doctoral</role>
    </associatedParty>
    <associatedParty>
      <individualName>
        <givenName>Joseph</givenName>
        <surName>Zieman</surName>
      </individualName>
      <organizationName>University of Virginia</organizationName>
      <address>
        <deliveryPoint>Department of Environmental Sciences</deliveryPoint>
        <deliveryPoint>University of Virginia</deliveryPoint>
        <deliveryPoint>P.O. Box 400123</deliveryPoint>
        <deliveryPoint>Clark Hall</deliveryPoint>
        <city>Charlottesville</city>
        <administrativeArea>VA</administrativeArea>
        <postalCode>22904</postalCode>
        <country>USA</country>
      </address>
      <phone phonetype="voice">(434) 924-0570</phone>
      <phone phonetype="fax">(434) 982-2137</phone>
      <electronicMailAddress>jcz@virginia.edu</electronicMailAddress>
      <onlineUrl>http://www.evsc.virginia.edu/faculty/people/zieman.shtml</onlineUrl>
      <role>LTER Project Collaborator</role>
    </associatedParty>
    <pubDate>2004-06-01</pubDate>
    <abstract>
      <para>Total epiphyte and epiphyte chlorophyll-a loads were measured from artificial seagrass leaves (Mylar) deployed for periods up to the approximate Thalassia leaf turnover period. Data were collected in Florida Bay, within Everglades National Park.</para>
    </abstract>
    <keywordSet>
      <keyword>FCE</keyword>
      <keyword>Florida Coastal Everglades LTER</keyword>
      <keyword>ecological research</keyword>
      <keyword>long-term monitoring</keyword>
      <keyword>Florida Bay</keyword>
      <keyword>Everglades National Park</keyword>
      <keyword>primary production</keyword>
      <keyword>seagrass</keyword>
      <keyword>epiphytes</keyword>
      <keyword>chlorophyll a</keyword>
      <keyword>load</keyword>
      <keyword>growth period</keyword>
      <keyword>leaves</keyword>
      <keyword>seasonality</keyword>
      <keyword>accumulation</keyword>
      <keyword>nutrients</keyword>
      <keyword>ecosystems</keyword>
      <keyword>growth</keyword>
      <keywordThesaurus>LTER Keyword Thesaurus</keywordThesaurus>
    </keywordSet>
    <intellectualRights>
      <para>These data are classified as 'Type II' whereby original FCE LTER experimental data collected by individual FCE researchers to be released to restricted audiences according to terms specified by the owners of the data. Type II data are considered to be exceptional and should be rare in occurrence. The justification for exceptions must be well documented and approved by the lead PI and Site Data Manager. Some examples of Type II data restrictions may include: locations of rare or endangered species, data that are covered under prior licensing or copyright (e.g., SPOT satellite data), or covered by the Human Subjects Act, Student Dissertation data and those data related to the FCE LTER Program but not funded by the National Science Foundation (NSF) under LTER grant #DEB-9910514. Researchers that make use of Type II Data may be subject to additional restrictions to protect any applicable commercial or confidentiality interests. All publications based on this dataset must cite the data Contributor, the Florida Coastal Everglades Long-Term Ecological Research (LTER) Program and that this material is based upon work supported by the National Science Foundation through the Florida Coastal Everglades Long-Term Ecological Research program under Cooperative Agreements #DEB-1237517, #DBI-0620409, and #DEB-9910514. Additionally, two copies of the manuscript must be submitted to the Florida Coastal Everglades LTER Program Office, LTER Program Manager, Florida International University, Southeast Environmental Research Center, OE 148, University Park, Miami, Florida 33199.  For a complete description of the FCE LTER Data Access Policy and Data User Agreement, please go to FCE Data Management Policy at http://fcelter.fiu.edu/data/DataMgmt.pdf and LTER Network Data Access Policy at http://fcelter.fiu.edu/data/core/data_user_agreement/distribution_policy.html.</para>
    </intellectualRights>
    <distribution>
      <online>
        <url>http://fcelter.fiu.edu/perl/public_data_download.pl?datasetid=ST_PP_Frankovich_002.txt</url>
      </online>
    </distribution>
    <coverage>
      <geographicCoverage>
        <geographicDescription>Data were collected in Florida Bay, within Everglades National Park, South Florida</geographicDescription>
        <boundingCoordinates>
          <westBoundingCoordinate>-80.938</westBoundingCoordinate>
          <eastBoundingCoordinate>-80.490</eastBoundingCoordinate>
          <northBoundingCoordinate>25.177</northBoundingCoordinate>
          <southBoundingCoordinate>24.913</southBoundingCoordinate>
        </boundingCoordinates>
      </geographicCoverage>
      <geographicCoverage>
        <geographicDescription>Florida Coastal Everglades LTER Study Area: South Florida, Everglades National Park, and Florida Bay</geographicDescription>
        <boundingCoordinates>
          <westBoundingCoordinate>-81.078</westBoundingCoordinate>
          <eastBoundingCoordinate>-80.490</eastBoundingCoordinate>
          <northBoundingCoordinate>25.761</northBoundingCoordinate>
          <southBoundingCoordinate>24.913</southBoundingCoordinate>
        </boundingCoordinates>
      </geographicCoverage>
      <temporalCoverage>
        <rangeOfDates>
          <beginDate>
            <calendarDate>2000-12-27</calendarDate>
          </beginDate>
          <endDate>
            <calendarDate>2001-09-16</calendarDate>
          </endDate>
        </rangeOfDates>
      </temporalCoverage>
    </coverage>
    <maintenance>
      <description>
        <para>This is a short-term primary productionl dataset. This dataset replaces all previous versions of ST_PP_Frankovich_002 original. The FCE program is discontinuing its practice of versioning data as of March 2013.</para>
      </description>
      <changeHistory>
        <changeScope>Added new Data download URL and new FCE III Project information</changeScope>
        <oldValue>Added new Data download URL where user not required to register with the LNO DAS.</oldValue>
        <changeDate>2013-10-03</changeDate>
      </changeHistory>
    </maintenance>
    <contact>
      <individualName>
        <givenName>Thomas</givenName>
        <surName>Frankovich</surName>
      </individualName>
      <organizationName>Florida Coastal Everglades LTER Program</organizationName>
      <positionName>FCE LTER Post Doctoral</positionName>
      <address>
        <deliveryPoint>Florida Bay Interagency Science Center</deliveryPoint>
        <deliveryPoint> 98630 Overseas Highway</deliveryPoint>
        <city>Key Largo</city>
        <administrativeArea>Florida</administrativeArea>
        <postalCode>33037</postalCode>
        <country>USA</country>
      </address>
      <phone phonetype="voice">305-852-2668</phone>
      <electronicMailAddress>frankovich@virginia.edu </electronicMailAddress>
      <onlineUrl>http://www.evsc.virginia.edu/</onlineUrl>
    </contact>
    <contact>
      <organizationName>Florida Coastal Everglades LTER Program</organizationName>
      <positionName>Information Manager</positionName>
      <address>
        <deliveryPoint>Florida International University</deliveryPoint>
        <deliveryPoint> University Park</deliveryPoint>
        <deliveryPoint> OE 148</deliveryPoint>
        <city>Miami</city>
        <administrativeArea>FL</administrativeArea>
        <postalCode>33199</postalCode>
        <country>USA</country>
      </address>
      <phone phonetype="voice">305-348-6054</phone>
      <phone phonetype="fax">305-348-4096</phone>
      <electronicMailAddress>fcelter@fiu.edu</electronicMailAddress>
      <onlineUrl>http://fcelter.fiu.edu</onlineUrl>
    </contact>
    <publisher>
      <organizationName>Florida Coastal Everglades LTER Program</organizationName>
      <address>
        <deliveryPoint>Florida International University</deliveryPoint>
        <deliveryPoint> University Park</deliveryPoint>
        <deliveryPoint> OE 148</deliveryPoint>
        <city>Miami</city>
        <administrativeArea>FL</administrativeArea>
        <postalCode>33199</postalCode>
        <country>USA</country>
      </address>
      <phone phonetype="voice">305-348-6054</phone>
      <electronicMailAddress>fcelter@fiu.edu  </electronicMailAddress>
      <onlineUrl>http://fcelter.fiu.edu  </onlineUrl>
    </publisher>
    <methods>
      <methodStep>
        <description>
          <para>Total epiphyte and epiphyte chlorophyll load analysis (Frankovich and Fourqurean, 1997)</para>
        </description>
        <citation>
          <title>Seagrass epiphyte loads along a nutrient  availability gradient, Florida Bay, USA.</title>
          <creator>
            <individualName>
              <givenName>T.</givenName>
              <givenName>A.</givenName>
              <surName>Frankovich</surName>
            </individualName>
          </creator>
          <creator>
            <individualName>
              <givenName>J.</givenName>
              <givenName>W.</givenName>
              <surName>Fourqurean</surName>
            </individualName>
          </creator>
          <pubDate>1997</pubDate>
          <article>
            <journal> Mar Ecol Prog Ser. </journal>
            <volume>159</volume>
            <pageRange>37-50</pageRange>
          </article>
        </citation>
        <instrumentation>Shimadzu filter fluorometer</instrumentation>
      </methodStep>
      <sampling>
        <studyExtent>
          <description>
            <para>The Study Extent of this dataset includes the FCE Florida Bay research sites within Everglades National Park, South Florida</para>
          </description>
        </studyExtent>
        <samplingDescription>
          <para>Monitoring of epiphyte accumulations on Mylar leaves. At approximate 2-week intervals 6 Mylar leaves harvested. Total epiphyte load and epiphyte chlorophyll-a determined for each leaf. Arrays (0.25m2) of Mylar leaves placed at study sites.</para>
        </samplingDescription>
        <spatialSamplingUnits>
          <coverage>
            <geographicDescription>FCE LTER Site TS/Ph9</geographicDescription>
            <boundingCoordinates>
              <westBoundingCoordinate>-80.490</westBoundingCoordinate>
              <eastBoundingCoordinate>-80.490</eastBoundingCoordinate>
              <northBoundingCoordinate>25.177</northBoundingCoordinate>
              <southBoundingCoordinate>25.177</southBoundingCoordinate>
            </boundingCoordinates>
          </coverage>
          <coverage>
            <geographicDescription>FCE LTER Site TS/Ph10</geographicDescription>
            <boundingCoordinates>
              <westBoundingCoordinate>-80.681</westBoundingCoordinate>
              <eastBoundingCoordinate>-80.681</eastBoundingCoordinate>
              <northBoundingCoordinate>25.025</northBoundingCoordinate>
              <southBoundingCoordinate>25.025</southBoundingCoordinate>
            </boundingCoordinates>
          </coverage>
          <coverage>
            <geographicDescription>FCE LTER Site TS/Ph11</geographicDescription>
            <boundingCoordinates>
              <westBoundingCoordinate>-80.938</westBoundingCoordinate>
              <eastBoundingCoordinate>-80.938</eastBoundingCoordinate>
              <northBoundingCoordinate>24.913</northBoundingCoordinate>
              <southBoundingCoordinate>24.913</southBoundingCoordinate>
            </boundingCoordinates>
          </coverage>
        </spatialSamplingUnits>
      </sampling>
      <qualityControl>
        <description>
          <para>Balances routinely calibrated and standard curves generated for chlorophyll determination.</para>
        </description>
      </qualityControl>
    </methods>
    <project id="1">
      <title>Florida Coastal Everglades LTER: Coastal Oligotrophic Ecosystems Research-the Coastal Everglades</title>
        <personnel>
          <individualName>
            <givenName>Daniel</givenName>
            <surName>Childers</surName>
          </individualName>
          <organizationName>Florida Coastal Everglades LTER Program</organizationName>
          <address>
            <deliveryPoint>Department of Biological Sciences</deliveryPoint>
            <deliveryPoint>Florida International University</deliveryPoint>
            <deliveryPoint>University Park</deliveryPoint>
            <deliveryPoint>OE 167</deliveryPoint>
            <city>Miami</city>
            <administrativeArea>FL</administrativeArea>
            <postalCode>33199</postalCode>
            <country>USA</country>
          </address>
          <phone phonetype="voice">305-348-3101</phone>
          <phone phonetype="fax">305-348-1986</phone>
          <electronicMailAddress>childers@fiu.edu</electronicMailAddress>
          <role>Lead Principal Investigator</role>
        </personnel>
        <personnel>
          <individualName>
            <givenName>Joseph</givenName>
            <surName>Boyer</surName>
          </individualName>
          <organizationName>Florida Coastal Everglades LTER Program</organizationName>
          <address>
            <deliveryPoint>Southeast Environmental Research Center</deliveryPoint>
            <deliveryPoint>Florida International University</deliveryPoint>
            <deliveryPoint> University Park</deliveryPoint>
            <deliveryPoint> OE 148</deliveryPoint>
            <city>Miami</city>
            <administrativeArea>FL</administrativeArea>
            <postalCode>33199</postalCode>
            <country>USA</country>
          </address>
          <phone phonetype="voice">305-348-4076</phone>
          <phone phonetype="fax">305-348-4096</phone>
          <role>Principal Investigator</role>
        </personnel>
        <personnel>
          <individualName>
            <givenName>James</givenName>
            <surName>Fourqurean</surName>
          </individualName>
          <organizationName>Florida Coastal Everglades LTER Program</organizationName>
          <address>
            <deliveryPoint>Department of Biological Sciences</deliveryPoint>
            <deliveryPoint>Florida International University</deliveryPoint>
            <deliveryPoint>University Park</deliveryPoint>
            <deliveryPoint>OE 167</deliveryPoint>
            <city>Miami</city>
            <administrativeArea>FL</administrativeArea>
            <postalCode>33199</postalCode>
            <country>USA</country>
          </address>
          <phone phonetype="voice">305-348-4084</phone>
          <phone phonetype="fax">305-348-4096</phone>
          <role>Principal Investigator</role>
        </personnel>
        <personnel>
          <individualName>
            <givenName>Rudolf</givenName>
            <surName>Jaffe</surName>
          </individualName>
          <organizationName>Florida Coastal Everglades LTER Program</organizationName>
          <address>
            <deliveryPoint>Department of Chemistry</deliveryPoint>
            <deliveryPoint>Florida International University</deliveryPoint>
            <deliveryPoint>University Park</deliveryPoint>
            <deliveryPoint>CP 304</deliveryPoint>
            <city>Miami</city>
            <administrativeArea>FL</administrativeArea>
            <postalCode>33199</postalCode>
            <country>USA</country>
          </address>
          <phone phonetype="voice">305-348-2456</phone>
          <phone phonetype="fax">305-348-4096</phone>
          <role>Principal Investigator</role>
        </personnel>
        <personnel>
          <individualName>
            <givenName>Joel</givenName>
            <surName>Trexler</surName>
          </individualName>
          <organizationName>Florida Coastal Everglades LTER Program</organizationName>
          <address>
            <deliveryPoint>Department of Biological Sciences</deliveryPoint>
            <deliveryPoint>Florida International University</deliveryPoint>
            <deliveryPoint>University Park</deliveryPoint>
            <deliveryPoint>OE 167</deliveryPoint>
            <city>Miami</city>
            <administrativeArea>FL</administrativeArea>
            <postalCode>33199</postalCode>
            <country>USA</country>
          </address>
          <phone phonetype="voice">305-348-1966</phone>
          <phone phonetype="fax">305-348-1986</phone>
          <role>Principal Investigator</role>
        </personnel>
        <abstract>
          <para>We are investigating how variability in regional climate, freshwater inputs, disturbance, and perturbations affect the coastal Everglades ecosystem. Our long term research program focuses on testing the following central idea and hypotheses:  Regional processes mediated by water flow control population and ecosystem level dynamics at any location within the coastal Everglades landscape. This phenomenon is best exemplified in the dynamics of an estuarine oligohaline zone where fresh water draining phosphorus-limited Everglades marshes mixes with water from the more nitrogen-limited coastal ocean. Hypothesis 1: In nutrient-poor coastal systems, long-term changes in the quantity or quality of organic matter inputs will exert strong and direct controls on estuarine productivity, because inorganic nutrients are at such low levels. Hypothesis 2: Interannual and long-term changes in freshwater flow controls the magnitude of nutrients and organic matter inputs to the estuarine zone, while ecological processes in the freshwater marsh and coastal ocean control the quality and characteristics of those inputs. Hypothesis 3: Long-term changes in freshwater flow (primarily manifest through management and Everglades restoration) will interact with long-term changes in the climatic and disturbance (sea level rise, hurricanes, fires) regimes to modify ecological pattern and process across coastal landscapes.</para>
        </abstract>
        <funding>
          <para>National Science Foundation under Grant # 9910514</para>
        </funding>
        <studyAreaDescription>
        <coverage>
          <geographicCoverage>
            <geographicDescription>The FCE LTER Project Study area is located in South Florida, mostly in Everglades National Park. There are a total of 21 sampling sites located in two major regions: 1) Shark River Slough and 2) Taylor Slough/Panhandle.</geographicDescription>
            <boundingCoordinates>
              <westBoundingCoordinate>-81.078</westBoundingCoordinate>
              <eastBoundingCoordinate>-80.490</eastBoundingCoordinate>
              <northBoundingCoordinate>25.761</northBoundingCoordinate>
              <southBoundingCoordinate>24.913</southBoundingCoordinate>
            </boundingCoordinates>
          </geographicCoverage>
          <temporalCoverage>
            <rangeOfDates>
              <beginDate>
                <calendarDate>2000-05-01</calendarDate>
              </beginDate>
              <endDate>
                <calendarDate> 2006-04-30</calendarDate>
              </endDate>
            </rangeOfDates>
          </temporalCoverage>
        </coverage>
        </studyAreaDescription>
      <relatedProject id="26">
        <title>FCE LTER II:  Coastal Oligotrophic Ecosystems Research</title>
          <personnel>
            <individualName>
              <givenName>Evelyn </givenName>
              <surName>Gaiser</surName>
            </individualName>
            <organizationName>Florida Coastal Everglades LTER Program</organizationName>
            <address>
              <deliveryPoint>Florida International University</deliveryPoint>
              <deliveryPoint> University Park</deliveryPoint>
              <deliveryPoint> OE 148</deliveryPoint>
              <city>Miami</city>
              <administrativeArea>FL</administrativeArea>
              <postalCode>33199</postalCode>
              <country>USA</country>
            </address>
            <phone phonetype="voice">305-348-6145</phone>
            <phone phonetype="fax">305-348-4096</phone>
            <electronicMailAddress>gaisere@fiu.edu</electronicMailAddress>
            <role>Lead Principal Investigator</role>
          </personnel>
          <personnel>
            <individualName>
              <givenName>Mike</givenName>
              <surName>Heithaus</surName>
            </individualName>
            <organizationName>Florida Coastal Everglades LTER Program</organizationName>
            <address>
              <deliveryPoint>Department of Biological Sciences</deliveryPoint>
              <deliveryPoint>Marine Biology Program</deliveryPoint>
              <deliveryPoint>Florida International University</deliveryPoint>
              <deliveryPoint>Biscayne Bay Campus</deliveryPoint>
              <city>Miami</city>
              <administrativeArea>FL </administrativeArea>
              <postalCode>33181</postalCode>
              <country>USA</country>
            </address>
            <phone phonetype="voice">(305) 919-5234</phone>
            <phone phonetype="fax">(305) 919-4030</phone>
            <electronicMailAddress>heithaus@fiu.edu</electronicMailAddress>
            <role>Principal Investigator</role>
          </personnel>
          <personnel>
            <individualName>
              <givenName>Rudolf</givenName>
              <surName>Jaffe</surName>
            </individualName>
            <organizationName>Florida Coastal Everglades LTER Program</organizationName>
            <address>
              <deliveryPoint>Department of Chemistry</deliveryPoint>
              <deliveryPoint>Florida International University</deliveryPoint>
              <deliveryPoint>University Park</deliveryPoint>
              <deliveryPoint>CP 304</deliveryPoint>
              <city>Miami</city>
              <administrativeArea>FL</administrativeArea>
              <postalCode>33199</postalCode>
              <country>USA</country>
            </address>
            <phone phonetype="voice">305-348-2456</phone>
            <phone phonetype="fax">305-348-4096</phone>
            <electronicMailAddress>jaffer@fiu.edu </electronicMailAddress>
            <role>Principal Investigator</role>
          </personnel>
          <personnel>
            <individualName>
              <givenName>Rene</givenName>
              <surName>Price </surName>
            </individualName>
            <organizationName>Florida Coastal Everglades LTER Program</organizationName>
            <address>
              <deliveryPoint>Department of Earth Sciences</deliveryPoint>
              <deliveryPoint> Florida International University</deliveryPoint>
              <deliveryPoint> University Park</deliveryPoint>
              <deliveryPoint> PC 344</deliveryPoint>
              <deliveryPoint> 11200 SW 8th Street</deliveryPoint>
              <city>Miami</city>
              <administrativeArea>FL</administrativeArea>
              <postalCode>33199</postalCode>
              <country>USA</country>
            </address>
            <phone phonetype="voice">305-348-3119</phone>
            <phone phonetype="fax">305-348-3877</phone>
            <electronicMailAddress>pricer@fiu.edu</electronicMailAddress>
            <role>Principal Investigator</role>
          </personnel>
          <abstract>
            <para>Our FCE I research focused on understanding how dissolved organic matter from upstream oligotrophic marshes interacts with a marine source of phosphorus (P), the limiting nutrient, to control estuarine productivity where these two influences meet-in the oligohaline ecotone. This dynamic is affected by the interaction of local ecological processes and landscape-scale drivers (hydrologic, climatological, and human). During FCE I, our ideas about how these "upside-down" estuaries (Childers et al. 2006) function has evolved, and we have modified our central theme to reflect this new understanding. Our focus in FCE II will be even more strongly on the oligohaline ecotone region of our experimental transects. For FCE II, our overarching theme is:  In the coastal Everglades landscape, population and ecosystem-level dynamics are controlled by the relative importance of water source, water residence time, and local biotic processes. This phenomenon is best exemplified in the oligohaline ecotone, where these 3 factors interact most strongly and vary over many [temporal and spatial] scales.Hypothesis 1: Increasing inputs of fresh water will enhance oligotrophy in nutrient-poor coastal systems, as long as the inflowing water has low nutrient content; this dynamic will be most pronounced in the oligohaline ecotone.  Hypothesis 2: An increase in freshwater inflow will increase the physical transport of detrital organic matter to the oligohaline ecotone, which will enhance estuarine productivity. The quality of these allochthonous detrital inputs will be controlled by upstream ecological processes. Hypothesis 3: Water residence time, groundwater inputs, and tidal energy interact with climatic and disturbance regimes to modify ecological pattern and process in oligotrophic estuaries; this dynamic will be most pronounced in the oligohaline ecotone. Childers, D.L., J.N. Boyer, S.E. Davis, C.J. Madden, D.T. Rudnick, and F.H. Sklar, 2006. Relating precipitation and water management to nutrient concentration patterns in the oligotrophic "upside down" estuaries of the Florida Everglades. Limnology and Oceanography, 51(1): 602-616. </para>
          </abstract>
          <funding>
            <para>National Science Foundation under Grant # 9910514 and #0620409</para>
          </funding>
          <studyAreaDescription>
          <coverage>
            <geographicCoverage>
              <geographicDescription>The FCE LTER Project Study area is located in South Florida, mostly in Everglades National Park. There are a total of 20 sampling sites located in two major regions: 1) Shark River Slough and 2) Taylor Slough/Panhandle.</geographicDescription>
              <boundingCoordinates>
                <westBoundingCoordinate>-81.078</westBoundingCoordinate>
                <eastBoundingCoordinate>-80.490</eastBoundingCoordinate>
                <northBoundingCoordinate>25.761</northBoundingCoordinate>
                <southBoundingCoordinate>24.913</southBoundingCoordinate>
              </boundingCoordinates>
            </geographicCoverage>
            <temporalCoverage>
              <rangeOfDates>
                <beginDate>
                  <calendarDate>2006-12-01</calendarDate>
                </beginDate>
                <endDate>
                  <calendarDate>2012-12-01</calendarDate>
                </endDate>
              </rangeOfDates>
            </temporalCoverage>
          </coverage>
          </studyAreaDescription>
      </relatedProject>
        <relatedProject id="64">
          <title>FCE LTER III:  Coastal Oligotrophic Ecosystems Research</title>
            <personnel>
              <individualName>
                <givenName>Evelyn </givenName>
                <surName>Gaiser</surName>
              </individualName>
              <organizationName>Florida Coastal Everglades LTER Program</organizationName>
              <address>
                <deliveryPoint>Florida International University</deliveryPoint>
                <deliveryPoint> University Park</deliveryPoint>
                <deliveryPoint> OE 148</deliveryPoint>
                <city>Miami</city>
                <administrativeArea>FL</administrativeArea>
                <postalCode>33199</postalCode>
                <country>USA</country>
              </address>
              <phone phonetype="voice">305-348-6145</phone>
              <phone phonetype="fax">305-348-4096</phone>
              <electronicMailAddress>gaisere@fiu.edu</electronicMailAddress>
              <role>Lead Principal Investigator</role>
            </personnel>
            <personnel>
              <individualName>
                <givenName>Mike</givenName>
                <surName>Heithaus</surName>
              </individualName>
              <organizationName>Florida Coastal Everglades LTER Program</organizationName>
              <address>
                <deliveryPoint>Department of Biological Sciences</deliveryPoint>
                <deliveryPoint>Marine Biology Program</deliveryPoint>
                <deliveryPoint>Florida International University</deliveryPoint>
                <deliveryPoint>Biscayne Bay Campus</deliveryPoint>
                <city>Miami</city>
                <administrativeArea>FL </administrativeArea>
                <postalCode>33181</postalCode>
                <country>USA</country>
              </address>
              <phone phonetype="voice">(305) 919-5234</phone>
              <phone phonetype="fax">(305) 919-4030</phone>
              <electronicMailAddress>heithaus@fiu.edu</electronicMailAddress>
              <role>Principal Investigator</role>
            </personnel>
            <personnel>
              <individualName>
                <givenName>Rudolf</givenName>
                <surName>Jaffe</surName>
              </individualName>
              <organizationName>Florida Coastal Everglades LTER Program</organizationName>
              <address>
                <deliveryPoint>Department of Chemistry</deliveryPoint>
                <deliveryPoint>Florida International University</deliveryPoint>
                <deliveryPoint>University Park</deliveryPoint>
                <deliveryPoint>CP 304</deliveryPoint>
                <city>Miami</city>
                <administrativeArea>FL</administrativeArea>
                <postalCode>33199</postalCode>
                <country>USA</country>
              </address>
              <phone phonetype="voice">305-348-2456</phone>
              <phone phonetype="fax">305-348-4096</phone>
              <electronicMailAddress>jaffer@fiu.edu </electronicMailAddress>
              <role>Principal Investigator</role>
            </personnel>
            <personnel>
              <individualName>
                <givenName>Rene</givenName>
                <surName>Price </surName>
              </individualName>
              <organizationName>Florida Coastal Everglades LTER Program</organizationName>
              <address>
                <deliveryPoint>Department of Earth Sciences</deliveryPoint>
                <deliveryPoint> Florida International University</deliveryPoint>
                <deliveryPoint> University Park</deliveryPoint>
                <deliveryPoint> PC 344</deliveryPoint>
                <deliveryPoint> 11200 SW 8th Street</deliveryPoint>
                <city>Miami</city>
                <administrativeArea>FL</administrativeArea>
                <postalCode>33199</postalCode>
                <country>USA</country>
              </address>
              <phone phonetype="voice">305-348-3119</phone>
              <phone phonetype="fax">305-348-3877</phone>
              <electronicMailAddress>pricer@fiu.edu</electronicMailAddress>
              <role>Principal Investigator</role>
            </personnel>
            <personnel>
              <individualName>
                <givenName>Laura</givenName>
                <surName>Ogden</surName>
              </individualName>
              <organizationName>Florida Coastal Everglades LTER Program</organizationName>
              <address>
                <deliveryPoint>Department of Global &amp; Sociocultural Studies</deliveryPoint>
                <deliveryPoint> Florida International University</deliveryPoint>
                <deliveryPoint> University Park</deliveryPoint>
                <deliveryPoint> DM341C</deliveryPoint>
                <deliveryPoint> 11200 SW 8th Street</deliveryPoint>
                <city>Miami</city>
                <administrativeArea>FL</administrativeArea>
                <postalCode>33199</postalCode>
                <country>USA</country>
              </address>
              <phone phonetype="voice">305-348-6663</phone>
              <phone phonetype="fax">305-348-3605</phone>
              <electronicMailAddress>Laura.Ogden@fiu.edu</electronicMailAddress>
              <role>Principal Investigator</role>
            </personnel>
            <abstract>
              <para>Coastal ecosystems are being modified at unprecedented rates through interacting
pressures of global climate change and rapid human population growth, impacting natural coastal
resources and the services they provide. Located at the base of the shallow-sloping Florida peninsula, the Everglades wilderness and 6 million human residents are exceptionally exposed to both pressures. Further, freshwater drainage has accelerated saltwater intrusion over land and into the porous limestone aquifer, resulting in coastal ecosystem transgression and seasonal residential freshwater shortages. The unprecedented landscape-scale Everglades restoration process is expected to reverse some of these trends. However, it is not clear how uncertainties about climate change prognoses and their impacts (e.g., sea level rise (SLR), changes in storm activity or severity, and climate drivers of freshwater availability) may influence human activities (e.g., population growth, resource use, land-use change), and how their interaction will affect the restoration process that is already steeped in conflict. The Florida Coastal Everglades Long-Term Ecological Research (FCE LTER) program is dedicated to long-term coupled biophysical and cultural studies that expose and unravel complex feedbacks that generate distinctive patterns and processes in vulnerable coastal ecosystems. The overarching theme of FCE research is: In the coastal Everglades, climate change and resource management decisions interact to influence
freshwater availability, ecosystem dynamics, and the value and utilization of ecosystem services by people. Because they are highly sensitive to the balance of freshwater and marine influences,
coastal wetlands of the Florida Everglades provide an ideal system to examine how socio-ecological systems respond to and mitigate the effects of climate change and freshwater allocation decisions. The trans-disciplinary science conducted by the large FCE research team is revealing how estuary hydrodynamics and biogeochemistry may tilt on a fulcrum defined by the magnitude by which coastal pressures (SRL, storms) are mitigated by freshwater flows. We employ a socio-ecological framework to address how climate change interacts with political decisions to determine the sustainability of interconnected human-natural systems. In FCE I, we discovered how coastal nutrient supplies create an unusual &#226;&#128;&#156;upside-down&#226;&#128;&#157; productivity gradient in karstic estuaries. FCE II research used growing long-term datasets to reveal the sensitivity of this gradient to changes in hydrodynamics, nutrient availability, and salinity. In FCE III, we will use South Florida as an exemplary system for understanding how and why socio-ecological systems resist, adapt to, or mitigate the effects of climate change on ecosystem sustainability. We will examine how decisions about freshwater delivery to the Everglades influence -and are influenced by - the impact of SLR in this especially vulnerable landscape. Biophysical studies will focus on how this balance of fresh and marine sources influences biogeochemical cycling, primary production, organic matter dynamics, and trophic dynamics, to drive carbon gains and losses. We expand our spatio-temporal domain by employing powerful long-term datasets and experiments to determine legacies of past interactions, and to constrain models that will help guide a sustainable future for the FCE.
</para>
            </abstract>
            <funding>
              <para>National Science Foundation under Grant # 9910514, #0620409 and DEB-1237517</para>
            </funding>
            <studyAreaDescription>
            <coverage>
              <geographicCoverage>
                <geographicDescription>The FCE LTER Project Study area is located in South Florida, mostly in Everglades National Park. There are a total of 20 sampling sites located in two major regions: 1) Shark River Slough and 2) Taylor Slough/Panhandle.</geographicDescription>
                <boundingCoordinates>
                  <westBoundingCoordinate>-81.078</westBoundingCoordinate>
                  <eastBoundingCoordinate>-80.490</eastBoundingCoordinate>
                  <northBoundingCoordinate>25.761</northBoundingCoordinate>
                  <southBoundingCoordinate>24.913</southBoundingCoordinate>
                </boundingCoordinates>
              </geographicCoverage>
              <temporalCoverage>
                <rangeOfDates>
                  <beginDate>
                    <calendarDate>2012-12-01</calendarDate>
                  </beginDate>
                  <endDate>
                    <calendarDate>2018-12-01</calendarDate>
                  </endDate>
                </rangeOfDates>
              </temporalCoverage>
            </coverage>
            </studyAreaDescription>
        </relatedProject>
    </project>
    <dataTable>
      <entityName>ST_PP_Frankovich_002</entityName>
      <entityDescription>Mean Seagrass Epiphyte Accumulation for Florida Bay, South Florida (FCE)</entityDescription>
      <physical>
        <objectName>ST_PP_Frankovich_002</objectName>
        <size unit="KB">8</size>
        <characterEncoding>ASCII</characterEncoding>
        <dataFormat>
          <textFormat>
            <numHeaderLines>1</numHeaderLines>
            <recordDelimiter>\n</recordDelimiter>
            <attributeOrientation>column</attributeOrientation>
            <simpleDelimited>
              <fieldDelimiter>,</fieldDelimiter>
            </simpleDelimited>
          </textFormat>
        </dataFormat>
        <distribution>
          <online>
            <url function="download">http://fcelter.fiu.edu/perl/public_data_download.pl?datasetid=ST_PP_Frankovich_002.txt</url>
          </online>
          <access authSystem="knb" order="allowFirst" scope="document">
            <allow>
              <principal>uid=FCE,o=lter,dc=ecoinformatics,dc=org</principal>
              <permission>read</permission>
            </allow>
            <allow>
              <principal>public</principal>
              <permission>read</permission>
            </allow>
          </access>
        </distribution>
      </physical>
      <attributeList>
        <attribute id="att.1">
          <attributeName>SITENAME</attributeName>
          <attributeLabel>sitename</attributeLabel>
          <attributeDefinition>Name of LTER site</attributeDefinition>
          <measurementScale>
            <ordinal>
              <nonNumericDomain>
                <textDomain>
                  <definition>Name of LTER site</definition>
                </textDomain>
              </nonNumericDomain>
            </ordinal>
          </measurementScale>
        </attribute>
        <attribute id="att.2">
          <attributeName>DeploymentDate</attributeName>
          <attributeLabel>date</attributeLabel>
          <attributeDefinition>Deployment Date</attributeDefinition>
          <measurementScale>
            <dateTime>
              <formatString>YYYY-MM-DD</formatString>
              <dateTimePrecision>1</dateTimePrecision>
              <dateTimeDomain>
                <bounds>
                  <minimum exclusive="false">2000-12-27</minimum>
                  <maximum exclusive="false">2001-09-16</maximum>
                </bounds>
              </dateTimeDomain>
            </dateTime>
          </measurementScale>
        </attribute>
        <attribute id="att.3">
          <attributeName>HarvestDate</attributeName>
          <attributeLabel>date</attributeLabel>
          <attributeDefinition>Harvest Date</attributeDefinition>
          <measurementScale>
            <dateTime>
              <formatString>YYYY-MM-DD</formatString>
              <dateTimePrecision>1</dateTimePrecision>
              <dateTimeDomain>
                <bounds>
                  <minimum exclusive="false">2001-01-06</minimum>
                  <maximum exclusive="false">2001-11-24</maximum>
                </bounds>
              </dateTimeDomain>
            </dateTime>
          </measurementScale>
        </attribute>
        <attribute id="att.4">
          <attributeName>GrowthPeriod</attributeName>
          <attributeLabel>time</attributeLabel>
          <attributeDefinition>Growth Period</attributeDefinition>
          <measurementScale>
            <ordinal>
              <nonNumericDomain>
                <textDomain>
                  <definition>Growth Period</definition>
                </textDomain>
              </nonNumericDomain>
            </ordinal>
          </measurementScale>
        </attribute>
        <attribute id="att.5">
          <attributeName>Total_Epiphyte_Load_Mean</attributeName>
          <attributeLabel>load</attributeLabel>
          <attributeDefinition>Total Epiphyte Load Mean</attributeDefinition>
          <storageType>data</storageType>
          <measurementScale>
            <ratio>
              <unit>
                <customUnit>milligramsPerSquareCentimeter</customUnit>
              </unit>
                <precision>0.01</precision>
                <numericDomain>
                  <numberType>real</numberType>
                </numericDomain>
            </ratio>
          </measurementScale>
          <missingValueCode>
            <code>-9999.00</code>
            <codeExplanation>Value will never be recorded </codeExplanation>
          </missingValueCode>
        </attribute>
        <attribute id="att.6">
          <attributeName>Total_Epiphyte_Load_Mean_se</attributeName>
          <attributeLabel>standard error</attributeLabel>
          <attributeDefinition>Total Epiphyte Load Mean Standard Error</attributeDefinition>
          <storageType>data</storageType>
          <measurementScale>
            <ratio>
              <unit>
                <customUnit>milligramsPerSquareCentimeter</customUnit>
              </unit>
                <precision>0.01</precision>
                <numericDomain>
                  <numberType>real</numberType>
                </numericDomain>
            </ratio>
          </measurementScale>
          <missingValueCode>
            <code>-9999.00</code>
            <codeExplanation>Value will never be recorded </codeExplanation>
          </missingValueCode>
        </attribute>
        <attribute id="att.7">
          <attributeName>Epiphyte_Chlorophyll_a_Load_Mean</attributeName>
          <attributeLabel>load</attributeLabel>
          <attributeDefinition>Epiphyte Chlorophyll a Load Mean</attributeDefinition>
          <storageType>data</storageType>
          <measurementScale>
            <ratio>
              <unit>
                <customUnit>microgramsPerSquareCentimeter</customUnit>
              </unit>
                <precision>0.01</precision>
                <numericDomain>
                  <numberType>real</numberType>
                </numericDomain>
            </ratio>
          </measurementScale>
          <missingValueCode>
            <code>-9999.00</code>
            <codeExplanation>Value will never be recorded </codeExplanation>
          </missingValueCode>
        </attribute>
        <attribute id="att.8">
          <attributeName>Epiphyte_Chlorophyll_a_Load_Mean_se</attributeName>
          <attributeLabel>standard error</attributeLabel>
          <attributeDefinition>Epiphyte Chlorophyll a Load Mean Standard Error</attributeDefinition>
          <storageType>data</storageType>
          <measurementScale>
            <ratio>
              <unit>
                <customUnit>microgramsPerSquareCentimeter</customUnit>
              </unit>
                <precision>0.01</precision>
                <numericDomain>
                  <numberType>real</numberType>
                </numericDomain>
            </ratio>
          </measurementScale>
          <missingValueCode>
            <code>-9999.00</code>
            <codeExplanation>Value will never be recorded </codeExplanation>
          </missingValueCode>
        </attribute>
        <attribute id="att.9">
          <attributeName>Epiphyte_Composition_Notes</attributeName>
          <attributeLabel>notes</attributeLabel>
          <attributeDefinition>Epiphyte Compostion Notes</attributeDefinition>
          <storageType>text</storageType>
          <measurementScale>
            <nominal>
              <nonNumericDomain>
                <textDomain>
                  <definition>Epiphyte Compostion Notes</definition>
                </textDomain>
              </nonNumericDomain>
            </nominal>
          </measurementScale>
        </attribute>
        <attribute id="att.10">
          <attributeName>Season</attributeName>
          <attributeLabel>time</attributeLabel>
          <attributeDefinition>Season Sample Collected</attributeDefinition>
          <storageType>text</storageType>
          <measurementScale>
            <ordinal>
              <nonNumericDomain>
                <textDomain>
                  <definition>Season Sample Collected</definition>
                </textDomain>
              </nonNumericDomain>
            </ordinal>
          </measurementScale>
        </attribute>
      </attributeList>
      <numberOfRecords>54</numberOfRecords>
    </dataTable>
  </dataset>
<additionalMetadata>
  <metadata>
    <ns2:unitList xsi:schemaLocation="eml://ecoinformatics.org/eml-2.1.0 http://fcelter.fiu.edu/data/eml_schema/eml-2.1.0/stmml.xsd">
    
      <ns2:unit id="milligramsPerSquareCentimeter" name="milligramsPerSquareCentimeter" unitType="arealMassDensity">
        <ns2:description>milligrams Per Square Centimeter</ns2:description>
      </ns2:unit>
      <ns2:unit id="microgramsPerSquareCentimeter" name="microgramsPerSquareCentimeter" unitType="arealMassDensity">
        <ns2:description>milligrams Per Square Centimeter</ns2:description>
      </ns2:unit>
    </ns2:unitList>
  </metadata>
</additionalMetadata>
<additionalMetadata>
  <metadata>
    <additionalDataset>
      <researchType>Physical</researchType>
      <DatasetDistributionTypeandRestrictions>Type II- Related Research not funded by the FCE LTER Program</DatasetDistributionTypeandRestrictions>
      <addDistribution>
        <submissionDate>2002-02-15</submissionDate>
      </addDistribution>
      <LTERsites>
        <sitename>TS/Ph9, TS/Ph10, TS/Ph11</sitename>
      </LTERsites>
      <projectPermits>
        <permit>LTER permit number EVER-2001-SCI-0071. </permit>
      </projectPermits>
      <datasetSubmissionNotes>
        <notes>Representative algal species deposited in UVA Barley Herbarium (pressed samples and digital photomicrographs) references-Littler and Littler 2000, Taylor, 1960. Total epiphyte load mean= the mean of the dry weight of epiphyte material/ area of Mylar leaf surface (2-sided) for a site at a specific harvest date and growth period, Total epiphyte load mean se = the standard error for Total epiphyte load mean; Epiphyte chlorophyll-a load mean = the mean of the chl-a (ug)/area of Mylar leaf surface (2-sided) for a site at a specific harvest date and growth period, Epiphyte chlorophyll-a load mean se = the standard error for Epiphyte chlorophyll-a load mean.</notes>
      </datasetSubmissionNotes>
      <datasetInfoManagementNotes>
        <notes>This is a short-term primary productionl dataset. This dataset replaces all previous versions of ST_PP_Frankovich_002 original. The FCE program is discontinuing its practice of versioning data as of March 2013.</notes>
      </datasetInfoManagementNotes>
    </additionalDataset>
  </metadata>
</additionalMetadata>
</eml:eml>