<eml:eml xmlns:eml="eml://ecoinformatics.org/eml-2.1.1" xmlns:xsi="http://www.w3.org/2001/XMLSchema-instance" packageId="knb-lter-arc.10307.3" system="knb" xsi:schemaLocation="eml://ecoinformatics.org/eml-2.1.0 http://nis.lternet.edu/schemas/EML/eml-2.1.0/eml.xsd">
  <access authSystem="knb" order="allowFirst" scope="document">
    <allow>
      <principal>uid=ARC,o=lter,dc=ecoinformatics,dc=org</principal>
      <permission>all</permission>
    </allow>
    <allow>
      <principal>public</principal>
      <permission>read</permission>
    </allow>
  </access>
  <dataset>
    <alternateIdentifier>LTERKupCATS.03</alternateIdentifier>
    <title>Cations for the Kuparuk River near Toolik Field Station, Alaska 1989-2000; 2011 to present.</title>
    <creator id="pers-1">
      <organizationName>Arctic LTER Program</organizationName>
      <individualName>
        <givenName>Breck</givenName>
        <surName>Bowden</surName>
      </individualName>
      <address>
        <deliveryPoint>University of Vermont</deliveryPoint>
        <deliveryPoint>303D Aiken Center</deliveryPoint>
        <deliveryPoint>Rubenstein School of Environment and Natural Resources</deliveryPoint>
        <city>Burlington</city>
        <administrativeArea>Vermont</administrativeArea>
        <postalCode>05405</postalCode>
        <country>USA</country>
      </address>
    </creator>
    <metadataProvider>
      <organizationName>Arctic LTER Program</organizationName>
      <address>
        <deliveryPoint>The Ecosystems Center</deliveryPoint>
        <deliveryPoint>Marine Biological Lab</deliveryPoint>
        <deliveryPoint>7 MBL St</deliveryPoint>
        <city>Woods Hole</city>
        <administrativeArea>MA</administrativeArea>
        <postalCode>02543</postalCode>
        <country>USA</country>
      </address>
      <phone phonetype="voice">(508) 289 7496</phone>
      <electronicMailAddress>arc_im@mbl.edu</electronicMailAddress>
      <onlineUrl>http://ecosystems.mbl.edu/ARC/</onlineUrl>
    </metadataProvider>
    <associatedParty>
      <individualName>
        <givenName>Bruce</givenName>
        <surName>Peterson</surName>
      </individualName>
      <address>
        <deliveryPoint>Marine Biological Laboratory</deliveryPoint>
        <deliveryPoint>7 MBL St.</deliveryPoint>
        <deliveryPoint>The Ecosystems Center</deliveryPoint>
        <city>Woods Hole</city>
        <administrativeArea>MA</administrativeArea>
        <postalCode>02543</postalCode>
        <country>USA</country>
      </address>
      <role>Associated Researcher</role>
    </associatedParty>
    <associatedParty>
      <individualName>
        <givenName>Linda</givenName>
        <surName>Deegan</surName>
      </individualName>
      <address>
        <deliveryPoint>Marine Biological Laboratory</deliveryPoint>
        <deliveryPoint>7 MBL St.</deliveryPoint>
        <deliveryPoint>The Ecosystems Center</deliveryPoint>
        <city>Woods Hole</city>
        <administrativeArea>MA</administrativeArea>
        <postalCode>02543</postalCode>
        <country>USA</country>
      </address>
      <role>Associated Researcher</role>
    </associatedParty>
    <associatedParty>
      <individualName>
        <givenName>Alex</givenName>
        <surName>Huryn</surName>
      </individualName>
      <address>
        <deliveryPoint>University of Alabama</deliveryPoint>
        <city>Tuscaloosa</city>
        <administrativeArea>AL</administrativeArea>
        <country>USA</country>
      </address>
      <role>Associated Researcher</role>
    </associatedParty>
    <associatedParty>
      <individualName>
        <givenName>Elissa</givenName>
        <surName>Schuett</surName>
      </individualName>
      <address>
        <deliveryPoint>University of Vermont</deliveryPoint>
        <deliveryPoint>3 College St.</deliveryPoint>
        <deliveryPoint>RESL</deliveryPoint>
        <city>Burlington</city>
        <administrativeArea>Vermont</administrativeArea>
        <postalCode>05401</postalCode>
        <country>USA</country>
      </address>
      <role>Associated Researcher</role>
    </associatedParty>
    <associatedParty>
      <individualName>
        <givenName>Adrian</givenName>
        <surName>Green</surName>
      </individualName>
      <role>Associated Researcher</role>
    </associatedParty>
    <associatedParty>
      <individualName>
        <givenName>Karie</givenName>
        <surName>Slavik</surName>
      </individualName>
      <role>Associated Researcher</role>
    </associatedParty>
    <pubDate>1991</pubDate>
    <abstract>
      <para>Samples were collected and analyzed for the cations potassium, sodium, calcium, and magnesium. Phosphorus addition has occurred since 1983; station sites are relative distance from the original 1983 phosphorus dripper. Stations include sites in a reference, recovery, and fertilized reach. Reaches were defined based on the location of phosphorous addition (see methods). Phosphoric acid is added to the stream to increase the soluble reactive phosphorus by 0.32 uM. Cation samples were analyzed some summers between 1989 to 2000 and 2011 to present on the Kuparuk River</para>
    </abstract>
    <keywordSet>
      <keyword>cations</keyword>
      <keyword>ions</keyword>
      <keyword>Kuparuk River</keyword>
      <keyword>inorganic nutrients</keyword>
      <keyword>streams</keyword>
      <keyword>arctic streams</keyword>
    </keywordSet>
    <intellectualRights>
      <para>Acceptance and utilization of LTER data requires that:</para>
      <para>
        <itemizedlist>
          <listitem>
            <para>The Principal Investigator be sent a notice stating reasons for acquiring any data and a description of the publication intentions.</para>
          </listitem>
          <listitem>
            <para>The Principal Investigator of the data set be sent a copy of the report or manuscript prior to submission and be adequately cited in any resultant publications</para>
          </listitem>
          <listitem>
            <para>A copy of any resultant publications should be sent to: 
            <literalLayout>
Principal Investigator
Ecosystems Center
Marine Biological Laboratory
Woods Hole, MA 02543
</literalLayout></para>
          </listitem>
        </itemizedlist>
      </para>
    </intellectualRights>
    <distribution>
      <online>
        <url>http://ecosystems.mbl.edu/ARC/meta_template.php?FileName=./streams/stream_chemistry/1989-2012_Kuparuk_Cations.html</url>
      </online>
    </distribution>
    <coverage>
      <geographicCoverage id="GEO-1">
        <geographicDescription>Kuparuk River, North Slope of Alaska, re-fertilized reach, formerly the recovery reach after historic fertilization.</geographicDescription>
        <boundingCoordinates>
          <westBoundingCoordinate>-149.403500566667</westBoundingCoordinate>
          <eastBoundingCoordinate>-149.403500566667</eastBoundingCoordinate>
          <northBoundingCoordinate>68.64205425</northBoundingCoordinate>
          <southBoundingCoordinate>68.64205425</southBoundingCoordinate>
        </boundingCoordinates>
      </geographicCoverage>
      <geographicCoverage id="GEO-2">
        <geographicDescription>Kuparuk River, North Slope of Alaska, fertilized reach.</geographicDescription>
        <boundingCoordinates>
          <westBoundingCoordinate>-149.416152463889</westBoundingCoordinate>
          <eastBoundingCoordinate>-149.416152463889</eastBoundingCoordinate>
          <northBoundingCoordinate>68.6495472222222</northBoundingCoordinate>
          <southBoundingCoordinate>68.6495472222222</southBoundingCoordinate>
        </boundingCoordinates>
      </geographicCoverage>
      <temporalCoverage>
        <rangeOfDates>
          <beginDate>
            <calendarDate>1989-06-10</calendarDate>
          </beginDate>
          <endDate>
            <calendarDate>2012-08-11</calendarDate>
          </endDate>
        </rangeOfDates>
      </temporalCoverage>
    </coverage>
    <maintenance>
      <description>
        <para>3/2013: EBS organized metadata and data into this file.</para>
        <para>4/2013: JPB moved to new spreadsheet and updated Research Locations.</para>
        <para>Version 2: Checked keywords against the LTER network preferred list and replaced non-preferred terms. Jim L 15Jan14</para>
        <para>Version 3: 12/2013: JPB added 2011+2012 data into sheet.</para>
      </description>
    </maintenance>
    <contact id="im" system="knb">
      <positionName>Data Manager</positionName>
      <address>
        <deliveryPoint>The Ecosystems Center</deliveryPoint>
        <deliveryPoint>Marine Biological Lab</deliveryPoint>
        <deliveryPoint>7 MBL St</deliveryPoint>
        <city>Woods Hole</city>
        <administrativeArea>MA</administrativeArea>
        <postalCode>02543</postalCode>
        <country>USA</country>
      </address>
      <phone phonetype="voice">(508) 289 7496</phone>
      <electronicMailAddress>arc_im@mbl.edu</electronicMailAddress>
      <onlineUrl>http://ecosystems.mbl.edu/ARC/</onlineUrl>
    </contact>
    <publisher>
      <organizationName>ARC LTER</organizationName>
      <address>
        <deliveryPoint>The Ecosystems Center</deliveryPoint>
        <deliveryPoint>Marine Biological Lab</deliveryPoint>
        <deliveryPoint>7 MBL St</deliveryPoint>
        <city>Woods Hole</city>
        <administrativeArea>MA</administrativeArea>
        <postalCode>02543</postalCode>
        <country>USA</country>
      </address>
      <phone phonetype="voice">(508) 289 7496</phone>
      <electronicMailAddress>arc_im@mbl.edu</electronicMailAddress>
      <onlineUrl>http://ecosystems.mbl.edu/ARC/</onlineUrl>
    </publisher>
    <methods>
      <methodStep>
        <description>
          <para>
            <literalLayout>
Water samples were collected at designated stations along the Kuparuk River. In 1983, phosphorus addition through dripping began at the site designated as 0.0k. Stations downstream of 0.0k have positive numbers and upstream have negative numbers. The reach upstream of the phosphorus addition has remained the reference reach for the duration of this dataset. Downstream of the original phosphorus addition was the fertilized reach.  In 1985, the phosphorus dripper moved to 0.59k, creating a recovery reach from 0.0k to 0.59k. In 1996, the dripper was moved downstream to 1.4k, creating a recovery reach between 0.6k and 1.39k. The historic recovery reach from 0k to 0.59k had not been fertilzed for 11 years, so it was then considered part of the reference reach after 1996. Reach information can be found in data for specific time periods. Water was filtered through a 25mm GF/F filter in the field; samples were acidified and refrigerated at 4C until analysis at the MBL until 1994. In 2011 cation samples started to be examined again at UVM. 

Cation analysis used the method from  Rains, Theodore, C.  1984.  Atomic Absorption Spectrometry.  Water Analysis, Vol II Edited by Roger A. Minear and Lawrence H. Keith.  
An Absorption/Emission Spectrophotometer was used for analysis at the MBL.
</literalLayout>
          </para>
        </description>
        <protocol>
          <title>Arctic LTER Streams Protocol, updated 2014 by JPB</title>
          <creator>
            <references>pers-1</references>
          </creator>
          <distribution>
            <online>
              <url>http://ecosystems.mbl.edu/ARC/streams/protocol2.html</url>
            </online>
          </distribution>
          <proceduralStep>
            <description>
              <para />
            </description>
          </proceduralStep>
        </protocol>
      </methodStep>
    </methods>
    <project>
      <title>Arctic Long-Term Ecological Research (ARC LTER) Program</title>
      <personnel>
        <individualName>
          <givenName>Gus</givenName>
          <surName>Shaver</surName>
        </individualName>
        <address>
          <deliveryPoint>The Ecosystems Center</deliveryPoint>
          <deliveryPoint>Marine Biological Lab</deliveryPoint>
          <deliveryPoint>7 MBL St</deliveryPoint>
          <city>Woods Hole</city>
          <administrativeArea>MA</administrativeArea>
          <postalCode>02543</postalCode>
          <country>USA</country>
        </address>
        <phone phonetype="voice">(508) 289 7496</phone>
        <electronicMailAddress>gshaver@mbl.edu</electronicMailAddress>
        <role>Lead PI</role>
      </personnel>
      <personnel>
        <individualName>
          <givenName>Jim</givenName>
          <surName>Laundre</surName>
        </individualName>
        <address>
          <deliveryPoint>The Ecosystems Center</deliveryPoint>
          <deliveryPoint>Marine Biological Lab</deliveryPoint>
          <deliveryPoint>7 MBL St</deliveryPoint>
          <city>Woods Hole</city>
          <administrativeArea>MA</administrativeArea>
          <postalCode>02543</postalCode>
          <country>USA</country>
        </address>
        <phone phonetype="voice">(508) 289 7496</phone>
        <electronicMailAddress>arc_imr@mbl.edu</electronicMailAddress>
        <role>Information Manager</role>
      </personnel>
      <abstract>
        <para>
          <literalLayout>
The goal of Arctic LTER project is to predict the future ecological characteristics of the site based upon our knowledge of the controls of ecosystem structure and function as exerted by physical setting and geologic factors, climatic factors, biotic factors, and the changes in fluxes of water and materials from land to water. To achieve this goal the Arctic LTER uses several approaches:

Long-term monitoring and surveys of natural variation of ecosystem characteristics in space and time. Includes: climate, plant communities and productivity, thaw depth, stream flow, chemistry of streams and lakes, temperatures of streams and lakes, lake chlorophyll lake productivity, zooplankton abundance. 

Experimental manipulation of ecosystems for years and decades. Includes: tundra warming, shading, and fertilizing, grazer exclusions, fertilization of lakes and streams, addition and subtraction of predators. 

Synthesis of results and predictive modeling at ecosystem and watershed scales. Includes: stream N cycling, lake physics, bioenergetics of fish populations, water movement and transfer of DOC and nutrients from land to water, soil respiration, cycling and storage of C in tundra under different scenarios of future climates.
</literalLayout>
        </para>
      </abstract>
      <funding>
        <para>This material is based upon work supported by the National Science Foundation under Grants #DEB-981022, 9211775, 8702328; #OPP-9911278, 9911681, 9732281, 9615411, 9615563, 9615942, 9615949, 9400722, 9415411, 9318529; #BSR 9019055, 8806635, 8507493. Any opinions, findings, conclusions, or recommendations expressed in the material are those of the author(s) and do not necessarily reflect the views of the National Science Foundation.</para>
      </funding>
      <studyAreaDescription>
        <coverage>
          <geographicCoverage>
            <geographicDescription>The Arctic LTER research site (68&#176;N and 149&#176;W) is in the foothills region of the North Slope of Alaska and includes the entire Toolik Lake watershed and the adjacent watershed of the upper Kuparuk River, down to the confluence of these two watersheds. This area is typical of the northern foothills of the Brooks Range, with continuous permafrost, no trees, a complete snow cover for 7 to 9 months, winter ice cover on lakes, streams, and ocean, and cessation of river flow during the winter. Tussock tundra vegetation of sedges and grasses mixed with dwarf birch and low willows form the dominant vegetation type with areas of drier heath tundra on ridge tops and other well-drained sites as well as areas of river-bottom willow communities.</geographicDescription>
            <boundingCoordinates>
              <westBoundingCoordinate>-149.75</westBoundingCoordinate>
              <eastBoundingCoordinate>-149.0433</eastBoundingCoordinate>
              <northBoundingCoordinate>68.8</northBoundingCoordinate>
              <southBoundingCoordinate>68.5</southBoundingCoordinate>
              <boundingAltitudes>
                <altitudeMinimum>610</altitudeMinimum>
                <altitudeMaximum>1360</altitudeMaximum>
                <altitudeUnits>meter</altitudeUnits>
              </boundingAltitudes>
            </boundingCoordinates>
          </geographicCoverage>
        </coverage>
      </studyAreaDescription>
    </project>
    <dataTable>
      <entityName>1989-2012_Kuparuk_Cations.csv</entityName>
      <entityDescription>Cations for the Kuparuk River near Toolik Field Station, Alaska 1989-2000; 2011 to present.</entityDescription>
      <physical>
        <objectName>1989-2012_Kuparuk_Cations.csv</objectName>
        <dataFormat>
          <textFormat>
            <numHeaderLines>1</numHeaderLines>
            <recordDelimiter>\r\n</recordDelimiter>
            <attributeOrientation>column</attributeOrientation>
            <simpleDelimited>
              <fieldDelimiter>,</fieldDelimiter>
              <quoteCharacter>"</quoteCharacter>
            </simpleDelimited>
          </textFormat>
        </dataFormat>
        <distribution>
          <online>
            <url>http://metacat.lternet.edu/das/dataAccessServlet?docid=knb-lter-arc.10307&amp;urlTail=streams/stream_chemistry/data/1989-2012_Kuparuk_Cations.csv</url>
          </online>
        </distribution>
      </physical>
      <attributeList>
        <attribute id=" att0.1">
          <attributeName>Site Code</attributeName>
          <attributeLabel>Site Code</attributeLabel>
          <attributeDefinition>LTER site code</attributeDefinition>
          <measurementScale>
            <nominal>
              <nonNumericDomain>
                <textDomain>
                  <definition>LTER site code</definition>
                </textDomain>
              </nonNumericDomain>
            </nominal>
          </measurementScale>
        </attribute>
        <attribute id=" att0.2">
          <attributeName>River</attributeName>
          <attributeLabel>River</attributeLabel>
          <attributeDefinition>River</attributeDefinition>
          <measurementScale>
            <nominal>
              <nonNumericDomain>
                <textDomain>
                  <definition>River</definition>
                </textDomain>
              </nonNumericDomain>
            </nominal>
          </measurementScale>
        </attribute>
        <attribute id=" att0.3">
          <attributeName>Date</attributeName>
          <attributeLabel>Date</attributeLabel>
          <attributeDefinition>Date</attributeDefinition>
          <measurementScale>
            <dateTime>
              <formatString>dd-mon-yy</formatString>
            </dateTime>
          </measurementScale>
        </attribute>
        <attribute id=" att0.4">
          <attributeName>Station</attributeName>
          <attributeLabel>Station</attributeLabel>
          <attributeDefinition>Sampling location based on original 1983 phosphorus addition (in river kilometers)</attributeDefinition>
          <measurementScale>
            <nominal>
              <nonNumericDomain>
                <textDomain>
                  <definition>Sampling location based on original 1983 phosphorus addition (in river kilometers)</definition>
                </textDomain>
              </nonNumericDomain>
            </nominal>
          </measurementScale>
        </attribute>
        <attribute id=" att0.5">
          <attributeName>Treatment</attributeName>
          <attributeLabel>Treatment</attributeLabel>
          <attributeDefinition>Treatment reach based on the location of the dripper in 1985 (reference, recovery, or fertilized)</attributeDefinition>
          <measurementScale>
            <nominal>
              <nonNumericDomain>
                <textDomain>
                  <definition>Treatment reach based on the location of the dripper in 1985 (reference, recovery, or fertilized)</definition>
                </textDomain>
              </nonNumericDomain>
            </nominal>
          </measurementScale>
        </attribute>
        <attribute id=" att0.6">
          <attributeName>K+ (umol/L)</attributeName>
          <attributeLabel>K+ (umol/L)</attributeLabel>
          <attributeDefinition>Potassium ions</attributeDefinition>
          <measurementScale>
            <ratio>
              <unit>
                <customUnit>micromolePerLiter</customUnit>
              </unit>
              <numericDomain>
                <numberType>real</numberType>
              </numericDomain>
            </ratio>
          </measurementScale>
          <missingValueCode>
            <code>-1111</code>
            <codeExplanation>no data</codeExplanation>
          </missingValueCode>
          <missingValueCode>
            <code>-9999</code>
            <codeExplanation>below detection limit</codeExplanation>
          </missingValueCode>
        </attribute>
        <attribute id=" att0.7">
          <attributeName>Na+ (umol/L)</attributeName>
          <attributeLabel>Na+ (umol/L)</attributeLabel>
          <attributeDefinition>Sodium ions</attributeDefinition>
          <measurementScale>
            <ratio>
              <unit>
                <customUnit>micromolePerLiter</customUnit>
              </unit>
              <numericDomain>
                <numberType>real</numberType>
              </numericDomain>
            </ratio>
          </measurementScale>
          <missingValueCode>
            <code>-1111</code>
            <codeExplanation>no data</codeExplanation>
          </missingValueCode>
          <missingValueCode>
            <code>-9999</code>
            <codeExplanation>below detection limit</codeExplanation>
          </missingValueCode>
        </attribute>
        <attribute id=" att0.8">
          <attributeName>Ca++ (umol/L)</attributeName>
          <attributeLabel>Ca++ (umol/L)</attributeLabel>
          <attributeDefinition>Calcium ions</attributeDefinition>
          <measurementScale>
            <ratio>
              <unit>
                <customUnit>micromolePerLiter</customUnit>
              </unit>
              <numericDomain>
                <numberType>real</numberType>
              </numericDomain>
            </ratio>
          </measurementScale>
          <missingValueCode>
            <code>-1111</code>
            <codeExplanation>no data</codeExplanation>
          </missingValueCode>
          <missingValueCode>
            <code>-9999</code>
            <codeExplanation>below detection limit</codeExplanation>
          </missingValueCode>
        </attribute>
        <attribute id=" att0.9">
          <attributeName>Mg++ (umol/L)</attributeName>
          <attributeLabel>Mg++ (umol/L)</attributeLabel>
          <attributeDefinition>Magnesium ions</attributeDefinition>
          <measurementScale>
            <ratio>
              <unit>
                <customUnit>micromolePerLiter</customUnit>
              </unit>
              <numericDomain>
                <numberType>real</numberType>
              </numericDomain>
            </ratio>
          </measurementScale>
          <missingValueCode>
            <code>-1111</code>
            <codeExplanation>no data</codeExplanation>
          </missingValueCode>
          <missingValueCode>
            <code>-9999</code>
            <codeExplanation>below detection limit</codeExplanation>
          </missingValueCode>
        </attribute>
        <attribute id=" att0.10">
          <attributeName>K+ (ueq/L)</attributeName>
          <attributeLabel>K+ (ueq/L)</attributeLabel>
          <attributeDefinition>Potassium ions</attributeDefinition>
          <measurementScale>
            <ratio>
              <unit>
                <customUnit>microequivalentPerLiter</customUnit>
              </unit>
              <numericDomain>
                <numberType>real</numberType>
              </numericDomain>
            </ratio>
          </measurementScale>
          <missingValueCode>
            <code>-1111</code>
            <codeExplanation>no data</codeExplanation>
          </missingValueCode>
          <missingValueCode>
            <code>-9999</code>
            <codeExplanation>below detection limit</codeExplanation>
          </missingValueCode>
        </attribute>
        <attribute id=" att0.11">
          <attributeName>Na+ (ueq/L)</attributeName>
          <attributeLabel>Na+ (ueq/L)</attributeLabel>
          <attributeDefinition>Sodium ions</attributeDefinition>
          <measurementScale>
            <ratio>
              <unit>
                <customUnit>microequivalentPerLiter</customUnit>
              </unit>
              <numericDomain>
                <numberType>real</numberType>
              </numericDomain>
            </ratio>
          </measurementScale>
          <missingValueCode>
            <code>-1111</code>
            <codeExplanation>no data</codeExplanation>
          </missingValueCode>
          <missingValueCode>
            <code>-9999</code>
            <codeExplanation>below detection limit</codeExplanation>
          </missingValueCode>
        </attribute>
        <attribute id=" att0.12">
          <attributeName>Ca++ (ueq/L)</attributeName>
          <attributeLabel>Ca++ (ueq/L)</attributeLabel>
          <attributeDefinition>Calcium ions</attributeDefinition>
          <measurementScale>
            <ratio>
              <unit>
                <customUnit>microequivalentPerLiter</customUnit>
              </unit>
              <numericDomain>
                <numberType>real</numberType>
              </numericDomain>
            </ratio>
          </measurementScale>
          <missingValueCode>
            <code>-1111</code>
            <codeExplanation>no data</codeExplanation>
          </missingValueCode>
          <missingValueCode>
            <code>-9999</code>
            <codeExplanation>below detection limit</codeExplanation>
          </missingValueCode>
        </attribute>
        <attribute id=" att0.13">
          <attributeName>Mg++ (ueq/L)</attributeName>
          <attributeLabel>Mg++ (ueq/L)</attributeLabel>
          <attributeDefinition>Magnesium ions</attributeDefinition>
          <measurementScale>
            <ratio>
              <unit>
                <customUnit>microequivalentPerLiter</customUnit>
              </unit>
              <numericDomain>
                <numberType>real</numberType>
              </numericDomain>
            </ratio>
          </measurementScale>
          <missingValueCode>
            <code>-1111</code>
            <codeExplanation>no data</codeExplanation>
          </missingValueCode>
          <missingValueCode>
            <code>-9999</code>
            <codeExplanation>below detection limit</codeExplanation>
          </missingValueCode>
        </attribute>
        <attribute id=" att0.14">
          <attributeName>TOTAL CATS (ueq/L)</attributeName>
          <attributeLabel>TOTAL CATS (ueq/L)</attributeLabel>
          <attributeDefinition>Total Cations</attributeDefinition>
          <measurementScale>
            <ratio>
              <unit>
                <customUnit>microequivalentPerLiter</customUnit>
              </unit>
              <numericDomain>
                <numberType>real</numberType>
              </numericDomain>
            </ratio>
          </measurementScale>
          <missingValueCode>
            <code>-1111</code>
            <codeExplanation>no data</codeExplanation>
          </missingValueCode>
          <missingValueCode>
            <code>-9999</code>
            <codeExplanation>below detection limit</codeExplanation>
          </missingValueCode>
        </attribute>
        <attribute id=" att0.15">
          <attributeName>Comments</attributeName>
          <attributeLabel>Comments</attributeLabel>
          <attributeDefinition>notes about the data</attributeDefinition>
          <measurementScale>
            <nominal>
              <nonNumericDomain>
                <textDomain>
                  <definition>notes about the data</definition>
                </textDomain>
              </nonNumericDomain>
            </nominal>
          </measurementScale>
        </attribute>
      </attributeList>
      <numberOfRecords>63</numberOfRecords>
    </dataTable>
    <otherEntity>
      <entityName>1989-2012_Kuparuk_Cations.xlsx</entityName>
      <entityDescription>An excel file that has worksheets with the metadata and data.</entityDescription>
      <physical scope="document">
        <objectName>1989-2012_Kuparuk_Cations.xlsx</objectName>
        <dataFormat>
          <externallyDefinedFormat>
            <formatName>Microsoft Excel</formatName>
          </externallyDefinedFormat>
        </dataFormat>
        <distribution scope="document">
          <online>
            <url>http://metacat.lternet.edu/das/dataAccessServlet?docid=knb-lter-arc.10307&amp;urlTail=streams/stream_chemistry/xlsfiles/1989-2012_Kuparuk_Cations.xlsx</url>
          </online>
        </distribution>
      </physical>
      <entityType>Microsoft Excel file</entityType>
    </otherEntity>
  </dataset>
  <additionalMetadata>
    <metadata>
      <unitList>
        <unit id="micromolePerLiter" multiplierToSI="0.000001" name="micromolePerLiter" parentSI="molarity" unitType="amountOfSubstanceConcentration">
          <description>&#181;M = &#181;moles per liter of solution</description>
        </unit>
        <unit id="microequivalentPerLiter" multiplierToSI="" name="microequivalentPerLiter" parentSI="molePerCubicMeter" unitType="amountOfSubstanceConcentration">
          <description>concentration of charge (on dissolved ions). A single multiplier to SI is not possible</description>
        </unit>
      </unitList>
    </metadata>
  </additionalMetadata>
</eml:eml>