<eml:eml xmlns:eml="eml://ecoinformatics.org/eml-2.1.1" xmlns:ns2="http://www.xml-cml.org/schema/stmml-1.1" xmlns:xsi="http://www.w3.org/2001/XMLSchema-instance" packageId="knb-lter-fce.1142.2" system="knb" xsi:schemaLocation="eml://ecoinformatics.org/eml-2.1.0 http://nis.lternet.edu/schemas/eml/eml-2.1.0/eml.xsd">
    <access authSystem="knb" order="allowFirst" scope="document">
      <allow>
        <principal>uid=FCE,o=lter,dc=ecoinformatics,dc=org</principal>
        <permission>read</permission>
      </allow>
      <allow>
        <principal>public</principal>
        <permission>read</permission>
      </allow>
    </access>
  <dataset id="PHY_Price_001">
    <alternateIdentifier>PHY_Price_001</alternateIdentifier>
    <title>Groundwater and surface water phosphorus concentrations, Everglades National Park (FCE), South Florida for June, July, August and November 2003</title>
    <creator>
      <individualName>
        <salutation>Dr</salutation>
        <givenName>Rene</givenName>
        <surName>Price</surName>
      </individualName>
      <organizationName>Florida Coastal Everglades LTER Program</organizationName>
      <positionName>Principal Investigator</positionName>
      <address>
        <deliveryPoint>11200 SW 8th St. SERC OE-148</deliveryPoint>
        <city>Miami</city>
        <administrativeArea>FL</administrativeArea>
        <postalCode>33199</postalCode>
        <country>USA</country>
      </address>
      <phone phonetype="voice">305-348-3119</phone>
      <phone phonetype="fax">305-348-3877</phone>
      <electronicMailAddress>pricer@fiu.edu</electronicMailAddress>
      <onlineUrl>www.fiu.edu/~pricer</onlineUrl>
    </creator>
    <metadataProvider>
      <organizationName>Florida Coastal Everglades LTER Program</organizationName>
      <address>
        <deliveryPoint>Florida International University</deliveryPoint>
        <deliveryPoint> University Park</deliveryPoint>
        <deliveryPoint> OE 148</deliveryPoint>
        <city>Miami</city>
        <administrativeArea>FL</administrativeArea>
        <postalCode>33199</postalCode>
        <country>USA</country>
      </address>
      <phone phonetype="voice">305-348-6054</phone>
      <electronicMailAddress>fcelter@fiu.edu  </electronicMailAddress>
      <onlineUrl>http://fcelter.fiu.edu  </onlineUrl>
    </metadataProvider>
    <associatedParty>
      <individualName>
        <givenName>Rene</givenName>
        <surName>Price</surName>
      </individualName>
      <organizationName>Florida International University</organizationName>
      <address>
        <deliveryPoint>11200 SW 8th St. SERC OE-148</deliveryPoint>
        <city>Miami</city>
        <administrativeArea>FL</administrativeArea>
        <postalCode>33199</postalCode>
        <country>USA</country>
      </address>
      <phone phonetype="voice">305-348-3119</phone>
      <phone phonetype="fax">305-348-3877</phone>
      <electronicMailAddress>pricer@fiu.edu</electronicMailAddress>
      <onlineUrl>www.fiu.edu/~pricer</onlineUrl>
      <role>PI</role>
    </associatedParty>
    <pubDate>2006-06-01</pubDate>
    <abstract>
      <para>Seawater intrusion into a coastal aquifer mixes with the discharging fresh water to form a zone of mixed composition.  This mixing zone is considered to be geochemical important in a carbonate aquifer as an area of enhanced carbonate mineral dissolution and,or precipitation.  Ion exchange reactions are also common within the mixing zone as the dominant cation in seawater, sodium, replaces other ions adsorbed to the aquifer matrix.  Phosphorus has a strong affinity for adsorption to calcium carbonate minerals.  Both the dissolution of calcium carbonate minerals as well as ion exchange reactions have the potential to release phosphorus from the aquifer matrix to the groundwater.  Discharge of this phosphorus-laden groundwater, as induced by the fresh/saline water interface, may then be an additional source of phosphorus to the overlying coastal environments.  Both surface water and groundwater were collected across the seawater intrusion zone of the coastal Everglades in south Florida during the summer of 2003. Hydrogen sulfide was released from the groundwater wells during sampling, indicating the groundwater was most likely anoxic.  In order to reduce the potential exposure of the groundwater to oxygen during sampling, groundwater samples were collected in the following manner.  Groundwater wells were first purged of at least three well volumes prior to sampling.  Water samples were then collected using a submersible pump with a 16-gauge needle fitted at the end of the discharge hose.  The needle was pushed through a rubber stopper covering an acid-washed vacutainer that was first flushed with nitrogen gas to remove and oxygen, then evacuated with a vacuum pump to establish a negative pressure within the vacutainer.  Water samples were stored on ice and transported to the laboratory.  Samples were processed for total phosphorus using colorimetery following dry-oxidation/acid hydroloysis methods within 1 to 5 days following sample collection.  Salinity of the groundwater and surface water was determined at the time of sampling using an Orion S-C-T meter.  Total phosphorus concentrations in 11 groundwater wells ranged from 0.5 to 2.3 uM (16 to 73.6 ug/L-P).  Concentrations of total phosphorus in the overlying surface water were consistently lower and ranged from 0.16 to 0.45 uM (5.1 to 14.4 ug/L-P).  There was a strong positive correlation between total phosphorus concentrations in the groundwater with salinity (R2=0.6).  The results of this investigation indicate enhanced phosphorus concentrations within mixing zone groundwaters underlying the southern Everglades.  These concentrations exceed the expected values predicted by conservative mixing of local fresh groundwater and intruding seawater, which both have TP less than 1 uM.</para>
    </abstract>
    <keywordSet>
      <keyword>FCE</keyword>
      <keyword>Florida Coastal Everglades LTER</keyword>
      <keyword>ecological research</keyword>
      <keyword>long-term monitoring</keyword>
      <keyword>water</keyword>
      <keyword>groundwater</keyword>
      <keyword>phosphorus</keyword>
      <keyword>salinity</keyword>
      <keyword>pH</keyword>
      <keyword>total phosphorus</keyword>
      <keyword>processes</keyword>
      <keyword>temperature</keyword>
      <keyword>specific conductivity</keyword>
      <keyword>surface water</keyword>
      <keyword>hydrology</keyword>
      <keyword>Shark River Slough</keyword>
      <keywordThesaurus>LTER Keyword Thesaurus</keywordThesaurus>
    </keywordSet>
    <intellectualRights>
      <para>These data are classified as 'Type I' whereby original FCE LTER experimental data collected by individual FCE researchers are available for scientific purposes 2 years after collection.  Maximum lock period = 2 years. All publications based on this dataset must cite the data Contributor, the Florida Coastal Everglades Long-Term Ecological Research (LTER) Program and that this material is based upon work supported by the National Science Foundation through the Florida Coastal Everglades Long-Term Ecological Research program under Cooperative Agreements #DBI-0620409, and #DEB-9910514. Additionally, two copies of the manuscript must be submitted to the Florida Coastal Everglades LTER Program Office, LTER Program Manager, Florida International University, Southeast Environmental Research Center, OE 148, University Park, Miami, Florida 33199.  For a complete description of the FCE LTER Data Distribution and Data User Agreement, please go to FCE Data Management Policy at http://fcelter.fiu.edu/data/DataMgmt.pdf and LTER Network Data Access Policy at http://fcelter.fiu.edu/data/core/data_user_agreement/distribution_policy.html.</para>
    </intellectualRights>
    <distribution>
      <online>
        <url>http://fcelter.fiu.edu/perl/public_data_download.pl?datasetid=PHY_Price_001.txt</url>
      </online>
    </distribution>
    <coverage>
      <geographicCoverage>
        <geographicDescription>Data were collected in the Shark River Slough, within Everglades National Park, South Florida</geographicDescription>
        <boundingCoordinates>
          <westBoundingCoordinate>-81.164</westBoundingCoordinate>
          <eastBoundingCoordinate>-80.648</eastBoundingCoordinate>
          <northBoundingCoordinate>25.761</northBoundingCoordinate>
          <southBoundingCoordinate>25.201</southBoundingCoordinate>
        </boundingCoordinates>
      </geographicCoverage>
      <geographicCoverage>
        <geographicDescription>Florida Coastal Everglades LTER Study Area: South Florida, Everglades National Park, and Florida Bay</geographicDescription>
        <boundingCoordinates>
          <westBoundingCoordinate>-81.078</westBoundingCoordinate>
          <eastBoundingCoordinate>-80.490</eastBoundingCoordinate>
          <northBoundingCoordinate>25.761</northBoundingCoordinate>
          <southBoundingCoordinate>24.913</southBoundingCoordinate>
        </boundingCoordinates>
      </geographicCoverage>
      <temporalCoverage>
        <rangeOfDates>
          <beginDate>
            <calendarDate>2003-06-20</calendarDate>
          </beginDate>
          <endDate>
            <calendarDate>2003-11-25</calendarDate>
          </endDate>
        </rangeOfDates>
      </temporalCoverage>
    </coverage>
    <maintenance>
      <description>
        <para>This is a short-term physical ground and surface water chemical/physical dataset. This dataset replaces all previous versions of PHY_Price_001 original. The FCE program is discontinuing its practice of versioning data as of March 2013.</para>
      </description>
      <changeHistory>
        <changeScope>Added new Data download URL and new FCE III Project information</changeScope>
        <oldValue>Added new Data download URL where user not required to register with the LNO DAS.</oldValue>
        <changeDate>2013-10-03</changeDate>
      </changeHistory>
    </maintenance>
    <contact>
      <individualName>
        <givenName>Rene</givenName>
        <surName>Price</surName>
      </individualName>
      <organizationName>Florida International University</organizationName>
      <positionName>11200 SW 8th St. SERC OE-148</positionName>
      <address>
        <deliveryPoint>Miami</deliveryPoint>
        <city>FL</city>
        <administrativeArea>33199</administrativeArea>
        <postalCode>USA</postalCode>
        <country>305-348-3119</country>
      </address>
      <phone phonetype="voice">305-348-3877</phone>
      <phone phonetype="fax">pricer@fiu.edu</phone>
      <electronicMailAddress>PI</electronicMailAddress>
      <onlineUrl>www.fiu.edu/~pricer</onlineUrl>
    </contact>
    <contact>
      <organizationName>Florida Coastal Everglades LTER Program</organizationName>
      <positionName>Information Manager</positionName>
      <address>
        <deliveryPoint>Florida International University</deliveryPoint>
        <deliveryPoint> University Park</deliveryPoint>
        <deliveryPoint> OE 148</deliveryPoint>
        <city>Miami</city>
        <administrativeArea>FL</administrativeArea>
        <postalCode>33199</postalCode>
        <country>USA</country>
      </address>
      <phone phonetype="voice">305-348-6054</phone>
      <phone phonetype="fax">305-348-4096</phone>
      <electronicMailAddress>fcelter@fiu.edu</electronicMailAddress>
      <onlineUrl>http://fcelter.fiu.edu</onlineUrl>
    </contact>
    <publisher>
      <organizationName>Florida Coastal Everglades LTER Program</organizationName>
      <address>
        <deliveryPoint>Florida International University</deliveryPoint>
        <deliveryPoint> University Park</deliveryPoint>
        <deliveryPoint> OE 148</deliveryPoint>
        <city>Miami</city>
        <administrativeArea>FL</administrativeArea>
        <postalCode>33199</postalCode>
        <country>USA</country>
      </address>
      <phone phonetype="voice">305-348-6054</phone>
      <electronicMailAddress>fcelter@fiu.edu  </electronicMailAddress>
      <onlineUrl>http://fcelter.fiu.edu  </onlineUrl>
    </publisher>
    <methods>
      <methodStep>
        <description>
          <para>Prior to sampling, all wells were purged of at least three well volumes.  Surface water was collected either adjacent to the groundwater wells or from the canals. To reduce the exposure of anoxic groundwater to oxygen during sampling, groundwater samples were collected directly into acid-washed, evacuated blood collection tubes that were first flushed with nitrogen gas.  Samples were processed for TP using colorimetery following dry-oxidation/acid hydrolysis methods (Solorzano &amp; Sharp, 1980) within 1 to 5 days of sample collection. The pH, specific conductance and/or salinity, and temperature were recorded at the time of sample collection using an Orion pH, and S/C/T meter, respectively.  </para>
        </description>
        <citation>
          <title>Determination of total dissolved phosphorus and particulate phosphorus in natural waters.</title>
          <creator>
            <individualName>
              <givenName>L.</givenName>
              <surName>Solarzano</surName>
            </individualName>
          </creator>
          <creator>
            <individualName>
              <givenName>J.</givenName>
              <givenName>H.</givenName>
              <surName>Sharp</surName>
            </individualName>
          </creator>
          <pubDate>1905-06-02</pubDate>
          <article>
            <journal>Limnology and Oceanography</journal>
            <volume>25</volume>
            <pageRange>754-758</pageRange>
          </article>
        </citation>
        <instrumentation>Shimadzu UV/Vis Scanning Spectrophotometer</instrumentation>
        <instrumentation>Orion model S/C/T meter</instrumentation>
      </methodStep>
      <sampling>
        <studyExtent>
          <description>
            <para>The Study Extent of this dataset includes the FCE Shark River Slough research sites within Everglades National Park, South Florida</para>
          </description>
        </studyExtent>
        <samplingDescription>
          <para>Prior to sampling, all wells were purged of at least three well volumes.  Surface water was collected either adjacent to the groundwater wells or from the canals. To reduce the exposure of anoxic groundwater to oxygen during sampling, groundwater samples were collected directly into acid-washed, evacuated blood collection tubes that were first flushed with nitrogen gas.  Samples were processed for TP using colorimetery following dry-oxidation/acid hydrolysis methods (Solorzano &amp; Sharp, 1980) within 1 to 5 days of sample collection. The pH, specific conductance and/or salinity, and temperature were recorded at the time of sample collection using an Orion pH, and S/C/T meter, respectively.</para>
        </samplingDescription>
        <spatialSamplingUnits>
          <coverage>
            <geographicDescription>CANEPATCH GW</geographicDescription>
            <boundingCoordinates>
              <westBoundingCoordinate>-80.94</westBoundingCoordinate>
              <eastBoundingCoordinate>-80.94</eastBoundingCoordinate>
              <northBoundingCoordinate>25.42</northBoundingCoordinate>
              <southBoundingCoordinate>25.42</southBoundingCoordinate>
            </boundingCoordinates>
          </coverage>
          <coverage>
            <geographicDescription>CANEPATCH SW</geographicDescription>
            <boundingCoordinates>
              <westBoundingCoordinate>-80.94</westBoundingCoordinate>
              <eastBoundingCoordinate>-80.94</eastBoundingCoordinate>
              <northBoundingCoordinate>25.42</northBoundingCoordinate>
              <southBoundingCoordinate>25.42</southBoundingCoordinate>
            </boundingCoordinates>
          </coverage>
          <coverage>
            <geographicDescription>CH1 GW</geographicDescription>
            <boundingCoordinates>
              <westBoundingCoordinate>-81.16</westBoundingCoordinate>
              <eastBoundingCoordinate>-81.16</eastBoundingCoordinate>
              <northBoundingCoordinate>25.73</northBoundingCoordinate>
              <southBoundingCoordinate>25.73</southBoundingCoordinate>
            </boundingCoordinates>
          </coverage>
          <coverage>
            <geographicDescription>CH1 SW</geographicDescription>
            <boundingCoordinates>
              <westBoundingCoordinate>-81.16</westBoundingCoordinate>
              <eastBoundingCoordinate>-81.16</eastBoundingCoordinate>
              <northBoundingCoordinate>25.73</northBoundingCoordinate>
              <southBoundingCoordinate>25.73</southBoundingCoordinate>
            </boundingCoordinates>
          </coverage>
          <coverage>
            <geographicDescription>E-130 DEEP</geographicDescription>
            <boundingCoordinates>
              <westBoundingCoordinate>-80.65</westBoundingCoordinate>
              <eastBoundingCoordinate>-80.65</eastBoundingCoordinate>
              <northBoundingCoordinate>25.33</northBoundingCoordinate>
              <southBoundingCoordinate>25.33</southBoundingCoordinate>
            </boundingCoordinates>
          </coverage>
          <coverage>
            <geographicDescription>E-130 SHALLOW</geographicDescription>
            <boundingCoordinates>
              <westBoundingCoordinate>-80.65</westBoundingCoordinate>
              <eastBoundingCoordinate>-80.65</eastBoundingCoordinate>
              <northBoundingCoordinate>25.33</northBoundingCoordinate>
              <southBoundingCoordinate>25.33</southBoundingCoordinate>
            </boundingCoordinates>
          </coverage>
          <coverage>
            <geographicDescription>E-130 SW</geographicDescription>
            <boundingCoordinates>
              <westBoundingCoordinate>-80.65</westBoundingCoordinate>
              <eastBoundingCoordinate>-80.65</eastBoundingCoordinate>
              <northBoundingCoordinate>25.33</northBoundingCoordinate>
              <southBoundingCoordinate>25.33</southBoundingCoordinate>
            </boundingCoordinates>
          </coverage>
          <coverage>
            <geographicDescription>E-146 DEEP</geographicDescription>
            <boundingCoordinates>
              <westBoundingCoordinate>-80.67</westBoundingCoordinate>
              <eastBoundingCoordinate>-80.67</eastBoundingCoordinate>
              <northBoundingCoordinate>25.25</northBoundingCoordinate>
              <southBoundingCoordinate>25.25</southBoundingCoordinate>
            </boundingCoordinates>
          </coverage>
          <coverage>
            <geographicDescription>E-146 SHALLOW</geographicDescription>
            <boundingCoordinates>
              <westBoundingCoordinate>-80.67</westBoundingCoordinate>
              <eastBoundingCoordinate>-80.67</eastBoundingCoordinate>
              <northBoundingCoordinate>25.25</northBoundingCoordinate>
              <southBoundingCoordinate>25.25</southBoundingCoordinate>
            </boundingCoordinates>
          </coverage>
          <coverage>
            <geographicDescription>E-146 SW</geographicDescription>
            <boundingCoordinates>
              <westBoundingCoordinate>-80.67</westBoundingCoordinate>
              <eastBoundingCoordinate>-80.67</eastBoundingCoordinate>
              <northBoundingCoordinate>25.25</northBoundingCoordinate>
              <southBoundingCoordinate>25.25</southBoundingCoordinate>
            </boundingCoordinates>
          </coverage>
          <coverage>
            <geographicDescription>E-146-27 GW</geographicDescription>
            <boundingCoordinates>
              <westBoundingCoordinate>-80.67</westBoundingCoordinate>
              <eastBoundingCoordinate>-80.67</eastBoundingCoordinate>
              <northBoundingCoordinate>25.25</northBoundingCoordinate>
              <southBoundingCoordinate>25.25</southBoundingCoordinate>
            </boundingCoordinates>
          </coverage>
          <coverage>
            <geographicDescription>G-3302A</geographicDescription>
            <boundingCoordinates>
              <westBoundingCoordinate>-80.70</westBoundingCoordinate>
              <eastBoundingCoordinate>-80.70</eastBoundingCoordinate>
              <northBoundingCoordinate>25.76</northBoundingCoordinate>
              <southBoundingCoordinate>25.76</southBoundingCoordinate>
            </boundingCoordinates>
          </coverage>
          <coverage>
            <geographicDescription>LO1 GW</geographicDescription>
            <boundingCoordinates>
              <westBoundingCoordinate>-81.03</westBoundingCoordinate>
              <eastBoundingCoordinate>-81.03</eastBoundingCoordinate>
              <northBoundingCoordinate>25.61</northBoundingCoordinate>
              <southBoundingCoordinate>25.61</southBoundingCoordinate>
            </boundingCoordinates>
          </coverage>
          <coverage>
            <geographicDescription>LO1 SW</geographicDescription>
            <boundingCoordinates>
              <westBoundingCoordinate>-81.03</westBoundingCoordinate>
              <eastBoundingCoordinate>-81.03</eastBoundingCoordinate>
              <northBoundingCoordinate>25.61</northBoundingCoordinate>
              <southBoundingCoordinate>25.61</southBoundingCoordinate>
            </boundingCoordinates>
          </coverage>
          <coverage>
            <geographicDescription>RB-1 GW</geographicDescription>
            <boundingCoordinates>
              <westBoundingCoordinate>-80.88</westBoundingCoordinate>
              <eastBoundingCoordinate>-80.88</eastBoundingCoordinate>
              <northBoundingCoordinate>25.46</northBoundingCoordinate>
              <southBoundingCoordinate>25.46</southBoundingCoordinate>
            </boundingCoordinates>
          </coverage>
          <coverage>
            <geographicDescription>RB-1 SW</geographicDescription>
            <boundingCoordinates>
              <westBoundingCoordinate>-80.88</westBoundingCoordinate>
              <eastBoundingCoordinate>-80.88</eastBoundingCoordinate>
              <northBoundingCoordinate>25.46</northBoundingCoordinate>
              <southBoundingCoordinate>25.46</southBoundingCoordinate>
            </boundingCoordinates>
          </coverage>
          <coverage>
            <geographicDescription>SH-1 GW</geographicDescription>
            <boundingCoordinates>
              <westBoundingCoordinate>-80.86</westBoundingCoordinate>
              <eastBoundingCoordinate>-80.86</eastBoundingCoordinate>
              <northBoundingCoordinate>25.49</northBoundingCoordinate>
              <southBoundingCoordinate>25.49</southBoundingCoordinate>
            </boundingCoordinates>
          </coverage>
          <coverage>
            <geographicDescription>SH-1 SW</geographicDescription>
            <boundingCoordinates>
              <westBoundingCoordinate>-80.86</westBoundingCoordinate>
              <eastBoundingCoordinate>-80.86</eastBoundingCoordinate>
              <northBoundingCoordinate>25.49</northBoundingCoordinate>
              <southBoundingCoordinate>25.49</southBoundingCoordinate>
            </boundingCoordinates>
          </coverage>
          <coverage>
            <geographicDescription>TARPON BAY GW</geographicDescription>
            <boundingCoordinates>
              <westBoundingCoordinate>-81.01</westBoundingCoordinate>
              <eastBoundingCoordinate>-81.01</eastBoundingCoordinate>
              <northBoundingCoordinate>25.39</northBoundingCoordinate>
              <southBoundingCoordinate>25.39</southBoundingCoordinate>
            </boundingCoordinates>
          </coverage>
          <coverage>
            <geographicDescription>TARPON BAY SW</geographicDescription>
            <boundingCoordinates>
              <westBoundingCoordinate>-81.01</westBoundingCoordinate>
              <eastBoundingCoordinate>-81.01</eastBoundingCoordinate>
              <northBoundingCoordinate>25.39</northBoundingCoordinate>
              <southBoundingCoordinate>25.39</southBoundingCoordinate>
            </boundingCoordinates>
          </coverage>
          <coverage>
            <geographicDescription>UPPER TAYLOR RIVER</geographicDescription>
            <boundingCoordinates>
              <westBoundingCoordinate>-80.65</westBoundingCoordinate>
              <eastBoundingCoordinate>-80.65</eastBoundingCoordinate>
              <northBoundingCoordinate>25.21</northBoundingCoordinate>
              <southBoundingCoordinate>25.21</southBoundingCoordinate>
            </boundingCoordinates>
          </coverage>
          <coverage>
            <geographicDescription>UTR DEEP GW</geographicDescription>
            <boundingCoordinates>
              <westBoundingCoordinate>-80.65</westBoundingCoordinate>
              <eastBoundingCoordinate>-80.65</eastBoundingCoordinate>
              <northBoundingCoordinate>25.21</northBoundingCoordinate>
              <southBoundingCoordinate>25.21</southBoundingCoordinate>
            </boundingCoordinates>
          </coverage>
          <coverage>
            <geographicDescription>UTR SHALLOW GW</geographicDescription>
            <boundingCoordinates>
              <westBoundingCoordinate>-80.65</westBoundingCoordinate>
              <eastBoundingCoordinate>-80.65</eastBoundingCoordinate>
              <northBoundingCoordinate>25.21</northBoundingCoordinate>
              <southBoundingCoordinate>25.21</southBoundingCoordinate>
            </boundingCoordinates>
          </coverage>
        </spatialSamplingUnits>
      </sampling>
      <qualityControl>
        <description>
          <para>Data QA/QC involves running a standard curve and checking for linearity, then running the samples in duplicate.</para>
        </description>
      </qualityControl>
    </methods>
    <project id="1">
      <title>Florida Coastal Everglades LTER: Coastal Oligotrophic Ecosystems Research-the Coastal Everglades</title>
        <personnel>
          <individualName>
            <givenName>Daniel</givenName>
            <surName>Childers</surName>
          </individualName>
          <organizationName>Florida Coastal Everglades LTER Program</organizationName>
          <address>
            <deliveryPoint>Department of Biological Sciences</deliveryPoint>
            <deliveryPoint>Florida International University</deliveryPoint>
            <deliveryPoint>University Park</deliveryPoint>
            <deliveryPoint>OE 167</deliveryPoint>
            <city>Miami</city>
            <administrativeArea>FL</administrativeArea>
            <postalCode>33199</postalCode>
            <country>USA</country>
          </address>
          <phone phonetype="voice">305-348-3101</phone>
          <phone phonetype="fax">305-348-1986</phone>
          <electronicMailAddress>childers@fiu.edu</electronicMailAddress>
          <role>Lead Principal Investigator</role>
        </personnel>
        <personnel>
          <individualName>
            <givenName>Joseph</givenName>
            <surName>Boyer</surName>
          </individualName>
          <organizationName>Florida Coastal Everglades LTER Program</organizationName>
          <address>
            <deliveryPoint>Southeast Environmental Research Center</deliveryPoint>
            <deliveryPoint>Florida International University</deliveryPoint>
            <deliveryPoint> University Park</deliveryPoint>
            <deliveryPoint> OE 148</deliveryPoint>
            <city>Miami</city>
            <administrativeArea>FL</administrativeArea>
            <postalCode>33199</postalCode>
            <country>USA</country>
          </address>
          <phone phonetype="voice">305-348-4076</phone>
          <phone phonetype="fax">305-348-4096</phone>
          <role>Principal Investigator</role>
        </personnel>
        <personnel>
          <individualName>
            <givenName>James</givenName>
            <surName>Fourqurean</surName>
          </individualName>
          <organizationName>Florida Coastal Everglades LTER Program</organizationName>
          <address>
            <deliveryPoint>Department of Biological Sciences</deliveryPoint>
            <deliveryPoint>Florida International University</deliveryPoint>
            <deliveryPoint>University Park</deliveryPoint>
            <deliveryPoint>OE 167</deliveryPoint>
            <city>Miami</city>
            <administrativeArea>FL</administrativeArea>
            <postalCode>33199</postalCode>
            <country>USA</country>
          </address>
          <phone phonetype="voice">305-348-4084</phone>
          <phone phonetype="fax">305-348-4096</phone>
          <role>Principal Investigator</role>
        </personnel>
        <personnel>
          <individualName>
            <givenName>Rudolf</givenName>
            <surName>Jaffe</surName>
          </individualName>
          <organizationName>Florida Coastal Everglades LTER Program</organizationName>
          <address>
            <deliveryPoint>Department of Chemistry</deliveryPoint>
            <deliveryPoint>Florida International University</deliveryPoint>
            <deliveryPoint>University Park</deliveryPoint>
            <deliveryPoint>CP 304</deliveryPoint>
            <city>Miami</city>
            <administrativeArea>FL</administrativeArea>
            <postalCode>33199</postalCode>
            <country>USA</country>
          </address>
          <phone phonetype="voice">305-348-2456</phone>
          <phone phonetype="fax">305-348-4096</phone>
          <role>Principal Investigator</role>
        </personnel>
        <personnel>
          <individualName>
            <givenName>Joel</givenName>
            <surName>Trexler</surName>
          </individualName>
          <organizationName>Florida Coastal Everglades LTER Program</organizationName>
          <address>
            <deliveryPoint>Department of Biological Sciences</deliveryPoint>
            <deliveryPoint>Florida International University</deliveryPoint>
            <deliveryPoint>University Park</deliveryPoint>
            <deliveryPoint>OE 167</deliveryPoint>
            <city>Miami</city>
            <administrativeArea>FL</administrativeArea>
            <postalCode>33199</postalCode>
            <country>USA</country>
          </address>
          <phone phonetype="voice">305-348-1966</phone>
          <phone phonetype="fax">305-348-1986</phone>
          <role>Principal Investigator</role>
        </personnel>
        <abstract>
          <para>We are investigating how variability in regional climate, freshwater inputs, disturbance, and perturbations affect the coastal Everglades ecosystem. Our long term research program focuses on testing the following central idea and hypotheses:  Regional processes mediated by water flow control population and ecosystem level dynamics at any location within the coastal Everglades landscape. This phenomenon is best exemplified in the dynamics of an estuarine oligohaline zone where fresh water draining phosphorus-limited Everglades marshes mixes with water from the more nitrogen-limited coastal ocean. Hypothesis 1: In nutrient-poor coastal systems, long-term changes in the quantity or quality of organic matter inputs will exert strong and direct controls on estuarine productivity, because inorganic nutrients are at such low levels. Hypothesis 2: Interannual and long-term changes in freshwater flow controls the magnitude of nutrients and organic matter inputs to the estuarine zone, while ecological processes in the freshwater marsh and coastal ocean control the quality and characteristics of those inputs. Hypothesis 3: Long-term changes in freshwater flow (primarily manifest through management and Everglades restoration) will interact with long-term changes in the climatic and disturbance (sea level rise, hurricanes, fires) regimes to modify ecological pattern and process across coastal landscapes.</para>
        </abstract>
        <funding>
          <para>National Science Foundation under Grant # 9910514</para>
        </funding>
        <studyAreaDescription>
        <coverage>
          <geographicCoverage>
            <geographicDescription>The FCE LTER Project Study area is located in South Florida, mostly in Everglades National Park. There are a total of 21 sampling sites located in two major regions: 1) Shark River Slough and 2) Taylor Slough/Panhandle.</geographicDescription>
            <boundingCoordinates>
              <westBoundingCoordinate>-81.078</westBoundingCoordinate>
              <eastBoundingCoordinate>-80.490</eastBoundingCoordinate>
              <northBoundingCoordinate>25.761</northBoundingCoordinate>
              <southBoundingCoordinate>24.913</southBoundingCoordinate>
            </boundingCoordinates>
          </geographicCoverage>
          <temporalCoverage>
            <rangeOfDates>
              <beginDate>
                <calendarDate>2000-05-01</calendarDate>
              </beginDate>
              <endDate>
                <calendarDate> 2006-04-30</calendarDate>
              </endDate>
            </rangeOfDates>
          </temporalCoverage>
        </coverage>
        </studyAreaDescription>
      <relatedProject id="26">
        <title>FCE LTER II:  Coastal Oligotrophic Ecosystems Research</title>
          <personnel>
            <individualName>
              <givenName>Evelyn </givenName>
              <surName>Gaiser</surName>
            </individualName>
            <organizationName>Florida Coastal Everglades LTER Program</organizationName>
            <address>
              <deliveryPoint>Florida International University</deliveryPoint>
              <deliveryPoint> University Park</deliveryPoint>
              <deliveryPoint> OE 148</deliveryPoint>
              <city>Miami</city>
              <administrativeArea>FL</administrativeArea>
              <postalCode>33199</postalCode>
              <country>USA</country>
            </address>
            <phone phonetype="voice">305-348-6145</phone>
            <phone phonetype="fax">305-348-4096</phone>
            <electronicMailAddress>gaisere@fiu.edu</electronicMailAddress>
            <role>Lead Principal Investigator</role>
          </personnel>
          <personnel>
            <individualName>
              <givenName>Mike</givenName>
              <surName>Heithaus</surName>
            </individualName>
            <organizationName>Florida Coastal Everglades LTER Program</organizationName>
            <address>
              <deliveryPoint>Department of Biological Sciences</deliveryPoint>
              <deliveryPoint>Marine Biology Program</deliveryPoint>
              <deliveryPoint>Florida International University</deliveryPoint>
              <deliveryPoint>Biscayne Bay Campus</deliveryPoint>
              <city>Miami</city>
              <administrativeArea>FL </administrativeArea>
              <postalCode>33181</postalCode>
              <country>USA</country>
            </address>
            <phone phonetype="voice">(305) 919-5234</phone>
            <phone phonetype="fax">(305) 919-4030</phone>
            <electronicMailAddress>heithaus@fiu.edu</electronicMailAddress>
            <role>Principal Investigator</role>
          </personnel>
          <personnel>
            <individualName>
              <givenName>Rudolf</givenName>
              <surName>Jaffe</surName>
            </individualName>
            <organizationName>Florida Coastal Everglades LTER Program</organizationName>
            <address>
              <deliveryPoint>Department of Chemistry</deliveryPoint>
              <deliveryPoint>Florida International University</deliveryPoint>
              <deliveryPoint>University Park</deliveryPoint>
              <deliveryPoint>CP 304</deliveryPoint>
              <city>Miami</city>
              <administrativeArea>FL</administrativeArea>
              <postalCode>33199</postalCode>
              <country>USA</country>
            </address>
            <phone phonetype="voice">305-348-2456</phone>
            <phone phonetype="fax">305-348-4096</phone>
            <electronicMailAddress>jaffer@fiu.edu </electronicMailAddress>
            <role>Principal Investigator</role>
          </personnel>
          <personnel>
            <individualName>
              <givenName>Rene</givenName>
              <surName>Price </surName>
            </individualName>
            <organizationName>Florida Coastal Everglades LTER Program</organizationName>
            <address>
              <deliveryPoint>Department of Earth Sciences</deliveryPoint>
              <deliveryPoint> Florida International University</deliveryPoint>
              <deliveryPoint> University Park</deliveryPoint>
              <deliveryPoint> PC 344</deliveryPoint>
              <deliveryPoint> 11200 SW 8th Street</deliveryPoint>
              <city>Miami</city>
              <administrativeArea>FL</administrativeArea>
              <postalCode>33199</postalCode>
              <country>USA</country>
            </address>
            <phone phonetype="voice">305-348-3119</phone>
            <phone phonetype="fax">305-348-3877</phone>
            <electronicMailAddress>pricer@fiu.edu</electronicMailAddress>
            <role>Principal Investigator</role>
          </personnel>
          <abstract>
            <para>Our FCE I research focused on understanding how dissolved organic matter from upstream oligotrophic marshes interacts with a marine source of phosphorus (P), the limiting nutrient, to control estuarine productivity where these two influences meet-in the oligohaline ecotone. This dynamic is affected by the interaction of local ecological processes and landscape-scale drivers (hydrologic, climatological, and human). During FCE I, our ideas about how these "upside-down" estuaries (Childers et al. 2006) function has evolved, and we have modified our central theme to reflect this new understanding. Our focus in FCE II will be even more strongly on the oligohaline ecotone region of our experimental transects. For FCE II, our overarching theme is:  In the coastal Everglades landscape, population and ecosystem-level dynamics are controlled by the relative importance of water source, water residence time, and local biotic processes. This phenomenon is best exemplified in the oligohaline ecotone, where these 3 factors interact most strongly and vary over many [temporal and spatial] scales.Hypothesis 1: Increasing inputs of fresh water will enhance oligotrophy in nutrient-poor coastal systems, as long as the inflowing water has low nutrient content; this dynamic will be most pronounced in the oligohaline ecotone.  Hypothesis 2: An increase in freshwater inflow will increase the physical transport of detrital organic matter to the oligohaline ecotone, which will enhance estuarine productivity. The quality of these allochthonous detrital inputs will be controlled by upstream ecological processes. Hypothesis 3: Water residence time, groundwater inputs, and tidal energy interact with climatic and disturbance regimes to modify ecological pattern and process in oligotrophic estuaries; this dynamic will be most pronounced in the oligohaline ecotone. Childers, D.L., J.N. Boyer, S.E. Davis, C.J. Madden, D.T. Rudnick, and F.H. Sklar, 2006. Relating precipitation and water management to nutrient concentration patterns in the oligotrophic "upside down" estuaries of the Florida Everglades. Limnology and Oceanography, 51(1): 602-616. </para>
          </abstract>
          <funding>
            <para>National Science Foundation under Grant # 9910514 and #0620409</para>
          </funding>
          <studyAreaDescription>
          <coverage>
            <geographicCoverage>
              <geographicDescription>The FCE LTER Project Study area is located in South Florida, mostly in Everglades National Park. There are a total of 20 sampling sites located in two major regions: 1) Shark River Slough and 2) Taylor Slough/Panhandle.</geographicDescription>
              <boundingCoordinates>
                <westBoundingCoordinate>-81.078</westBoundingCoordinate>
                <eastBoundingCoordinate>-80.490</eastBoundingCoordinate>
                <northBoundingCoordinate>25.761</northBoundingCoordinate>
                <southBoundingCoordinate>24.913</southBoundingCoordinate>
              </boundingCoordinates>
            </geographicCoverage>
            <temporalCoverage>
              <rangeOfDates>
                <beginDate>
                  <calendarDate>2006-12-01</calendarDate>
                </beginDate>
                <endDate>
                  <calendarDate>2012-12-01</calendarDate>
                </endDate>
              </rangeOfDates>
            </temporalCoverage>
          </coverage>
          </studyAreaDescription>
      </relatedProject>
        <relatedProject id="64">
          <title>FCE LTER III:  Coastal Oligotrophic Ecosystems Research</title>
            <personnel>
              <individualName>
                <givenName>Evelyn </givenName>
                <surName>Gaiser</surName>
              </individualName>
              <organizationName>Florida Coastal Everglades LTER Program</organizationName>
              <address>
                <deliveryPoint>Florida International University</deliveryPoint>
                <deliveryPoint> University Park</deliveryPoint>
                <deliveryPoint> OE 148</deliveryPoint>
                <city>Miami</city>
                <administrativeArea>FL</administrativeArea>
                <postalCode>33199</postalCode>
                <country>USA</country>
              </address>
              <phone phonetype="voice">305-348-6145</phone>
              <phone phonetype="fax">305-348-4096</phone>
              <electronicMailAddress>gaisere@fiu.edu</electronicMailAddress>
              <role>Lead Principal Investigator</role>
            </personnel>
            <personnel>
              <individualName>
                <givenName>Mike</givenName>
                <surName>Heithaus</surName>
              </individualName>
              <organizationName>Florida Coastal Everglades LTER Program</organizationName>
              <address>
                <deliveryPoint>Department of Biological Sciences</deliveryPoint>
                <deliveryPoint>Marine Biology Program</deliveryPoint>
                <deliveryPoint>Florida International University</deliveryPoint>
                <deliveryPoint>Biscayne Bay Campus</deliveryPoint>
                <city>Miami</city>
                <administrativeArea>FL </administrativeArea>
                <postalCode>33181</postalCode>
                <country>USA</country>
              </address>
              <phone phonetype="voice">(305) 919-5234</phone>
              <phone phonetype="fax">(305) 919-4030</phone>
              <electronicMailAddress>heithaus@fiu.edu</electronicMailAddress>
              <role>Principal Investigator</role>
            </personnel>
            <personnel>
              <individualName>
                <givenName>Rudolf</givenName>
                <surName>Jaffe</surName>
              </individualName>
              <organizationName>Florida Coastal Everglades LTER Program</organizationName>
              <address>
                <deliveryPoint>Department of Chemistry</deliveryPoint>
                <deliveryPoint>Florida International University</deliveryPoint>
                <deliveryPoint>University Park</deliveryPoint>
                <deliveryPoint>CP 304</deliveryPoint>
                <city>Miami</city>
                <administrativeArea>FL</administrativeArea>
                <postalCode>33199</postalCode>
                <country>USA</country>
              </address>
              <phone phonetype="voice">305-348-2456</phone>
              <phone phonetype="fax">305-348-4096</phone>
              <electronicMailAddress>jaffer@fiu.edu </electronicMailAddress>
              <role>Principal Investigator</role>
            </personnel>
            <personnel>
              <individualName>
                <givenName>Rene</givenName>
                <surName>Price </surName>
              </individualName>
              <organizationName>Florida Coastal Everglades LTER Program</organizationName>
              <address>
                <deliveryPoint>Department of Earth Sciences</deliveryPoint>
                <deliveryPoint> Florida International University</deliveryPoint>
                <deliveryPoint> University Park</deliveryPoint>
                <deliveryPoint> PC 344</deliveryPoint>
                <deliveryPoint> 11200 SW 8th Street</deliveryPoint>
                <city>Miami</city>
                <administrativeArea>FL</administrativeArea>
                <postalCode>33199</postalCode>
                <country>USA</country>
              </address>
              <phone phonetype="voice">305-348-3119</phone>
              <phone phonetype="fax">305-348-3877</phone>
              <electronicMailAddress>pricer@fiu.edu</electronicMailAddress>
              <role>Principal Investigator</role>
            </personnel>
            <personnel>
              <individualName>
                <givenName>Laura</givenName>
                <surName>Ogden</surName>
              </individualName>
              <organizationName>Florida Coastal Everglades LTER Program</organizationName>
              <address>
                <deliveryPoint>Department of Global &amp; Sociocultural Studies</deliveryPoint>
                <deliveryPoint> Florida International University</deliveryPoint>
                <deliveryPoint> University Park</deliveryPoint>
                <deliveryPoint> DM341C</deliveryPoint>
                <deliveryPoint> 11200 SW 8th Street</deliveryPoint>
                <city>Miami</city>
                <administrativeArea>FL</administrativeArea>
                <postalCode>33199</postalCode>
                <country>USA</country>
              </address>
              <phone phonetype="voice">305-348-6663</phone>
              <phone phonetype="fax">305-348-3605</phone>
              <electronicMailAddress>Laura.Ogden@fiu.edu</electronicMailAddress>
              <role>Principal Investigator</role>
            </personnel>
            <abstract>
              <para>Coastal ecosystems are being modified at unprecedented rates through interacting
pressures of global climate change and rapid human population growth, impacting natural coastal
resources and the services they provide. Located at the base of the shallow-sloping Florida peninsula, the Everglades wilderness and 6 million human residents are exceptionally exposed to both pressures. Further, freshwater drainage has accelerated saltwater intrusion over land and into the porous limestone aquifer, resulting in coastal ecosystem transgression and seasonal residential freshwater shortages. The unprecedented landscape-scale Everglades restoration process is expected to reverse some of these trends. However, it is not clear how uncertainties about climate change prognoses and their impacts (e.g., sea level rise (SLR), changes in storm activity or severity, and climate drivers of freshwater availability) may influence human activities (e.g., population growth, resource use, land-use change), and how their interaction will affect the restoration process that is already steeped in conflict. The Florida Coastal Everglades Long-Term Ecological Research (FCE LTER) program is dedicated to long-term coupled biophysical and cultural studies that expose and unravel complex feedbacks that generate distinctive patterns and processes in vulnerable coastal ecosystems. The overarching theme of FCE research is: In the coastal Everglades, climate change and resource management decisions interact to influence
freshwater availability, ecosystem dynamics, and the value and utilization of ecosystem services by people. Because they are highly sensitive to the balance of freshwater and marine influences,
coastal wetlands of the Florida Everglades provide an ideal system to examine how socio-ecological systems respond to and mitigate the effects of climate change and freshwater allocation decisions. The trans-disciplinary science conducted by the large FCE research team is revealing how estuary hydrodynamics and biogeochemistry may tilt on a fulcrum defined by the magnitude by which coastal pressures (SRL, storms) are mitigated by freshwater flows. We employ a socio-ecological framework to address how climate change interacts with political decisions to determine the sustainability of interconnected human-natural systems. In FCE I, we discovered how coastal nutrient supplies create an unusual &#226;&#128;&#156;upside-down&#226;&#128;&#157; productivity gradient in karstic estuaries. FCE II research used growing long-term datasets to reveal the sensitivity of this gradient to changes in hydrodynamics, nutrient availability, and salinity. In FCE III, we will use South Florida as an exemplary system for understanding how and why socio-ecological systems resist, adapt to, or mitigate the effects of climate change on ecosystem sustainability. We will examine how decisions about freshwater delivery to the Everglades influence -and are influenced by - the impact of SLR in this especially vulnerable landscape. Biophysical studies will focus on how this balance of fresh and marine sources influences biogeochemical cycling, primary production, organic matter dynamics, and trophic dynamics, to drive carbon gains and losses. We expand our spatio-temporal domain by employing powerful long-term datasets and experiments to determine legacies of past interactions, and to constrain models that will help guide a sustainable future for the FCE.
</para>
            </abstract>
            <funding>
              <para>National Science Foundation under Grant # 9910514, #0620409 and DEB-1237517</para>
            </funding>
            <studyAreaDescription>
            <coverage>
              <geographicCoverage>
                <geographicDescription>The FCE LTER Project Study area is located in South Florida, mostly in Everglades National Park. There are a total of 20 sampling sites located in two major regions: 1) Shark River Slough and 2) Taylor Slough/Panhandle.</geographicDescription>
                <boundingCoordinates>
                  <westBoundingCoordinate>-81.078</westBoundingCoordinate>
                  <eastBoundingCoordinate>-80.490</eastBoundingCoordinate>
                  <northBoundingCoordinate>25.761</northBoundingCoordinate>
                  <southBoundingCoordinate>24.913</southBoundingCoordinate>
                </boundingCoordinates>
              </geographicCoverage>
              <temporalCoverage>
                <rangeOfDates>
                  <beginDate>
                    <calendarDate>2012-12-01</calendarDate>
                  </beginDate>
                  <endDate>
                    <calendarDate>2018-12-01</calendarDate>
                  </endDate>
                </rangeOfDates>
              </temporalCoverage>
            </coverage>
            </studyAreaDescription>
        </relatedProject>
    </project>
    <dataTable>
      <entityName>PHY_Price_001</entityName>
      <entityDescription>Groundwater and surface water phosphorus concentrations, Everglades National Park (FCE), South Florida </entityDescription>
      <physical>
        <objectName>PHY_Price_001</objectName>
        <size unit="KB">4</size>
        <characterEncoding>ASCII</characterEncoding>
        <dataFormat>
          <textFormat>
            <numHeaderLines>1</numHeaderLines>
            <recordDelimiter>\n</recordDelimiter>
            <attributeOrientation>column</attributeOrientation>
            <simpleDelimited>
              <fieldDelimiter>,</fieldDelimiter>
            </simpleDelimited>
          </textFormat>
        </dataFormat>
        <distribution>
          <online>
            <url function="download">http://fcelter.fiu.edu/perl/public_data_download.pl?datasetid=PHY_Price_001.txt</url>
          </online>
          <access authSystem="knb" order="allowFirst" scope="document">
            <allow>
              <principal>uid=FCE,o=lter,dc=ecoinformatics,dc=org</principal>
              <permission>read</permission>
            </allow>
            <allow>
              <principal>public</principal>
              <permission>read</permission>
            </allow>
          </access>
        </distribution>
      </physical>
      <attributeList>
        <attribute id="att.1">
          <attributeName>SITENAME</attributeName>
          <attributeLabel>sitename</attributeLabel>
          <attributeDefinition>Name of LTER site</attributeDefinition>
          <storageType>text</storageType>
          <measurementScale>
            <ordinal>
              <nonNumericDomain>
                <textDomain>
                  <definition>Name of LTER site</definition>
                </textDomain>
              </nonNumericDomain>
            </ordinal>
          </measurementScale>
        </attribute>
        <attribute id="att.2">
          <attributeName>Date</attributeName>
          <attributeLabel>date</attributeLabel>
          <attributeDefinition>Collection date</attributeDefinition>
          <storageType>datetime</storageType>
          <measurementScale>
            <dateTime>
              <formatString>YYYY-MM-DD</formatString>
              <dateTimePrecision>1</dateTimePrecision>
              <dateTimeDomain>
                <bounds>
                  <minimum exclusive="false">2003-06-20</minimum>
                  <maximum exclusive="false">2003-11-25</maximum>
                </bounds>
              </dateTimeDomain>
            </dateTime>
          </measurementScale>
        </attribute>
        <attribute id="att.3">
          <attributeName>Water_Type</attributeName>
          <attributeLabel>type</attributeLabel>
          <attributeDefinition>Water Type</attributeDefinition>
          <storageType>text</storageType>
          <measurementScale>
            <nominal>
              <nonNumericDomain>
                <textDomain>
                  <definition>Water Type</definition>
                </textDomain>
              </nonNumericDomain>
            </nominal>
          </measurementScale>
        </attribute>
        <attribute id="att.4">
          <attributeName>Sampling_Depth</attributeName>
          <attributeLabel>depth</attributeLabel>
          <attributeDefinition>Sampling Depth</attributeDefinition>
          <storageType>data</storageType>
          <measurementScale>
            <interval>
              <unit>
                <standardUnit>meter</standardUnit>
              </unit>
                <precision>0.1</precision>
                <numericDomain>
                  <numberType>real</numberType>
                </numericDomain>
            </interval>
          </measurementScale>
          <missingValueCode>
            <code>-9999.0</code>
            <codeExplanation>Value will never be recorded </codeExplanation>
          </missingValueCode>
        </attribute>
        <attribute id="att.5">
          <attributeName>Temperature</attributeName>
          <attributeLabel>temperature</attributeLabel>
          <attributeDefinition>Water Temperature</attributeDefinition>
          <storageType>data</storageType>
          <measurementScale>
            <ratio>
              <unit>
                <standardUnit>celsius</standardUnit>
              </unit>
                <precision>0.1</precision>
                <numericDomain>
                  <numberType>real</numberType>
                </numericDomain>
            </ratio>
          </measurementScale>
          <missingValueCode>
            <code>-9999.0</code>
            <codeExplanation>Value will never be recorded </codeExplanation>
          </missingValueCode>
        </attribute>
        <attribute id="att.6">
          <attributeName>pH</attributeName>
          <attributeLabel>pH</attributeLabel>
          <attributeDefinition>Water pH</attributeDefinition>
          <storageType>data</storageType>
          <measurementScale>
            <ratio>
              <unit>
                <standardUnit>dimensionless</standardUnit>
              </unit>
                <precision>0.01</precision>
                <numericDomain>
                  <numberType>real</numberType>
                </numericDomain>
            </ratio>
          </measurementScale>
          <missingValueCode>
            <code>-9999.00</code>
            <codeExplanation>Value will never be recorded </codeExplanation>
          </missingValueCode>
        </attribute>
        <attribute id="att.7">
          <attributeName>Salinity</attributeName>
          <attributeLabel>salinity</attributeLabel>
          <attributeDefinition>Water Salinity</attributeDefinition>
          <storageType>data</storageType>
          <measurementScale>
            <ratio>
              <unit>
                <customUnit>PSU</customUnit>
              </unit>
                <precision>0.1</precision>
                <numericDomain>
                  <numberType>real</numberType>
                </numericDomain>
            </ratio>
          </measurementScale>
          <missingValueCode>
            <code>-9999.0</code>
            <codeExplanation>Value will never be recorded </codeExplanation>
          </missingValueCode>
        </attribute>
        <attribute id="att.8">
          <attributeName>TP</attributeName>
          <attributeLabel>total phosphorus</attributeLabel>
          <attributeDefinition>total phosphorus</attributeDefinition>
          <storageType>data</storageType>
          <measurementScale>
            <ratio>
              <unit>
                <customUnit>microMolesPerLiter</customUnit>
              </unit>
                <precision>0.01</precision>
                <numericDomain>
                  <numberType>real</numberType>
                </numericDomain>
            </ratio>
          </measurementScale>
          <missingValueCode>
            <code>-9999.00</code>
            <codeExplanation>Value will never be recorded </codeExplanation>
          </missingValueCode>
        </attribute>
      </attributeList>
      <numberOfRecords>23</numberOfRecords>
    </dataTable>
  </dataset>
<additionalMetadata>
  <metadata>
    <ns2:unitList xsi:schemaLocation="eml://ecoinformatics.org/eml-2.1.0 http://fcelter.fiu.edu/data/eml_schema/eml-2.1.0/stmml.xsd">
    
      <ns2:unit id="PSU" name="PSU" unitType="dimensionless">
        <ns2:description>practical salinity units</ns2:description>
      </ns2:unit>
      <ns2:unit id="microMolesPerLiter" multiplierToSI="0.000001" name="microMolesPerLiter" parentSI="molarity" unitType="amountOfSubstanceConcentration">
        <ns2:description>&#194;&#181;M = &#194;&#181;moles per liter of solution</ns2:description>
      </ns2:unit>
    </ns2:unitList>
  </metadata>
</additionalMetadata>
<additionalMetadata>
  <metadata>
    <additionalDataset>
      <researchType>Short-Term Physical</researchType>
      <DatasetDistributionTypeandRestrictions>Type I- No Restrictions</DatasetDistributionTypeandRestrictions>
      <addDistribution>
        <submissionDate>2006-01-02</submissionDate>
      </addDistribution>
      <datasetSubmissionNotes>
        <notes>Sampling depth refers to well depth, there was no attempt to determine the sampling depth of the surface water</notes>
      </datasetSubmissionNotes>
      <datasetInfoManagementNotes>
        <notes>This is a short-term physical ground and surface water chemical/physical dataset. This dataset replaces all previous versions of PHY_Price_001 original. The FCE program is discontinuing its practice of versioning data as of March 2013.</notes>
      </datasetInfoManagementNotes>
    </additionalDataset>
  </metadata>
</additionalMetadata>
</eml:eml>