<eml:eml xmlns:eml="eml://ecoinformatics.org/eml-2.1.1" xmlns:ns2="http://www.xml-cml.org/schema/stmml-1.1" xmlns:xsi="http://www.w3.org/2001/XMLSchema-instance" packageId="knb-lter-fce.1092.8" system="knb" xsi:schemaLocation="eml://ecoinformatics.org/eml-2.1.0 http://nis.lternet.edu/schemas/eml/eml-2.1.0/eml.xsd">
    <access authSystem="knb" order="allowFirst" scope="document">
      <allow>
        <principal>uid=FCE,o=lter,dc=ecoinformatics,dc=org</principal>
        <permission>read</permission>
      </allow>
      <allow>
        <principal>public</principal>
        <permission>read</permission>
      </allow>
    </access>
  <dataset id="PHY_Grahl_001">
    <alternateIdentifier>PHY_Grahl_001</alternateIdentifier>
    <title>Precipitation from the Shark River Slough, Everglades National Park (FCE), South Florida from November 2000 to Present</title>
    <creator>
      <individualName>
        <salutation>Dr.</salutation>
        <givenName>Rene</givenName>
        <surName>Price</surName>
      </individualName>
      <organizationName>Department of Earth and Environment</organizationName>
      <positionName>Principal Investigator</positionName>
      <address>
        <deliveryPoint>Florida International University</deliveryPoint>
        <deliveryPoint> Modesto Maidique Campus</deliveryPoint>
        <deliveryPoint> ECS 347</deliveryPoint>
        <city>Miami</city>
        <administrativeArea>FL</administrativeArea>
        <postalCode>33199</postalCode>
        <country>USA</country>
      </address>
      <phone phonetype="voice">305-348-3119</phone>
      <phone phonetype="fax">305-348-3877</phone>
      <electronicMailAddress>pricer@fiu.edu </electronicMailAddress>
      <onlineUrl>http://www2.fiu.edu/~pricer/</onlineUrl>
    </creator>
    <creator>
      <individualName>
        <salutation>Dr.</salutation>
        <givenName>Daniel</givenName>
        <surName>Childers</surName>
      </individualName>
      <organizationName>Global Institute of Sustainability| School of Sustainability</organizationName>
      <positionName>Associate Director for Research| Professor</positionName>
      <address>
        <deliveryPoint>Arizona State University</deliveryPoint>
        <deliveryPoint>PO Box 875402</deliveryPoint>
        <city>Tempe</city>
        <administrativeArea>AZ</administrativeArea>
        <postalCode>85287</postalCode>
        <country>USA</country>
      </address>
      <phone phonetype="voice">480-965-2320</phone>
      <phone phonetype="fax">480-965-8087</phone>
      <electronicMailAddress>dan.childers@asu.edu</electronicMailAddress>
    </creator>
    <metadataProvider>
      <organizationName>Florida Coastal Everglades LTER Program</organizationName>
      <address>
        <deliveryPoint>Florida International University</deliveryPoint>
        <deliveryPoint> University Park</deliveryPoint>
        <deliveryPoint> OE 148</deliveryPoint>
        <city>Miami</city>
        <administrativeArea>FL</administrativeArea>
        <postalCode>33199</postalCode>
        <country>USA</country>
      </address>
      <phone phonetype="voice">305-348-6054</phone>
      <electronicMailAddress>fcelter@fiu.edu  </electronicMailAddress>
      <onlineUrl>http://fcelter.fiu.edu  </onlineUrl>
    </metadataProvider>
    <associatedParty>
      <individualName>
        <givenName>Rafael</givenName>
        <surName>Travieso</surName>
      </individualName>
      <organizationName>Southeast Environmental Research Center</organizationName>
      <address>
        <deliveryPoint>Florida International University</deliveryPoint>
        <deliveryPoint> University Park</deliveryPoint>
        <deliveryPoint> OE 148</deliveryPoint>
        <city>Miami</city>
        <administrativeArea>FL</administrativeArea>
        <postalCode>33199</postalCode>
        <country>USA</country>
      </address>
      <phone phonetype="voice">305-348-7286</phone>
      <phone phonetype="fax">305-348-4096</phone>
      <electronicMailAddress>travieso@fiu.edu</electronicMailAddress>
      <onlineUrl>http://www.fiu.edu/~ecosyst/</onlineUrl>
      <role>Technical Staff</role>
    </associatedParty>
    <associatedParty>
      <individualName>
        <givenName>Rene</givenName>
        <surName>Price</surName>
      </individualName>
      <organizationName>Florida International University</organizationName>
      <address>
        <deliveryPoint>11200 SW 8th St. SERC OE-148</deliveryPoint>
        <city>Miami</city>
        <administrativeArea>FL</administrativeArea>
        <postalCode>33199</postalCode>
        <country>USA</country>
      </address>
      <phone phonetype="voice">305-348-3119</phone>
      <phone phonetype="fax">305-348-3877</phone>
      <electronicMailAddress>pricer@fiu.edu</electronicMailAddress>
      <onlineUrl>www.fiu.edu/~pricer</onlineUrl>
      <role>PI</role>
    </associatedParty>
    <associatedParty>
      <individualName>
        <givenName>Daniel</givenName>
        <surName>Childers</surName>
      </individualName>
      <organizationName>Global Institute of Sustainability| School of Sustainability</organizationName>
      <address>
        <deliveryPoint>Associate Director for Research</deliveryPoint>
        <deliveryPoint> Professor</deliveryPoint>
        <city>Arizona State University|PO Box 875402</city>
        <administrativeArea>Tempe</administrativeArea>
        <postalCode>AZ</postalCode>
        <country>85287</country>
      </address>
      <phone phonetype="voice">USA</phone>
      <phone phonetype="fax">480-965-2320</phone>
      <electronicMailAddress>480-965-8087</electronicMailAddress>
      <role>dan.childers@asu.edu</role>
    </associatedParty>
    <associatedParty>
      <individualName>
        <givenName>David</givenName>
        <surName>Iwaniec</surName>
      </individualName>
      <organizationName>Southeast Environmental Research Center</organizationName>
      <address>
        <deliveryPoint>Florida International University</deliveryPoint>
        <deliveryPoint> University Park</deliveryPoint>
        <deliveryPoint> OE 148</deliveryPoint>
        <city>Miami</city>
        <administrativeArea>FL</administrativeArea>
        <postalCode>33199</postalCode>
        <country>USA</country>
      </address>
      <phone phonetype="voice">305-348-1576</phone>
      <phone phonetype="fax">305-348-4096</phone>
      <electronicMailAddress>iwaniecd@fiu.edu</electronicMailAddress>
      <onlineUrl>http://www.fiu.edu/~ecosyst/</onlineUrl>
      <role>Masters Student</role>
    </associatedParty>
    <associatedParty>
      <individualName>
        <givenName>Damon</givenName>
        <surName>Rondeau </surName>
      </individualName>
      <organizationName>Southeast Environmental Research Center</organizationName>
      <address>
        <deliveryPoint>Florida International University</deliveryPoint>
        <deliveryPoint> University Park</deliveryPoint>
        <deliveryPoint> OE 148</deliveryPoint>
        <city>Miami</city>
        <administrativeArea>FL</administrativeArea>
        <postalCode>33199</postalCode>
        <country>USA</country>
      </address>
      <phone phonetype="voice">305-348-1576</phone>
      <phone phonetype="fax">305-348-4096</phone>
      <electronicMailAddress>rondeaud@fiu.edu</electronicMailAddress>
      <onlineUrl>http://www.fiu.edu/~ecosyst/</onlineUrl>
      <role>Technical Staff</role>
    </associatedParty>
    <associatedParty>
      <individualName>
        <givenName>Gustavo</givenName>
        <surName>Rubio</surName>
      </individualName>
      <organizationName>Southeast Environmental Research Center</organizationName>
      <address>
        <deliveryPoint>Florida International University</deliveryPoint>
        <deliveryPoint> University Park</deliveryPoint>
        <deliveryPoint> OE 148</deliveryPoint>
        <city>Miami</city>
        <administrativeArea>FL</administrativeArea>
        <postalCode>33199</postalCode>
        <country>USA</country>
      </address>
      <phone phonetype="voice">305-348-1576</phone>
      <phone phonetype="fax">305-348-4096</phone>
      <electronicMailAddress>rubiog@fiu.edu</electronicMailAddress>
      <onlineUrl>http://www.fiu.edu/~ecosyst/</onlineUrl>
      <role>Masters Student</role>
    </associatedParty>
    <associatedParty>
      <individualName>
        <givenName>Greg</givenName>
        <surName>Losada</surName>
      </individualName>
      <organizationName>Southeast Environmental Research Center</organizationName>
      <address>
        <deliveryPoint>Florida International University</deliveryPoint>
        <deliveryPoint> University Park</deliveryPoint>
        <deliveryPoint> OE 148</deliveryPoint>
        <city>Miami</city>
        <administrativeArea>FL</administrativeArea>
        <postalCode>33199</postalCode>
        <country>USA</country>
      </address>
      <phone phonetype="voice">305-348-1576</phone>
      <phone phonetype="fax">305-348-4096</phone>
      <electronicMailAddress>glosa001@fiu.edu</electronicMailAddress>
      <onlineUrl>http://www.fiu.edu/~ecosyst/</onlineUrl>
      <role>Technical Staff</role>
    </associatedParty>
    <associatedParty>
      <individualName>
        <givenName>Emilie</givenName>
        <surName>Verdon</surName>
      </individualName>
      <organizationName>Southeast Environmental Research Center</organizationName>
      <address>
        <deliveryPoint>Florida International University</deliveryPoint>
        <deliveryPoint> University Park</deliveryPoint>
        <deliveryPoint> OE 148</deliveryPoint>
        <city>Miami</city>
        <administrativeArea>FL</administrativeArea>
        <postalCode>33199</postalCode>
        <country>USA</country>
      </address>
      <phone phonetype="voice">305-348-1576</phone>
      <phone phonetype="fax">305-348-4096</phone>
      <electronicMailAddress>everd002@fiu.edu</electronicMailAddress>
      <onlineUrl>http://www.fiu.edu/~ecosyst/</onlineUrl>
      <role>Masters Student</role>
    </associatedParty>
    <associatedParty>
      <individualName>
        <givenName>Tim</givenName>
        <surName>Grahl</surName>
      </individualName>
      <organizationName>Southeast Environmental Research Center</organizationName>
      <address>
        <deliveryPoint>Florida International University</deliveryPoint>
        <deliveryPoint> University Park</deliveryPoint>
        <deliveryPoint> OE 148</deliveryPoint>
        <city>Miami</city>
        <administrativeArea>FL</administrativeArea>
        <postalCode>33199</postalCode>
        <country>USA</country>
      </address>
      <phone phonetype="voice">305-348-1576</phone>
      <phone phonetype="fax">305-348-4096</phone>
      <electronicMailAddress>grahlt@fiu.edu</electronicMailAddress>
      <onlineUrl>http://www.fiu.edu/~ecosyst/</onlineUrl>
      <role>Technical Staff</role>
    </associatedParty>
    <pubDate>2014-11-14</pubDate>
    <abstract>
      <para>Rain level is recorded at least every thirty minutes at SRS1a, 2, &amp; 3 (data since 2000).  Rain level data are collected using ISCO rain level gages attached to ISCO autosamplers, which also act as dataloggers.  We condense these data into daily cumulative rainfall, although hourly rain level data are also available.</para>
    </abstract>
    <keywordSet>
      <keyword>FCE</keyword>
      <keyword>Florida Coastal Everglades LTER</keyword>
      <keyword>ecological research</keyword>
      <keyword>long-term monitoring</keyword>
      <keyword>Shark River Slough</keyword>
      <keyword>Everglades National Park</keyword>
      <keyword>precipitation</keyword>
      <keyword>rain</keyword>
      <keyword>meteorology</keyword>
      <keyword>ecosystems</keyword>
      <keyword>estuarine</keyword>
      <keyword>freshwater</keyword>
      <keywordThesaurus>LTER Keyword Thesaurus</keywordThesaurus>
    </keywordSet>
    <intellectualRights>
      <para>These data are classified as 'Type I' whereby original FCE LTER experimental data collected by individual FCE researchers are available for scientific purposes 2 years after collection.  Maximum lock period = 2 years. All publications based on this dataset must cite the data Contributor, the Florida Coastal Everglades Long-Term Ecological Research (LTER) Program and that this material is based upon work supported by the National Science Foundation through the Florida Coastal Everglades Long-Term Ecological Research program under Cooperative Agreements #DBI-0620409, and #DEB-9910514. Additionally, two copies of the manuscript must be submitted to the Florida Coastal Everglades LTER Program Office, LTER Program Manager, Florida International University, Southeast Environmental Research Center, OE 148, University Park, Miami, Florida 33199.  For a complete description of the FCE LTER Data Distribution and Data User Agreement, please go to FCE Data Management Policy at http://fcelter.fiu.edu/data/DataMgmt.pdf and LTER Network Data Access Policy at http://fcelter.fiu.edu/data/core/data_user_agreement/distribution_policy.html.</para>
    </intellectualRights>
    <distribution>
      <online>
        <url>http://fcelter.fiu.edu/perl/public_data_download.pl?datasetid=PHY_Grahl_001.txt</url>
      </online>
    </distribution>
    <coverage>
      <geographicCoverage>
        <geographicDescription>Data were collected in the Shark River Slough, within Everglades National Park, South Florida</geographicDescription>
        <boundingCoordinates>
          <westBoundingCoordinate>-80.853</westBoundingCoordinate>
          <eastBoundingCoordinate>-80.727</eastBoundingCoordinate>
          <northBoundingCoordinate>25.761</northBoundingCoordinate>
          <southBoundingCoordinate>25.468</southBoundingCoordinate>
        </boundingCoordinates>
      </geographicCoverage>
      <geographicCoverage>
        <geographicDescription>Florida Coastal Everglades LTER Study Area: South Florida, Everglades National Park, and Florida Bay</geographicDescription>
        <boundingCoordinates>
          <westBoundingCoordinate>-81.078</westBoundingCoordinate>
          <eastBoundingCoordinate>-80.490</eastBoundingCoordinate>
          <northBoundingCoordinate>25.761</northBoundingCoordinate>
          <southBoundingCoordinate>24.913</southBoundingCoordinate>
        </boundingCoordinates>
      </geographicCoverage>
      <temporalCoverage>
        <rangeOfDates>
          <beginDate>
            <calendarDate>2000-11-15</calendarDate>
          </beginDate>
          <endDate>
            <calendarDate>2014-09-30</calendarDate>
          </endDate>
        </rangeOfDates>
      </temporalCoverage>
    </coverage>
    <maintenance>
      <description>
        <para>This is a long-term precipitation dataset and subsequent data will be appended. This dataset replaces all previous versions of PHY_Grahl_001 original and  (v1-v8). The FCE program is discontinuing its practice of versioning data as of March 2013.</para>
      </description>
      <changeHistory>
        <changeScope>Updated Metadata Data Originator</changeScope>
        <oldValue>Updated Metadata Data Originator</oldValue>
        <changeDate>2015-02-09</changeDate>
      </changeHistory>
    </maintenance>
    <contact>
      <individualName>
        <givenName>Rafael</givenName>
        <surName>Travieso</surName>
      </individualName>
      <organizationName>Southeast Environmental Research Center</organizationName>
      <positionName>South Florida Wetland Ecosystems Lab Field Technican</positionName>
      <address>
        <deliveryPoint>Florida International University</deliveryPoint>
        <deliveryPoint> University Park</deliveryPoint>
        <deliveryPoint> OE 148</deliveryPoint>
        <city>Miami</city>
        <administrativeArea>FL</administrativeArea>
        <postalCode>33199</postalCode>
        <country>USA</country>
      </address>
      <phone phonetype="voice">305-348-7286</phone>
      <phone phonetype="fax">305-348-4096</phone>
      <electronicMailAddress>travieso@fiu.edu</electronicMailAddress>
      <onlineUrl>http://www.fiu.edu/~ecosyst/</onlineUrl>
    </contact>
    <contact>
      <organizationName>Florida Coastal Everglades LTER Program</organizationName>
      <positionName>Information Manager</positionName>
      <address>
        <deliveryPoint>Florida International University</deliveryPoint>
        <deliveryPoint> University Park</deliveryPoint>
        <deliveryPoint> OE 148</deliveryPoint>
        <city>Miami</city>
        <administrativeArea>FL</administrativeArea>
        <postalCode>33199</postalCode>
        <country>USA</country>
      </address>
      <phone phonetype="voice">305-348-6054</phone>
      <phone phonetype="fax">305-348-4096</phone>
      <electronicMailAddress>fcelter@fiu.edu</electronicMailAddress>
      <onlineUrl>http://fcelter.fiu.edu</onlineUrl>
    </contact>
    <publisher>
      <organizationName>Florida Coastal Everglades LTER Program</organizationName>
      <address>
        <deliveryPoint>Florida International University</deliveryPoint>
        <deliveryPoint> University Park</deliveryPoint>
        <deliveryPoint> OE 148</deliveryPoint>
        <city>Miami</city>
        <administrativeArea>FL</administrativeArea>
        <postalCode>33199</postalCode>
        <country>USA</country>
      </address>
      <phone phonetype="voice">305-348-6054</phone>
      <electronicMailAddress>fcelter@fiu.edu  </electronicMailAddress>
      <onlineUrl>http://fcelter.fiu.edu  </onlineUrl>
    </publisher>
    <methods>
      <methodStep>
        <description>
          <para>Rain level recorders are connected to ISCO autosamplers.The accuracy of the rain level recorders are 0.01 in. The autosampler queries the rain level recorder at least every 30 minutes for rain data. The rain level data is downloaded from the ISCO autosampler using a Dell 3800 laptop. The software used to download the information is ISCO Flowlink 3.23. To get one rain level reading per day, all the rain data is downloaded into Micosoft Excel, and the readings for a day are summed. Rain data is then transformed from inches to centimeters by multiplying the numbers by 2.54.</para>
        </description>
        <instrumentation>ISCO autosamplers</instrumentation>
        <instrumentation> Hydrological Services Tipping Bucket Raingauge (TB5)</instrumentation>
        <instrumentation> AMJ Tipping Bucket Rain Gauge (RG-2000)</instrumentation>
        <instrumentation> Dell 3800 notebook</instrumentation>
      </methodStep>
      <sampling>
        <studyExtent>
          <description>
            <para>The Study Extent of this dataset includes the FCE Shark River Slough research sites within Everglades National Park, South Florida</para>
          </description>
        </studyExtent>
        <samplingDescription>
          <para>Rain level recorders are connected to ISCO autosamplers.The accuracy of the rain level recorders are 0.01 in. The autosampler queries the rain level recorder at least every 30 minutes for rain data. The rain level data is downloaded from the ISCO autosampler using a Dell 3800 laptop. The software used to download the information is ISCO Flowlink 3.23. To get one rain level reading per day, all the rain data is downloaded into Micosoft Excel, and the readings for a day are summed. Rain data is then transformed from inches to centimeters by multiplying the numbers by 2.54.</para>
        </samplingDescription>
        <spatialSamplingUnits>
          <coverage>
            <geographicDescription>FCE LTER Site SRS1a</geographicDescription>
            <boundingCoordinates>
              <westBoundingCoordinate>-80.727</westBoundingCoordinate>
              <eastBoundingCoordinate>-80.727</eastBoundingCoordinate>
              <northBoundingCoordinate>25.761</northBoundingCoordinate>
              <southBoundingCoordinate>25.761</southBoundingCoordinate>
            </boundingCoordinates>
          </coverage>
          <coverage>
            <geographicDescription>FCE LTER Site SRS2</geographicDescription>
            <boundingCoordinates>
              <westBoundingCoordinate>-80.785</westBoundingCoordinate>
              <eastBoundingCoordinate>-80.785</eastBoundingCoordinate>
              <northBoundingCoordinate>25.550</northBoundingCoordinate>
              <southBoundingCoordinate>25.550</southBoundingCoordinate>
            </boundingCoordinates>
          </coverage>
          <coverage>
            <geographicDescription>FCE LTER Site SRS3</geographicDescription>
            <boundingCoordinates>
              <westBoundingCoordinate>-80.853</westBoundingCoordinate>
              <eastBoundingCoordinate>-80.853</eastBoundingCoordinate>
              <northBoundingCoordinate>25.468</northBoundingCoordinate>
              <southBoundingCoordinate>25.468</southBoundingCoordinate>
            </boundingCoordinates>
          </coverage>
          <coverage>
            <geographicDescription>FCE LTER Site SRS1c</geographicDescription>
            <boundingCoordinates>
              <westBoundingCoordinate>-80.574</westBoundingCoordinate>
              <eastBoundingCoordinate>-80.574</eastBoundingCoordinate>
              <northBoundingCoordinate>25.755</northBoundingCoordinate>
              <southBoundingCoordinate>25.755</southBoundingCoordinate>
            </boundingCoordinates>
          </coverage>
          <coverage>
            <geographicDescription>FCE LTER Site SRS1d</geographicDescription>
            <boundingCoordinates>
              <westBoundingCoordinate>-80.654</westBoundingCoordinate>
              <eastBoundingCoordinate>-80.654</eastBoundingCoordinate>
              <northBoundingCoordinate>25.746</northBoundingCoordinate>
              <southBoundingCoordinate>25.746</southBoundingCoordinate>
            </boundingCoordinates>
          </coverage>
        </spatialSamplingUnits>
      </sampling>
      <qualityControl>
        <description>
          <para>Data that is downloaded from ISCO is checked for errors (Code from "Flowlink" is 255) and for proper data intervals (every 30 minutes) using Microsoft Excel. Formula used to sum daily rain is as follows: [=IF({hour column}=0,SUM({48 rows of rain values}),"")]</para>
        </description>
      </qualityControl>
    </methods>
    <project id="1">
      <title>Florida Coastal Everglades LTER: Coastal Oligotrophic Ecosystems Research-the Coastal Everglades</title>
        <personnel>
          <individualName>
            <givenName>Daniel</givenName>
            <surName>Childers</surName>
          </individualName>
          <organizationName>Florida Coastal Everglades LTER Program</organizationName>
          <address>
            <deliveryPoint>Department of Biological Sciences</deliveryPoint>
            <deliveryPoint>Florida International University</deliveryPoint>
            <deliveryPoint>University Park</deliveryPoint>
            <deliveryPoint>OE 167</deliveryPoint>
            <city>Miami</city>
            <administrativeArea>FL</administrativeArea>
            <postalCode>33199</postalCode>
            <country>USA</country>
          </address>
          <phone phonetype="voice">305-348-3101</phone>
          <phone phonetype="fax">305-348-1986</phone>
          <electronicMailAddress>childers@fiu.edu</electronicMailAddress>
          <role>Lead Principal Investigator</role>
        </personnel>
        <personnel>
          <individualName>
            <givenName>Joseph</givenName>
            <surName>Boyer</surName>
          </individualName>
          <organizationName>Florida Coastal Everglades LTER Program</organizationName>
          <address>
            <deliveryPoint>Southeast Environmental Research Center</deliveryPoint>
            <deliveryPoint>Florida International University</deliveryPoint>
            <deliveryPoint> University Park</deliveryPoint>
            <deliveryPoint> OE 148</deliveryPoint>
            <city>Miami</city>
            <administrativeArea>FL</administrativeArea>
            <postalCode>33199</postalCode>
            <country>USA</country>
          </address>
          <phone phonetype="voice">305-348-4076</phone>
          <phone phonetype="fax">305-348-4096</phone>
          <role>Principal Investigator</role>
        </personnel>
        <personnel>
          <individualName>
            <givenName>James</givenName>
            <surName>Fourqurean</surName>
          </individualName>
          <organizationName>Florida Coastal Everglades LTER Program</organizationName>
          <address>
            <deliveryPoint>Department of Biological Sciences</deliveryPoint>
            <deliveryPoint>Florida International University</deliveryPoint>
            <deliveryPoint>University Park</deliveryPoint>
            <deliveryPoint>OE 167</deliveryPoint>
            <city>Miami</city>
            <administrativeArea>FL</administrativeArea>
            <postalCode>33199</postalCode>
            <country>USA</country>
          </address>
          <phone phonetype="voice">305-348-4084</phone>
          <phone phonetype="fax">305-348-4096</phone>
          <role>Principal Investigator</role>
        </personnel>
        <personnel>
          <individualName>
            <givenName>Rudolf</givenName>
            <surName>Jaffe</surName>
          </individualName>
          <organizationName>Florida Coastal Everglades LTER Program</organizationName>
          <address>
            <deliveryPoint>Department of Chemistry</deliveryPoint>
            <deliveryPoint>Florida International University</deliveryPoint>
            <deliveryPoint>University Park</deliveryPoint>
            <deliveryPoint>CP 304</deliveryPoint>
            <city>Miami</city>
            <administrativeArea>FL</administrativeArea>
            <postalCode>33199</postalCode>
            <country>USA</country>
          </address>
          <phone phonetype="voice">305-348-2456</phone>
          <phone phonetype="fax">305-348-4096</phone>
          <role>Principal Investigator</role>
        </personnel>
        <personnel>
          <individualName>
            <givenName>Joel</givenName>
            <surName>Trexler</surName>
          </individualName>
          <organizationName>Florida Coastal Everglades LTER Program</organizationName>
          <address>
            <deliveryPoint>Department of Biological Sciences</deliveryPoint>
            <deliveryPoint>Florida International University</deliveryPoint>
            <deliveryPoint>University Park</deliveryPoint>
            <deliveryPoint>OE 167</deliveryPoint>
            <city>Miami</city>
            <administrativeArea>FL</administrativeArea>
            <postalCode>33199</postalCode>
            <country>USA</country>
          </address>
          <phone phonetype="voice">305-348-1966</phone>
          <phone phonetype="fax">305-348-1986</phone>
          <role>Principal Investigator</role>
        </personnel>
        <abstract>
          <para>We are investigating how variability in regional climate, freshwater inputs, disturbance, and perturbations affect the coastal Everglades ecosystem. Our long term research program focuses on testing the following central idea and hypotheses:  Regional processes mediated by water flow control population and ecosystem level dynamics at any location within the coastal Everglades landscape. This phenomenon is best exemplified in the dynamics of an estuarine oligohaline zone where fresh water draining phosphorus-limited Everglades marshes mixes with water from the more nitrogen-limited coastal ocean. Hypothesis 1: In nutrient-poor coastal systems, long-term changes in the quantity or quality of organic matter inputs will exert strong and direct controls on estuarine productivity, because inorganic nutrients are at such low levels. Hypothesis 2: Interannual and long-term changes in freshwater flow controls the magnitude of nutrients and organic matter inputs to the estuarine zone, while ecological processes in the freshwater marsh and coastal ocean control the quality and characteristics of those inputs. Hypothesis 3: Long-term changes in freshwater flow (primarily manifest through management and Everglades restoration) will interact with long-term changes in the climatic and disturbance (sea level rise, hurricanes, fires) regimes to modify ecological pattern and process across coastal landscapes.</para>
        </abstract>
        <funding>
          <para>National Science Foundation under Grant # 9910514</para>
        </funding>
        <studyAreaDescription>
        <coverage>
          <geographicCoverage>
            <geographicDescription>The FCE LTER Project Study area is located in South Florida, mostly in Everglades National Park. There are a total of 21 sampling sites located in two major regions: 1) Shark River Slough and 2) Taylor Slough/Panhandle.</geographicDescription>
            <boundingCoordinates>
              <westBoundingCoordinate>-81.078</westBoundingCoordinate>
              <eastBoundingCoordinate>-80.490</eastBoundingCoordinate>
              <northBoundingCoordinate>25.761</northBoundingCoordinate>
              <southBoundingCoordinate>24.913</southBoundingCoordinate>
            </boundingCoordinates>
          </geographicCoverage>
          <temporalCoverage>
            <rangeOfDates>
              <beginDate>
                <calendarDate>2000-05-01</calendarDate>
              </beginDate>
              <endDate>
                <calendarDate> 2006-04-30</calendarDate>
              </endDate>
            </rangeOfDates>
          </temporalCoverage>
        </coverage>
        </studyAreaDescription>
      <relatedProject id="26">
        <title>FCE LTER II:  Coastal Oligotrophic Ecosystems Research</title>
          <personnel>
            <individualName>
              <givenName>Evelyn </givenName>
              <surName>Gaiser</surName>
            </individualName>
            <organizationName>Florida Coastal Everglades LTER Program</organizationName>
            <address>
              <deliveryPoint>Florida International University</deliveryPoint>
              <deliveryPoint> University Park</deliveryPoint>
              <deliveryPoint> OE 148</deliveryPoint>
              <city>Miami</city>
              <administrativeArea>FL</administrativeArea>
              <postalCode>33199</postalCode>
              <country>USA</country>
            </address>
            <phone phonetype="voice">305-348-6145</phone>
            <phone phonetype="fax">305-348-4096</phone>
            <electronicMailAddress>gaisere@fiu.edu</electronicMailAddress>
            <role>Lead Principal Investigator</role>
          </personnel>
          <personnel>
            <individualName>
              <givenName>Mike</givenName>
              <surName>Heithaus</surName>
            </individualName>
            <organizationName>Florida Coastal Everglades LTER Program</organizationName>
            <address>
              <deliveryPoint>Department of Biological Sciences</deliveryPoint>
              <deliveryPoint>Marine Biology Program</deliveryPoint>
              <deliveryPoint>Florida International University</deliveryPoint>
              <deliveryPoint>Biscayne Bay Campus</deliveryPoint>
              <city>Miami</city>
              <administrativeArea>FL </administrativeArea>
              <postalCode>33181</postalCode>
              <country>USA</country>
            </address>
            <phone phonetype="voice">(305) 919-5234</phone>
            <phone phonetype="fax">(305) 919-4030</phone>
            <electronicMailAddress>heithaus@fiu.edu</electronicMailAddress>
            <role>Principal Investigator</role>
          </personnel>
          <personnel>
            <individualName>
              <givenName>Rudolf</givenName>
              <surName>Jaffe</surName>
            </individualName>
            <organizationName>Florida Coastal Everglades LTER Program</organizationName>
            <address>
              <deliveryPoint>Department of Chemistry</deliveryPoint>
              <deliveryPoint>Florida International University</deliveryPoint>
              <deliveryPoint>University Park</deliveryPoint>
              <deliveryPoint>CP 304</deliveryPoint>
              <city>Miami</city>
              <administrativeArea>FL</administrativeArea>
              <postalCode>33199</postalCode>
              <country>USA</country>
            </address>
            <phone phonetype="voice">305-348-2456</phone>
            <phone phonetype="fax">305-348-4096</phone>
            <electronicMailAddress>jaffer@fiu.edu </electronicMailAddress>
            <role>Principal Investigator</role>
          </personnel>
          <personnel>
            <individualName>
              <givenName>Rene</givenName>
              <surName>Price </surName>
            </individualName>
            <organizationName>Florida Coastal Everglades LTER Program</organizationName>
            <address>
              <deliveryPoint>Department of Earth Sciences</deliveryPoint>
              <deliveryPoint> Florida International University</deliveryPoint>
              <deliveryPoint> University Park</deliveryPoint>
              <deliveryPoint> PC 344</deliveryPoint>
              <deliveryPoint> 11200 SW 8th Street</deliveryPoint>
              <city>Miami</city>
              <administrativeArea>FL</administrativeArea>
              <postalCode>33199</postalCode>
              <country>USA</country>
            </address>
            <phone phonetype="voice">305-348-3119</phone>
            <phone phonetype="fax">305-348-3877</phone>
            <electronicMailAddress>pricer@fiu.edu</electronicMailAddress>
            <role>Principal Investigator</role>
          </personnel>
          <abstract>
            <para>Our FCE I research focused on understanding how dissolved organic matter from upstream oligotrophic marshes interacts with a marine source of phosphorus (P), the limiting nutrient, to control estuarine productivity where these two influences meet-in the oligohaline ecotone. This dynamic is affected by the interaction of local ecological processes and landscape-scale drivers (hydrologic, climatological, and human). During FCE I, our ideas about how these "upside-down" estuaries (Childers et al. 2006) function has evolved, and we have modified our central theme to reflect this new understanding. Our focus in FCE II will be even more strongly on the oligohaline ecotone region of our experimental transects. For FCE II, our overarching theme is:  In the coastal Everglades landscape, population and ecosystem-level dynamics are controlled by the relative importance of water source, water residence time, and local biotic processes. This phenomenon is best exemplified in the oligohaline ecotone, where these 3 factors interact most strongly and vary over many [temporal and spatial] scales.Hypothesis 1: Increasing inputs of fresh water will enhance oligotrophy in nutrient-poor coastal systems, as long as the inflowing water has low nutrient content; this dynamic will be most pronounced in the oligohaline ecotone.  Hypothesis 2: An increase in freshwater inflow will increase the physical transport of detrital organic matter to the oligohaline ecotone, which will enhance estuarine productivity. The quality of these allochthonous detrital inputs will be controlled by upstream ecological processes. Hypothesis 3: Water residence time, groundwater inputs, and tidal energy interact with climatic and disturbance regimes to modify ecological pattern and process in oligotrophic estuaries; this dynamic will be most pronounced in the oligohaline ecotone. Childers, D.L., J.N. Boyer, S.E. Davis, C.J. Madden, D.T. Rudnick, and F.H. Sklar, 2006. Relating precipitation and water management to nutrient concentration patterns in the oligotrophic "upside down" estuaries of the Florida Everglades. Limnology and Oceanography, 51(1): 602-616. </para>
          </abstract>
          <funding>
            <para>National Science Foundation under Grant # 9910514 and #0620409</para>
          </funding>
          <studyAreaDescription>
          <coverage>
            <geographicCoverage>
              <geographicDescription>The FCE LTER Project Study area is located in South Florida, mostly in Everglades National Park. There are a total of 20 sampling sites located in two major regions: 1) Shark River Slough and 2) Taylor Slough/Panhandle.</geographicDescription>
              <boundingCoordinates>
                <westBoundingCoordinate>-81.078</westBoundingCoordinate>
                <eastBoundingCoordinate>-80.490</eastBoundingCoordinate>
                <northBoundingCoordinate>25.761</northBoundingCoordinate>
                <southBoundingCoordinate>24.913</southBoundingCoordinate>
              </boundingCoordinates>
            </geographicCoverage>
            <temporalCoverage>
              <rangeOfDates>
                <beginDate>
                  <calendarDate>2006-12-01</calendarDate>
                </beginDate>
                <endDate>
                  <calendarDate>2012-12-01</calendarDate>
                </endDate>
              </rangeOfDates>
            </temporalCoverage>
          </coverage>
          </studyAreaDescription>
      </relatedProject>
        <relatedProject id="64">
          <title>FCE LTER III:  Coastal Oligotrophic Ecosystems Research</title>
            <personnel>
              <individualName>
                <givenName>Evelyn </givenName>
                <surName>Gaiser</surName>
              </individualName>
              <organizationName>Florida Coastal Everglades LTER Program</organizationName>
              <address>
                <deliveryPoint>Florida International University</deliveryPoint>
                <deliveryPoint> University Park</deliveryPoint>
                <deliveryPoint> OE 148</deliveryPoint>
                <city>Miami</city>
                <administrativeArea>FL</administrativeArea>
                <postalCode>33199</postalCode>
                <country>USA</country>
              </address>
              <phone phonetype="voice">305-348-6145</phone>
              <phone phonetype="fax">305-348-4096</phone>
              <electronicMailAddress>gaisere@fiu.edu</electronicMailAddress>
              <role>Lead Principal Investigator</role>
            </personnel>
            <personnel>
              <individualName>
                <givenName>Mike</givenName>
                <surName>Heithaus</surName>
              </individualName>
              <organizationName>Florida Coastal Everglades LTER Program</organizationName>
              <address>
                <deliveryPoint>Department of Biological Sciences</deliveryPoint>
                <deliveryPoint>Marine Biology Program</deliveryPoint>
                <deliveryPoint>Florida International University</deliveryPoint>
                <deliveryPoint>Biscayne Bay Campus</deliveryPoint>
                <city>Miami</city>
                <administrativeArea>FL </administrativeArea>
                <postalCode>33181</postalCode>
                <country>USA</country>
              </address>
              <phone phonetype="voice">(305) 919-5234</phone>
              <phone phonetype="fax">(305) 919-4030</phone>
              <electronicMailAddress>heithaus@fiu.edu</electronicMailAddress>
              <role>Principal Investigator</role>
            </personnel>
            <personnel>
              <individualName>
                <givenName>Rudolf</givenName>
                <surName>Jaffe</surName>
              </individualName>
              <organizationName>Florida Coastal Everglades LTER Program</organizationName>
              <address>
                <deliveryPoint>Department of Chemistry</deliveryPoint>
                <deliveryPoint>Florida International University</deliveryPoint>
                <deliveryPoint>University Park</deliveryPoint>
                <deliveryPoint>CP 304</deliveryPoint>
                <city>Miami</city>
                <administrativeArea>FL</administrativeArea>
                <postalCode>33199</postalCode>
                <country>USA</country>
              </address>
              <phone phonetype="voice">305-348-2456</phone>
              <phone phonetype="fax">305-348-4096</phone>
              <electronicMailAddress>jaffer@fiu.edu </electronicMailAddress>
              <role>Principal Investigator</role>
            </personnel>
            <personnel>
              <individualName>
                <givenName>Rene</givenName>
                <surName>Price </surName>
              </individualName>
              <organizationName>Florida Coastal Everglades LTER Program</organizationName>
              <address>
                <deliveryPoint>Department of Earth Sciences</deliveryPoint>
                <deliveryPoint> Florida International University</deliveryPoint>
                <deliveryPoint> University Park</deliveryPoint>
                <deliveryPoint> PC 344</deliveryPoint>
                <deliveryPoint> 11200 SW 8th Street</deliveryPoint>
                <city>Miami</city>
                <administrativeArea>FL</administrativeArea>
                <postalCode>33199</postalCode>
                <country>USA</country>
              </address>
              <phone phonetype="voice">305-348-3119</phone>
              <phone phonetype="fax">305-348-3877</phone>
              <electronicMailAddress>pricer@fiu.edu</electronicMailAddress>
              <role>Principal Investigator</role>
            </personnel>
            <personnel>
              <individualName>
                <givenName>Laura</givenName>
                <surName>Ogden</surName>
              </individualName>
              <organizationName>Florida Coastal Everglades LTER Program</organizationName>
              <address>
                <deliveryPoint>Department of Global &amp; Sociocultural Studies</deliveryPoint>
                <deliveryPoint> Florida International University</deliveryPoint>
                <deliveryPoint> University Park</deliveryPoint>
                <deliveryPoint> DM341C</deliveryPoint>
                <deliveryPoint> 11200 SW 8th Street</deliveryPoint>
                <city>Miami</city>
                <administrativeArea>FL</administrativeArea>
                <postalCode>33199</postalCode>
                <country>USA</country>
              </address>
              <phone phonetype="voice">305-348-6663</phone>
              <phone phonetype="fax">305-348-3605</phone>
              <electronicMailAddress>Laura.Ogden@fiu.edu</electronicMailAddress>
              <role>Principal Investigator</role>
            </personnel>
            <abstract>
              <para>Coastal ecosystems are being modified at unprecedented rates through interacting
pressures of global climate change and rapid human population growth, impacting natural coastal
resources and the services they provide. Located at the base of the shallow-sloping Florida peninsula, the Everglades wilderness and 6 million human residents are exceptionally exposed to both pressures. Further, freshwater drainage has accelerated saltwater intrusion over land and into the porous limestone aquifer, resulting in coastal ecosystem transgression and seasonal residential freshwater shortages. The unprecedented landscape-scale Everglades restoration process is expected to reverse some of these trends. However, it is not clear how uncertainties about climate change prognoses and their impacts (e.g., sea level rise (SLR), changes in storm activity or severity, and climate drivers of freshwater availability) may influence human activities (e.g., population growth, resource use, land-use change), and how their interaction will affect the restoration process that is already steeped in conflict. The Florida Coastal Everglades Long-Term Ecological Research (FCE LTER) program is dedicated to long-term coupled biophysical and cultural studies that expose and unravel complex feedbacks that generate distinctive patterns and processes in vulnerable coastal ecosystems. The overarching theme of FCE research is: In the coastal Everglades, climate change and resource management decisions interact to influence
freshwater availability, ecosystem dynamics, and the value and utilization of ecosystem services by people. Because they are highly sensitive to the balance of freshwater and marine influences,
coastal wetlands of the Florida Everglades provide an ideal system to examine how socio-ecological systems respond to and mitigate the effects of climate change and freshwater allocation decisions. The trans-disciplinary science conducted by the large FCE research team is revealing how estuary hydrodynamics and biogeochemistry may tilt on a fulcrum defined by the magnitude by which coastal pressures (SRL, storms) are mitigated by freshwater flows. We employ a socio-ecological framework to address how climate change interacts with political decisions to determine the sustainability of interconnected human-natural systems. In FCE I, we discovered how coastal nutrient supplies create an unusual &#8220;upside-down&#8221; productivity gradient in karstic estuaries. FCE II research used growing long-term datasets to reveal the sensitivity of this gradient to changes in hydrodynamics, nutrient availability, and salinity. In FCE III, we will use South Florida as an exemplary system for understanding how and why socio-ecological systems resist, adapt to, or mitigate the effects of climate change on ecosystem sustainability. We will examine how decisions about freshwater delivery to the Everglades influence -and are influenced by - the impact of SLR in this especially vulnerable landscape. Biophysical studies will focus on how this balance of fresh and marine sources influences biogeochemical cycling, primary production, organic matter dynamics, and trophic dynamics, to drive carbon gains and losses. We expand our spatio-temporal domain by employing powerful long-term datasets and experiments to determine legacies of past interactions, and to constrain models that will help guide a sustainable future for the FCE.
</para>
            </abstract>
            <funding>
              <para>National Science Foundation under Grant # 9910514, #0620409 and DEB-1237517</para>
            </funding>
            <studyAreaDescription>
            <coverage>
              <geographicCoverage>
                <geographicDescription>The FCE LTER Project Study area is located in South Florida, mostly in Everglades National Park. There are a total of 20 sampling sites located in two major regions: 1) Shark River Slough and 2) Taylor Slough/Panhandle.</geographicDescription>
                <boundingCoordinates>
                  <westBoundingCoordinate>-81.078</westBoundingCoordinate>
                  <eastBoundingCoordinate>-80.490</eastBoundingCoordinate>
                  <northBoundingCoordinate>25.761</northBoundingCoordinate>
                  <southBoundingCoordinate>24.913</southBoundingCoordinate>
                </boundingCoordinates>
              </geographicCoverage>
              <temporalCoverage>
                <rangeOfDates>
                  <beginDate>
                    <calendarDate>2012-12-01</calendarDate>
                  </beginDate>
                  <endDate>
                    <calendarDate>2018-12-01</calendarDate>
                  </endDate>
                </rangeOfDates>
              </temporalCoverage>
            </coverage>
            </studyAreaDescription>
        </relatedProject>
          <relatedProject id="12">
            <title>FCE LTER (Dan Childers) Water Quality, Productivity, Soil nutrients/physical characteristics, and physical data </title>
              <personnel>
                <individualName>
                  <givenName>Daniel</givenName>
                  <surName>Childers</surName>
                </individualName>
                <organizationName>Florida Coastal Everglades LTER Program</organizationName>
                <address>
                  <deliveryPoint>Department of Biological Sciences</deliveryPoint>
                  <deliveryPoint>Florida International University</deliveryPoint>
                  <deliveryPoint>University Park</deliveryPoint>
                  <deliveryPoint>OE 167</deliveryPoint>
                  <city>Miami</city>
                  <administrativeArea>FL</administrativeArea>
                  <postalCode>33199</postalCode>
                  <country>USA</country>
                </address>
                <phone phonetype="voice">305-348-3101</phone>
                <phone phonetype="fax">305-348-1986</phone>
                <electronicMailAddress>childers@fiu.edu</electronicMailAddress>
                <role>Lead Principal Investigator</role>
              </personnel>
              <abstract>
                <para>For SRS1(a,b,c), SRS2, and SRS3 collections of samples for Water Quality, Productivity, Soil nutrients/physical characteristics, and physical data (rainfall/water level) are used to help answer key FCE-LTER questions.For SRS4, SRS5, and SRS6 collections of samples for Water Quality and physical data (water level) are used to help answer key FCE-LTER questions.</para>
              </abstract>
              <funding>
                <para>National Science Foundation under Grant # 9910514</para>
              </funding>
              <studyAreaDescription>
              <coverage>
                <geographicCoverage>
                  <geographicDescription>Dan Childer's FCE LTER sub project study area is located in Shark River Slough, South Florida, in Everglades National Park. </geographicDescription>
                  <boundingCoordinates>
                    <westBoundingCoordinate>-81.078</westBoundingCoordinate>
                    <eastBoundingCoordinate>-80.574</eastBoundingCoordinate>
                    <northBoundingCoordinate>25.761</northBoundingCoordinate>
                    <southBoundingCoordinate>25.365</southBoundingCoordinate>
                  </boundingCoordinates>
                </geographicCoverage>
                <temporalCoverage>
                  <rangeOfDates>
                    <beginDate>
                      <calendarDate>2000-05-01</calendarDate>
                    </beginDate>
                    <endDate>
                      <calendarDate> 2006-04-30</calendarDate>
                    </endDate>
                  </rangeOfDates>
                </temporalCoverage>
              </coverage>
              </studyAreaDescription>
          </relatedProject>
    </project>
    <dataTable>
      <entityName>PHY_Grahl_001</entityName>
      <entityDescription>Precipitation from the Shark River Slough, Everglades National Park, South Florida</entityDescription>
      <physical>
        <objectName>PHY_Grahl_001</objectName>
        <size unit="KB">325</size>
        <characterEncoding>ASCII</characterEncoding>
        <dataFormat>
          <textFormat>
            <numHeaderLines>1</numHeaderLines>
            <recordDelimiter>\r\n</recordDelimiter>
            <attributeOrientation>column</attributeOrientation>
            <simpleDelimited>
              <fieldDelimiter>,</fieldDelimiter>
            </simpleDelimited>
          </textFormat>
        </dataFormat>
        <distribution>
          <online>
            <url function="download">http://fcelter.fiu.edu/perl/public_data_download.pl?datasetid=PHY_Grahl_001.txt</url>
          </online>
          <access authSystem="knb" order="allowFirst" scope="document">
            <allow>
              <principal>uid=FCE,o=lter,dc=ecoinformatics,dc=org</principal>
              <permission>read</permission>
            </allow>
            <allow>
              <principal>public</principal>
              <permission>read</permission>
            </allow>
          </access>
        </distribution>
      </physical>
      <attributeList>
        <attribute id="att.1">
          <attributeName>SITENAME</attributeName>
          <attributeLabel>sitename</attributeLabel>
          <attributeDefinition>Name of LTER site</attributeDefinition>
          <storageType>text</storageType>
          <measurementScale>
            <ordinal>
              <nonNumericDomain>
                <textDomain>
                  <definition>Name of LTER site</definition>
                </textDomain>
              </nonNumericDomain>
            </ordinal>
          </measurementScale>
        </attribute>
        <attribute id="att.2">
          <attributeName>Date</attributeName>
          <attributeLabel>date</attributeLabel>
          <attributeDefinition>Collection date</attributeDefinition>
          <storageType>datetime</storageType>
          <measurementScale>
            <dateTime>
              <formatString>YYYY-MM-DD</formatString>
              <dateTimePrecision>1</dateTimePrecision>
              <dateTimeDomain>
                <bounds>
                  <minimum exclusive="false">2000-11-15</minimum>
                  <maximum exclusive="false">2014-09-30</maximum>
                </bounds>
              </dateTimeDomain>
            </dateTime>
          </measurementScale>
        </attribute>
        <attribute id="att.3">
          <attributeName>Precipitation</attributeName>
          <attributeLabel>precipitation</attributeLabel>
          <attributeDefinition>precipitation</attributeDefinition>
          <storageType>data</storageType>
          <measurementScale>
            <ratio>
              <unit>
                <customUnit>centimetersPerDay</customUnit>
              </unit>
                <precision>0.01</precision>
                <numericDomain>
                  <numberType>real</numberType>
                </numericDomain>
            </ratio>
          </measurementScale>
          <missingValueCode>
            <code>-9999.00</code>
            <codeExplanation>Value will never be recorded </codeExplanation>
          </missingValueCode>
        </attribute>
      </attributeList>
      <numberOfRecords>14565</numberOfRecords>
    </dataTable>
  </dataset>
<additionalMetadata>
  <metadata>
    <ns2:unitList xsi:schemaLocation="eml://ecoinformatics.org/eml-2.1.0 http://fcelter.fiu.edu/data/eml_schema/eml-2.1.0/stmml.xsd">
    
      <ns2:unit id="centimetersPerDay" multiplierToSI="0.000000115" name="centimetersPerDay" parentSI="metersPerSecond" unitType="speed">
        <ns2:description>centimeters per second </ns2:description>
      </ns2:unit>
    </ns2:unitList>
  </metadata>
</additionalMetadata>
<additionalMetadata>
  <metadata>
    <additionalDataset>
      <researchType>Long-term Physical</researchType>
      <DatasetDistributionTypeandRestrictions>Type I- Funded by NSF LTER program</DatasetDistributionTypeandRestrictions>
      <addDistribution>
        <submissionDate>2014-11-14</submissionDate>
      </addDistribution>
      <LTERsites>
        <sitename>SRS1a, SRS1c, SRS1d, SRS2, SRS3</sitename>
      </LTERsites>
      <projectHypotheses>
        <para>Our long term research program focuses on the following central objective:  Regional processes mediated by water flow control population and ecosystem level dynamics at any location within the coastal Everglades landscape. This phenomenon is best exemplified in the dynamics of an estuarine oligohaline zone where fresh water draining phosphorus-limited Everglades marshes mixes with water from the more nitrogen-limited coastal ocean.</para>
      </projectHypotheses>
      <projectPermits>
        <permit>EVER-2013-SCI-0058</permit>
      </projectPermits>
      <datasetAnomolies>
        <anomolies>At SRS1a for the listed dates, 5% or more of the sample intervals were missing at the moment to calculate daily sums: 13-Feb-01, 31-Jul-01, 01-Aug-01, 28-Feb-02, 19-Dec-02, 21-Jan-03, 03-Dec-03, and 04-Jan-05. At SRS1c for the listed dates, 5% or more of the sample intervals were missing at the moment to calculate daily sums: 16-Mar-05, 23-May-05, 10-Nov-05, and 05-Jan-06. At SRS1d for the listed dates, 5% or more of the sample intervals were missing at the moment to calculate daily sums: 09-Jul-08. At SRS2 for the listed dates, 5% or more of the sample intervals were missing at the moment to calculate daily sums: 10-Feb-02, 11-Feb-02, 11-May-02, 12-May-02, 06-Jun-02, 24-Sep-02, 25-Sep-02, 18-Oct-02, 02-May-03, 03-May-03, 04-May-03, 05-May-03, 15-May-03, 09-Dec-03, 09-Feb-06, 09-Jul-08 and 13-Sep-11. At SRS3 for the listed dates, 5% or more of the sample intervals were missing at the moment to calculate daily sums: 10-Feb-02, 07-May-02, 12-Jul-02, 21-Aug-02, 18-Oct-02, 01-Sep-06, 04-Oct-07, 08-Oct-07, 10-Jan-08, 24-Jun-08 and 08-Jul-08. At SRS1a data gaps occurred on the following dates: 22-Jan-01 to 12-Feb-01.; At SRS1c data gaps occurred on the following dates: 17-Mar-05 to 22-May-05. At SRS2 data gaps occurred on the following dates: 13-May-02 to 05-Jun-02, 06-May-03 to 14-May-03 and  14-Jan-10 to 10-Mar-10. SRS3 data gaps occurred on the following dates: 11-Feb-02 to 07-Mar-02, 08-May-02 to 11-Jul-02, 05-Oct-07 to 07-Oct-07, 11-Jan-08 to 23-Jun-08, 09-Jul-08, 07-Jul-10 to 09-Aug-10 and 25-Oct-11 to 07-Nov-11.</anomolies>
      </datasetAnomolies>
      <datasetSubmissionNotes>
        <notes>SRS 2 precipitation data from 01-Apr-2014 through 30-Sep-2014 was collected by a rain level gauge located 350 meters NE (Latitude: 25.5519, longitude: -80.7826) from SRS 2.</notes>
      </datasetSubmissionNotes>
      <datasetInfoManagementNotes>
        <notes>This is a long-term precipitation dataset and subsequent data will be appended. This dataset replaces all previous versions of PHY_Grahl_001 original and  (v1-v8). The FCE program is discontinuing its practice of versioning data as of March 2013.</notes>
      </datasetInfoManagementNotes>
    </additionalDataset>
  </metadata>
</additionalMetadata>
</eml:eml>